nohup: ignoring input
2026-08-19 01:24:25,325 | INFO | crypto_bot | Bot started | pair=ROBO-USDT | mode=monitor | equity=1000.00
2026-08-19 01:24:25,918 | INFO | crypto_bot.exchange_api | startup_self_check passed: {'time_drift': 'time_ok (drift=0.056s)', 'instrument_tradable': 'instrument_ok (inst_id=ROBO-USDT, state=live)', 'instrument_whitelist': 'whitelist_ok (inst_id=ROBO-USDT)', 'api_credentials': 'credentials_ok (account balance fetched, code=0)'}
2026-08-19 01:24:25,919 | INFO | crypto_bot | OKX startup self-check passed: {'time_drift': 'time_ok (drift=0.056s)', 'instrument_tradable': 'instrument_ok (inst_id=ROBO-USDT, state=live)', 'instrument_whitelist': 'whitelist_ok (inst_id=ROBO-USDT)', 'api_credentials': 'credentials_ok (account balance fetched, code=0)'}
2026-08-19 01:24:25,919 | INFO | crypto_bot | 连接 OKX Public WS: wss://ws.okx.com:8443/ws/v5/public
2026-08-19 01:24:26,397 | INFO | crypto_bot | 已订阅 ROBO-USDT trades
2026-08-19 01:24:26,505 | INFO | crypto_bot | WS event: {'event': 'subscribe', 'arg': {'channel': 'trades', 'instId': 'ROBO-USDT'}, 'connId': 'b0c1f927'}
2026-08-19 01:25:02,036 | INFO | crypto_bot | TRADE pair=ROBO-USDT time=2026-08-19T01:25:01.982000+00:00 price=0.01287000 size=5069.90000000
2026-08-19 01:25:02,036 | INFO | crypto_bot | TRADE pair=ROBO-USDT time=2026-08-19T01:25:01.982000+00:00 price=0.01287000 size=3173.60000000
2026-08-19 01:25:18,473 | INFO | crypto_bot | TRADE pair=ROBO-USDT time=2026-08-19T01:25:18.419000+00:00 price=0.01288000 size=8204.70000000
2026-08-19 01:25:26,306 | INFO | crypto_bot | TRADE pair=ROBO-USDT time=2026-08-19T01:25:26.252000+00:00 price=0.01287000 size=777.60000000
2026-08-19 01:25:54,156 | INFO | crypto_bot | TRADE pair=ROBO-USDT time=2026-08-19T01:25:54.101000+00:00 price=0.01287000 size=30292.40000000
2026-08-19 01:25:54,255 | INFO | crypto_bot | TRADE pair=ROBO-USDT time=2026-08-19T01:25:54.200000+00:00 price=0.01287000 size=19702.20000000
2026-08-19 01:25:55,265 | INFO | crypto_bot | TRADE pair=ROBO-USDT time=2026-08-19T01:25:55.210000+00:00 price=0.01288000 size=32967.10000000
2026-08-19 01:26:16,868 | INFO | crypto_bot | TRADE pair=ROBO-USDT time=2026-08-19T01:26:16.803000+00:00 price=0.01289000 size=130.60000000
2026-08-19 01:26:16,869 | INFO | crypto_bot | 1m CLOSED ts=2026-08-19T01:25:00+00:00 o=0.01287000 h=0.01288000 l=0.01287000 c=0.01288000 v=100187.50000000
2026-08-19 01:26:16,869 | INFO | crypto_bot | ENTRY signal=HOLD reason=trend_filter_not_passed meta={'regime': 'unknown'}
2026-08-19 01:26:16,870 | INFO | crypto_bot | TRADE pair=ROBO-USDT time=2026-08-19T01:26:16.804000+00:00 price=0.01289000 size=1854.60000000
2026-08-19 01:26:30,279 | INFO | crypto_bot | TRADE pair=ROBO-USDT time=2026-08-19T01:26:30.225000+00:00 price=0.01288000 size=2705.10000000
2026-08-19 01:26:31,241 | INFO | crypto_bot | TRADE pair=ROBO-USDT time=2026-08-19T01:26:31.187000+00:00 price=0.01287000 size=20000.00000000
2026-08-19 01:27:17,582 | INFO | crypto_bot | TRADE pair=ROBO-USDT time=2026-08-19T01:27:17.529000+00:00 price=0.01287000 size=6329.90000000
2026-08-19 01:27:17,582 | INFO | crypto_bot | 1m CLOSED ts=2026-08-19T01:26:00+00:00 o=0.01289000 h=0.01289000 l=0.01287000 c=0.01287000 v=24690.30000000
2026-08-19 01:27:17,583 | INFO | crypto_bot | ENTRY signal=HOLD reason=trend_filter_not_passed meta={'regime': 'unknown'}
2026-08-19 01:27:23,078 | INFO | crypto_bot | TRADE pair=ROBO-USDT time=2026-08-19T01:27:23.024000+00:00 price=0.01287000 size=6670.10000000
2026-08-19 01:27:25,148 | INFO | crypto_bot | TRADE pair=ROBO-USDT time=2026-08-19T01:27:25.093000+00:00 price=0.01288000 size=61375.60000000
2026-08-19 01:27:25,148 | INFO | crypto_bot | TRADE pair=ROBO-USDT time=2026-08-19T01:27:25.093000+00:00 price=0.01289000 size=1518.30000000
2026-08-19 01:27:55,150 | INFO | crypto_bot | TRADE pair=ROBO-USDT time=2026-08-19T01:27:55.096000+00:00 price=0.01288000 size=32967.10000000
2026-08-19 01:27:55,151 | INFO | crypto_bot | TRADE pair=ROBO-USDT time=2026-08-19T01:27:55.096000+00:00 price=0.01289000 size=10759.80000000
2026-08-19 01:33:21,764 | INFO | crypto_bot | TRADE pair=ROBO-USDT time=2026-08-19T01:33:21.707000+00:00 price=0.01291000 size=33080.60000000
2026-08-19 01:33:21,764 | INFO | crypto_bot | 1m CLOSED ts=2026-08-19T01:27:00+00:00 o=0.01287000 h=0.01289000 l=0.01287000 c=0.01289000 v=119620.80000000
2026-08-19 01:33:21,764 | INFO | crypto_bot | ENTRY signal=HOLD reason=trend_filter_not_passed meta={'regime': 'unknown'}
2026-08-19 01:33:21,765 | INFO | crypto_bot | 5m CLOSED ts=2026-08-19T01:25:00+00:00 o=0.01287000 h=0.01289000 l=0.01287000 c=0.01289000 v=244498.60000000
2026-08-19 01:34:01,877 | INFO | crypto_bot | TRADE pair=ROBO-USDT time=2026-08-19T01:34:01.824000+00:00 price=0.01293000 size=125.40000000
2026-08-19 01:34:01,878 | INFO | crypto_bot | 1m CLOSED ts=2026-08-19T01:33:00+00:00 o=0.01291000 h=0.01291000 l=0.01291000 c=0.01291000 v=33080.60000000
2026-08-19 01:34:01,878 | INFO | crypto_bot | ENTRY signal=HOLD reason=trend_filter_not_passed meta={'regime': 'unknown'}
2026-08-19 01:35:11,090 | INFO | crypto_bot | TRADE pair=ROBO-USDT time=2026-08-19T01:35:11.036000+00:00 price=0.01295000 size=116.10000000
2026-08-19 01:35:11,091 | INFO | crypto_bot | 1m CLOSED ts=2026-08-19T01:34:00+00:00 o=0.01293000 h=0.01293000 l=0.01293000 c=0.01293000 v=125.40000000
2026-08-19 01:35:11,091 | INFO | crypto_bot | ENTRY signal=HOLD reason=trend_filter_not_passed meta={'regime': 'unknown'}
2026-08-19 01:35:11,091 | INFO | crypto_bot | 5m CLOSED ts=2026-08-19T01:30:00+00:00 o=0.01291000 h=0.01293000 l=0.01291000 c=0.01293000 v=33206.00000000
2026-08-19 01:35:11,091 | INFO | crypto_bot | TRADE pair=ROBO-USDT time=2026-08-19T01:35:11.036000+00:00 price=0.01296000 size=446.90000000
2026-08-19 01:37:03,811 | INFO | crypto_bot | TRADE pair=ROBO-USDT time=2026-08-19T01:37:03.757000+00:00 price=0.01293000 size=35000.00000000
2026-08-19 01:37:03,811 | INFO | crypto_bot | 1m CLOSED ts=2026-08-19T01:35:00+00:00 o=0.01295000 h=0.01296000 l=0.01295000 c=0.01296000 v=563.00000000
2026-08-19 01:37:03,811 | INFO | crypto_bot | ENTRY signal=HOLD reason=trend_filter_not_passed meta={'regime': 'unknown'}
2026-08-19 01:42:05,599 | INFO | crypto_bot | TRADE pair=ROBO-USDT time=2026-08-19T01:42:05.545000+00:00 price=0.01297000 size=1672.00000000
2026-08-19 01:42:05,599 | INFO | crypto_bot | 1m CLOSED ts=2026-08-19T01:37:00+00:00 o=0.01293000 h=0.01293000 l=0.01293000 c=0.01293000 v=35000.00000000
2026-08-19 01:42:05,599 | INFO | crypto_bot | ENTRY signal=HOLD reason=trend_filter_not_passed meta={'regime': 'unknown'}
2026-08-19 01:42:05,599 | INFO | crypto_bot | 5m CLOSED ts=2026-08-19T01:35:00+00:00 o=0.01295000 h=0.01296000 l=0.01293000 c=0.01293000 v=35563.00000000
2026-08-19 01:42:20,399 | INFO | crypto_bot | TRADE pair=ROBO-USDT time=2026-08-19T01:42:20.345000+00:00 price=0.01299000 size=581.70000000
2026-08-19 01:42:23,630 | INFO | crypto_bot | TRADE pair=ROBO-USDT time=2026-08-19T01:42:23.576000+00:00 price=0.01298000 size=14373.90000000
2026-08-19 01:42:36,028 | INFO | crypto_bot | TRADE pair=ROBO-USDT time=2026-08-19T01:42:35.974000+00:00 price=0.01299000 size=3880.90000000
2026-08-19 01:42:39,815 | INFO | crypto_bot | TRADE pair=ROBO-USDT time=2026-08-19T01:42:39.761000+00:00 price=0.01297000 size=32967.10000000
2026-08-19 01:42:59,724 | INFO | crypto_bot | TRADE pair=ROBO-USDT time=2026-08-19T01:42:59.670000+00:00 price=0.01298000 size=14809.50000000
2026-08-19 01:43:24,733 | INFO | crypto_bot | TRADE pair=ROBO-USDT time=2026-08-19T01:43:24.679000+00:00 price=0.01299000 size=3662.40000000
2026-08-19 01:43:24,733 | INFO | crypto_bot | 1m CLOSED ts=2026-08-19T01:42:00+00:00 o=0.01297000 h=0.01299000 l=0.01297000 c=0.01298000 v=68285.10000000
2026-08-19 01:43:24,733 | INFO | crypto_bot | ENTRY signal=HOLD reason=trend_filter_not_passed meta={'regime': 'unknown'}
2026-08-19 01:43:24,734 | INFO | crypto_bot | TRADE pair=ROBO-USDT time=2026-08-19T01:43:24.679000+00:00 price=0.01299000 size=39304.70000000
2026-08-19 01:43:24,734 | INFO | crypto_bot | TRADE pair=ROBO-USDT time=2026-08-19T01:43:24.679000+00:00 price=0.01300000 size=36918.70000000
2026-08-19 01:43:24,734 | INFO | crypto_bot | TRADE pair=ROBO-USDT time=2026-08-19T01:43:24.679000+00:00 price=0.01300000 size=28022.20000000
2026-08-19 01:46:26,618 | INFO | crypto_bot | TRADE pair=ROBO-USDT time=2026-08-19T01:46:26.564000+00:00 price=0.01302000 size=296.40000000
2026-08-19 01:46:26,618 | INFO | crypto_bot | 1m CLOSED ts=2026-08-19T01:43:00+00:00 o=0.01299000 h=0.01300000 l=0.01299000 c=0.01300000 v=107908.00000000
2026-08-19 01:46:26,618 | INFO | crypto_bot | ENTRY signal=HOLD reason=trend_filter_not_passed meta={'regime': 'unknown'}
2026-08-19 01:46:26,618 | INFO | crypto_bot | 5m CLOSED ts=2026-08-19T01:40:00+00:00 o=0.01297000 h=0.01300000 l=0.01297000 c=0.01300000 v=176193.10000000
2026-08-19 01:46:26,618 | INFO | crypto_bot | TRADE pair=ROBO-USDT time=2026-08-19T01:46:26.564000+00:00 price=0.01303000 size=19964.00000000
2026-08-19 01:46:26,629 | INFO | crypto_bot | TRADE pair=ROBO-USDT time=2026-08-19T01:46:26.575000+00:00 price=0.01302000 size=531.20000000
2026-08-19 01:47:18,777 | INFO | crypto_bot | TRADE pair=ROBO-USDT time=2026-08-19T01:47:18.723000+00:00 price=0.01302000 size=846.50000000
2026-08-19 01:47:18,777 | INFO | crypto_bot | 1m CLOSED ts=2026-08-19T01:46:00+00:00 o=0.01302000 h=0.01303000 l=0.01302000 c=0.01302000 v=20791.60000000
2026-08-19 01:47:18,777 | INFO | crypto_bot | ENTRY signal=HOLD reason=trend_filter_not_passed meta={'regime': 'unknown'}
2026-08-19 01:47:48,783 | INFO | crypto_bot | TRADE pair=ROBO-USDT time=2026-08-19T01:47:48.729000+00:00 price=0.01300000 size=2513.80000000
2026-08-19 01:47:48,784 | INFO | crypto_bot | TRADE pair=ROBO-USDT time=2026-08-19T01:47:48.729000+00:00 price=0.01300000 size=2596.80000000
2026-08-19 01:47:48,784 | INFO | crypto_bot | TRADE pair=ROBO-USDT time=2026-08-19T01:47:48.729000+00:00 price=0.01300000 size=3969.70000000
2026-08-19 01:47:48,785 | INFO | crypto_bot | TRADE pair=ROBO-USDT time=2026-08-19T01:47:48.731000+00:00 price=0.01299000 size=11242.00000000
2026-08-19 01:47:48,789 | INFO | crypto_bot | TRADE pair=ROBO-USDT time=2026-08-19T01:47:48.734000+00:00 price=0.01300000 size=4474.00000000
2026-08-19 01:47:49,843 | INFO | crypto_bot | TRADE pair=ROBO-USDT time=2026-08-19T01:47:49.789000+00:00 price=0.01297000 size=14122.50000000
2026-08-19 01:49:01,715 | INFO | crypto_bot | TRADE pair=ROBO-USDT time=2026-08-19T01:49:01.661000+00:00 price=0.01300000 size=7304.60000000
2026-08-19 01:49:01,715 | INFO | crypto_bot | 1m CLOSED ts=2026-08-19T01:47:00+00:00 o=0.01302000 h=0.01302000 l=0.01297000 c=0.01297000 v=39765.30000000
2026-08-19 01:49:01,716 | INFO | crypto_bot | ENTRY signal=HOLD reason=trend_filter_not_passed meta={'regime': 'unknown'}
2026-08-19 01:50:20,384 | INFO | crypto_bot | TRADE pair=ROBO-USDT time=2026-08-19T01:50:20.331000+00:00 price=0.01298000 size=5043.00000000
2026-08-19 01:50:20,384 | INFO | crypto_bot | 1m CLOSED ts=2026-08-19T01:49:00+00:00 o=0.01300000 h=0.01300000 l=0.01300000 c=0.01300000 v=7304.60000000
2026-08-19 01:50:20,385 | INFO | crypto_bot | ENTRY signal=HOLD reason=trend_filter_not_passed meta={'regime': 'unknown'}
2026-08-19 01:50:20,385 | INFO | crypto_bot | 5m CLOSED ts=2026-08-19T01:45:00+00:00 o=0.01302000 h=0.01303000 l=0.01297000 c=0.01300000 v=67861.50000000
2026-08-19 01:56:43,565 | INFO | crypto_bot | TRADE pair=ROBO-USDT time=2026-08-19T01:56:43.510000+00:00 price=0.01295000 size=346.80000000
2026-08-19 01:56:43,565 | INFO | crypto_bot | 1m CLOSED ts=2026-08-19T01:50:00+00:00 o=0.01298000 h=0.01298000 l=0.01298000 c=0.01298000 v=5043.00000000
2026-08-19 01:56:43,565 | INFO | crypto_bot | ENTRY signal=HOLD reason=trend_filter_not_passed meta={'regime': 'unknown'}
2026-08-19 01:56:43,566 | INFO | crypto_bot | 5m CLOSED ts=2026-08-19T01:50:00+00:00 o=0.01298000 h=0.01298000 l=0.01298000 c=0.01298000 v=5043.00000000
2026-08-19 01:58:47,121 | INFO | crypto_bot | TRADE pair=ROBO-USDT time=2026-08-19T01:58:47.067000+00:00 price=0.01297000 size=771.00000000
2026-08-19 01:58:47,121 | INFO | crypto_bot | 1m CLOSED ts=2026-08-19T01:56:00+00:00 o=0.01295000 h=0.01295000 l=0.01295000 c=0.01295000 v=346.80000000
2026-08-19 01:58:47,121 | INFO | crypto_bot | ENTRY signal=HOLD reason=trend_filter_not_passed meta={'regime': 'unknown'}
2026-08-19 01:59:26,751 | INFO | crypto_bot | TRADE pair=ROBO-USDT time=2026-08-19T01:59:26.697000+00:00 price=0.01295000 size=13589.80000000
2026-08-19 01:59:26,751 | INFO | crypto_bot | 1m CLOSED ts=2026-08-19T01:58:00+00:00 o=0.01297000 h=0.01297000 l=0.01297000 c=0.01297000 v=771.00000000
2026-08-19 01:59:26,751 | INFO | crypto_bot | ENTRY signal=HOLD reason=trend_filter_not_passed meta={'regime': 'unknown'}
2026-08-19 01:59:26,752 | INFO | crypto_bot | TRADE pair=ROBO-USDT time=2026-08-19T01:59:26.697000+00:00 price=0.01294000 size=13374.70000000
2026-08-19 02:02:24,438 | INFO | crypto_bot | TRADE pair=ROBO-USDT time=2026-08-19T02:02:24.384000+00:00 price=0.01293000 size=125.60000000
2026-08-19 02:02:24,438 | INFO | crypto_bot | 1m CLOSED ts=2026-08-19T01:59:00+00:00 o=0.01295000 h=0.01295000 l=0.01294000 c=0.01294000 v=26964.50000000
2026-08-19 02:02:24,438 | INFO | crypto_bot | ENTRY signal=HOLD reason=trend_filter_not_passed meta={'regime': 'unknown'}
2026-08-19 02:02:24,438 | INFO | crypto_bot | 5m CLOSED ts=2026-08-19T01:55:00+00:00 o=0.01295000 h=0.01297000 l=0.01294000 c=0.01294000 v=28082.30000000
2026-08-19 02:02:53,455 | INFO | crypto_bot | TRADE pair=ROBO-USDT time=2026-08-19T02:02:53.401000+00:00 price=0.01291000 size=2000.20000000
2026-08-19 02:04:47,944 | INFO | crypto_bot | TRADE pair=ROBO-USDT time=2026-08-19T02:04:47.891000+00:00 price=0.01289000 size=130.80000000
2026-08-19 02:04:47,945 | INFO | crypto_bot | 1m CLOSED ts=2026-08-19T02:02:00+00:00 o=0.01293000 h=0.01293000 l=0.01291000 c=0.01291000 v=2125.80000000
2026-08-19 02:04:47,945 | INFO | crypto_bot | ENTRY signal=HOLD reason=trend_filter_not_passed meta={'regime': 'unknown'}
2026-08-19 02:07:01,352 | INFO | crypto_bot | TRADE pair=ROBO-USDT time=2026-08-19T02:07:01.298000+00:00 price=0.01288000 size=10693.60000000
2026-08-19 02:07:01,352 | INFO | crypto_bot | 1m CLOSED ts=2026-08-19T02:04:00+00:00 o=0.01289000 h=0.01289000 l=0.01289000 c=0.01289000 v=130.80000000
2026-08-19 02:07:01,352 | INFO | crypto_bot | ENTRY signal=HOLD reason=trend_filter_not_passed meta={'regime': 'unknown'}
2026-08-19 02:07:01,352 | INFO | crypto_bot | 5m CLOSED ts=2026-08-19T02:00:00+00:00 o=0.01293000 h=0.01293000 l=0.01289000 c=0.01289000 v=2256.60000000
2026-08-19 02:08:12,967 | INFO | crypto_bot | TRADE pair=ROBO-USDT time=2026-08-19T02:08:12.911000+00:00 price=0.01288000 size=10510.50000000
2026-08-19 02:08:12,967 | INFO | crypto_bot | 1m CLOSED ts=2026-08-19T02:07:00+00:00 o=0.01288000 h=0.01288000 l=0.01288000 c=0.01288000 v=10693.60000000
2026-08-19 02:08:12,967 | INFO | crypto_bot | ENTRY signal=HOLD reason=trend_filter_not_passed meta={'regime': 'unknown'}
2026-08-19 02:08:46,140 | INFO | crypto_bot | TRADE pair=ROBO-USDT time=2026-08-19T02:08:46.086000+00:00 price=0.01288000 size=3886.20000000
2026-08-19 02:08:47,149 | INFO | crypto_bot | TRADE pair=ROBO-USDT time=2026-08-19T02:08:47.091000+00:00 price=0.01288000 size=15544.80000000
2026-08-19 02:09:09,376 | INFO | crypto_bot | TRADE pair=ROBO-USDT time=2026-08-19T02:09:09.322000+00:00 price=0.01288000 size=10508.20000000
2026-08-19 02:09:09,376 | INFO | crypto_bot | 1m CLOSED ts=2026-08-19T02:08:00+00:00 o=0.01288000 h=0.01288000 l=0.01288000 c=0.01288000 v=29941.50000000
2026-08-19 02:09:09,376 | INFO | crypto_bot | ENTRY signal=HOLD reason=trend_filter_not_passed meta={'regime': 'unknown'}
2026-08-19 02:09:11,509 | INFO | crypto_bot | TRADE pair=ROBO-USDT time=2026-08-19T02:09:11.456000+00:00 price=0.01287000 size=6221.70000000
2026-08-19 02:14:06,844 | INFO | crypto_bot | TRADE pair=ROBO-USDT time=2026-08-19T02:14:06.791000+00:00 price=0.01284000 size=113.60000000
2026-08-19 02:14:06,844 | INFO | crypto_bot | 1m CLOSED ts=2026-08-19T02:09:00+00:00 o=0.01288000 h=0.01288000 l=0.01287000 c=0.01287000 v=16729.90000000
2026-08-19 02:14:06,845 | INFO | crypto_bot | ENTRY signal=HOLD reason=trend_filter_not_passed meta={'regime': 'unknown'}
2026-08-19 02:14:06,845 | INFO | crypto_bot | 5m CLOSED ts=2026-08-19T02:05:00+00:00 o=0.01288000 h=0.01288000 l=0.01287000 c=0.01287000 v=57365.00000000
2026-08-19 02:14:51,031 | INFO | crypto_bot | TRADE pair=ROBO-USDT time=2026-08-19T02:14:50.968000+00:00 price=0.01284000 size=1282.50000000
2026-08-19 02:14:51,032 | INFO | crypto_bot | TRADE pair=ROBO-USDT time=2026-08-19T02:14:50.968000+00:00 price=0.01283000 size=24647.30000000
2026-08-19 02:14:51,032 | INFO | crypto_bot | TRADE pair=ROBO-USDT time=2026-08-19T02:14:50.973000+00:00 price=0.01283000 size=36951.60000000
2026-08-19 02:14:51,032 | INFO | crypto_bot | TRADE pair=ROBO-USDT time=2026-08-19T02:14:50.974000+00:00 price=0.01283000 size=1282.50000000
2026-08-19 02:14:51,896 | INFO | crypto_bot | TRADE pair=ROBO-USDT time=2026-08-19T02:14:51.843000+00:00 price=0.01284000 size=36697.60000000
2026-08-19 02:15:03,816 | INFO | crypto_bot | TRADE pair=ROBO-USDT time=2026-08-19T02:15:03.761000+00:00 price=0.01282000 size=901.70000000
2026-08-19 02:15:03,816 | INFO | crypto_bot | 1m CLOSED ts=2026-08-19T02:14:00+00:00 o=0.01284000 h=0.01284000 l=0.01283000 c=0.01284000 v=100975.10000000
2026-08-19 02:15:03,816 | INFO | crypto_bot | ENTRY signal=HOLD reason=trend_filter_not_passed meta={'regime': 'unknown'}
2026-08-19 02:15:03,816 | INFO | crypto_bot | 5m CLOSED ts=2026-08-19T02:10:00+00:00 o=0.01284000 h=0.01284000 l=0.01283000 c=0.01284000 v=100975.10000000
2026-08-19 02:15:03,817 | INFO | crypto_bot | TRADE pair=ROBO-USDT time=2026-08-19T02:15:03.762000+00:00 price=0.01282000 size=901.70000000
2026-08-19 02:15:03,817 | INFO | crypto_bot | TRADE pair=ROBO-USDT time=2026-08-19T02:15:03.762000+00:00 price=0.01282000 size=604.90000000
2026-08-19 02:15:15,770 | INFO | crypto_bot | TRADE pair=ROBO-USDT time=2026-08-19T02:15:15.717000+00:00 price=0.01282000 size=296.80000000
2026-08-19 02:15:17,996 | INFO | crypto_bot | TRADE pair=ROBO-USDT time=2026-08-19T02:15:17.942000+00:00 price=0.01283000 size=2726.40000000
2026-08-19 02:15:55,844 | INFO | crypto_bot | TRADE pair=ROBO-USDT time=2026-08-19T02:15:55.791000+00:00 price=0.01283000 size=36951.60000000
2026-08-19 02:16:21,175 | INFO | crypto_bot | TRADE pair=ROBO-USDT time=2026-08-19T02:16:21.121000+00:00 price=0.01281000 size=1021.10000000
2026-08-19 02:16:21,175 | INFO | crypto_bot | 1m CLOSED ts=2026-08-19T02:15:00+00:00 o=0.01282000 h=0.01283000 l=0.01282000 c=0.01283000 v=42383.10000000
2026-08-19 02:16:21,175 | INFO | crypto_bot | ENTRY signal=HOLD reason=trend_filter_not_passed meta={'regime': 'unknown'}
2026-08-19 02:16:30,772 | INFO | crypto_bot | TRADE pair=ROBO-USDT time=2026-08-19T02:16:30.717000+00:00 price=0.01281000 size=123.10000000
2026-08-19 02:17:07,819 | INFO | crypto_bot | TRADE pair=ROBO-USDT time=2026-08-19T02:17:07.766000+00:00 price=0.01280000 size=15633.80000000
2026-08-19 02:17:07,820 | INFO | crypto_bot | 1m CLOSED ts=2026-08-19T02:16:00+00:00 o=0.01281000 h=0.01281000 l=0.01281000 c=0.01281000 v=1144.20000000
2026-08-19 02:17:07,820 | INFO | crypto_bot | ENTRY signal=HOLD reason=trend_filter_not_passed meta={'regime': 'unknown'}
2026-08-19 02:17:33,122 | INFO | crypto_bot | TRADE pair=ROBO-USDT time=2026-08-19T02:17:33.068000+00:00 price=0.01280000 size=19673.70000000
2026-08-19 02:17:33,123 | INFO | crypto_bot | TRADE pair=ROBO-USDT time=2026-08-19T02:17:33.069000+00:00 price=0.01280000 size=171000.00000000
2026-08-19 02:17:46,293 | INFO | crypto_bot | TRADE pair=ROBO-USDT time=2026-08-19T02:17:46.239000+00:00 price=0.01280000 size=128098.50000000
2026-08-19 02:17:46,293 | INFO | crypto_bot | TRADE pair=ROBO-USDT time=2026-08-19T02:17:46.239000+00:00 price=0.01280000 size=8041.80000000
2026-08-19 02:17:46,294 | INFO | crypto_bot | TRADE pair=ROBO-USDT time=2026-08-19T02:17:46.239000+00:00 price=0.01280000 size=520144.00000000
2026-08-19 02:18:14,106 | INFO | crypto_bot | TRADE pair=ROBO-USDT time=2026-08-19T02:18:14.053000+00:00 price=0.01278000 size=695.80000000
2026-08-19 02:18:14,106 | INFO | crypto_bot | 1m CLOSED ts=2026-08-19T02:17:00+00:00 o=0.01280000 h=0.01280000 l=0.01280000 c=0.01280000 v=862591.80000000
2026-08-19 02:18:14,107 | INFO | crypto_bot | ENTRY signal=HOLD reason=trend_filter_not_passed meta={'regime': 'unknown'}
2026-08-19 02:18:20,864 | INFO | crypto_bot | TRADE pair=ROBO-USDT time=2026-08-19T02:18:20.805000+00:00 price=0.01279000 size=15526.80000000
2026-08-19 02:21:42,509 | INFO | crypto_bot | TRADE pair=ROBO-USDT time=2026-08-19T02:21:42.455000+00:00 price=0.01279000 size=36951.60000000
2026-08-19 02:21:42,509 | INFO | crypto_bot | 1m CLOSED ts=2026-08-19T02:18:00+00:00 o=0.01278000 h=0.01279000 l=0.01278000 c=0.01279000 v=16222.60000000
2026-08-19 02:21:42,509 | INFO | crypto_bot | ENTRY signal=HOLD reason=trend_filter_not_passed meta={'regime': 'unknown'}
2026-08-19 02:21:42,510 | INFO | crypto_bot | 5m CLOSED ts=2026-08-19T02:15:00+00:00 o=0.01282000 h=0.01283000 l=0.01278000 c=0.01279000 v=922341.70000000
2026-08-19 02:21:42,510 | INFO | crypto_bot | TRADE pair=ROBO-USDT time=2026-08-19T02:21:42.456000+00:00 price=0.01279000 size=2289.40000000
2026-08-19 02:22:21,747 | INFO | crypto_bot | TRADE pair=ROBO-USDT time=2026-08-19T02:22:21.693000+00:00 price=0.01279000 size=36951.60000000
2026-08-19 02:22:21,747 | INFO | crypto_bot | 1m CLOSED ts=2026-08-19T02:21:00+00:00 o=0.01279000 h=0.01279000 l=0.01279000 c=0.01279000 v=39241.00000000
2026-08-19 02:22:21,747 | INFO | crypto_bot | ENTRY signal=HOLD reason=trend_filter_not_passed meta={'regime': 'unknown'}
2026-08-19 02:22:47,770 | INFO | crypto_bot | TRADE pair=ROBO-USDT time=2026-08-19T02:22:47.716000+00:00 price=0.01279000 size=1282.50000000
2026-08-19 02:22:47,770 | INFO | crypto_bot | TRADE pair=ROBO-USDT time=2026-08-19T02:22:47.716000+00:00 price=0.01279000 size=916.10000000
2026-08-19 02:23:05,189 | INFO | crypto_bot | TRADE pair=ROBO-USDT time=2026-08-19T02:23:05.134000+00:00 price=0.01278000 size=1057.20000000
2026-08-19 02:23:05,189 | INFO | crypto_bot | 1m CLOSED ts=2026-08-19T02:22:00+00:00 o=0.01279000 h=0.01279000 l=0.01279000 c=0.01279000 v=39150.20000000
2026-08-19 02:23:05,189 | INFO | crypto_bot | ENTRY signal=HOLD reason=trend_filter_not_passed meta={'regime': 'unknown'}
2026-08-19 02:23:06,700 | INFO | crypto_bot | TRADE pair=ROBO-USDT time=2026-08-19T02:23:06.647000+00:00 price=0.01277000 size=711.20000000
2026-08-19 02:23:11,916 | INFO | crypto_bot | TRADE pair=ROBO-USDT time=2026-08-19T02:23:11.863000+00:00 price=0.01277000 size=5585.70000000
2026-08-19 02:23:45,819 | INFO | crypto_bot | TRADE pair=ROBO-USDT time=2026-08-19T02:23:45.766000+00:00 price=0.01278000 size=1282.50000000
2026-08-19 02:23:45,820 | INFO | crypto_bot | TRADE pair=ROBO-USDT time=2026-08-19T02:23:45.766000+00:00 price=0.01278000 size=1282.50000000
2026-08-19 02:24:21,052 | INFO | crypto_bot | TRADE pair=ROBO-USDT time=2026-08-19T02:24:20.998000+00:00 price=0.01279000 size=781.80000000
2026-08-19 02:24:21,052 | INFO | crypto_bot | 1m CLOSED ts=2026-08-19T02:23:00+00:00 o=0.01278000 h=0.01278000 l=0.01277000 c=0.01278000 v=9919.10000000
2026-08-19 02:24:21,052 | INFO | crypto_bot | ENTRY signal=HOLD reason=trend_filter_not_passed meta={'regime': 'unknown'}
2026-08-19 02:24:22,230 | INFO | crypto_bot | TRADE pair=ROBO-USDT time=2026-08-19T02:24:22.177000+00:00 price=0.01279000 size=544.20000000
2026-08-19 02:24:32,835 | INFO | crypto_bot | TRADE pair=ROBO-USDT time=2026-08-19T02:24:32.781000+00:00 price=0.01277000 size=1282.50000000
2026-08-19 02:24:40,069 | INFO | crypto_bot | TRADE pair=ROBO-USDT time=2026-08-19T02:24:40.015000+00:00 price=0.01277000 size=18717.50000000
2026-08-19 02:25:27,434 | INFO | crypto_bot | TRADE pair=ROBO-USDT time=2026-08-19T02:25:27.380000+00:00 price=0.01277000 size=571.30000000
2026-08-19 02:25:27,434 | INFO | crypto_bot | 1m CLOSED ts=2026-08-19T02:24:00+00:00 o=0.01279000 h=0.01279000 l=0.01277000 c=0.01277000 v=21326.00000000
2026-08-19 02:25:27,434 | INFO | crypto_bot | ENTRY signal=HOLD reason=trend_filter_not_passed meta={'regime': 'unknown'}
2026-08-19 02:25:27,434 | INFO | crypto_bot | 5m CLOSED ts=2026-08-19T02:20:00+00:00 o=0.01279000 h=0.01279000 l=0.01277000 c=0.01277000 v=109636.30000000
2026-08-19 02:25:27,435 | INFO | crypto_bot | TRADE pair=ROBO-USDT time=2026-08-19T02:25:27.381000+00:00 price=0.01277000 size=4.40000000
2026-08-19 02:25:37,415 | INFO | crypto_bot | TRADE pair=ROBO-USDT time=2026-08-19T02:25:37.362000+00:00 price=0.01279000 size=1563.70000000
2026-08-19 02:26:07,785 | INFO | crypto_bot | TRADE pair=ROBO-USDT time=2026-08-19T02:26:07.732000+00:00 price=0.01276000 size=10000.00000000
2026-08-19 02:26:07,785 | INFO | crypto_bot | 1m CLOSED ts=2026-08-19T02:25:00+00:00 o=0.01277000 h=0.01279000 l=0.01277000 c=0.01279000 v=2139.40000000
2026-08-19 02:26:07,785 | INFO | crypto_bot | ENTRY signal=HOLD reason=trend_filter_not_passed meta={'regime': 'unknown'}
2026-08-19 02:26:48,082 | INFO | crypto_bot | TRADE pair=ROBO-USDT time=2026-08-19T02:26:48.029000+00:00 price=0.01278000 size=3661.20000000
2026-08-19 02:27:29,317 | INFO | crypto_bot | TRADE pair=ROBO-USDT time=2026-08-19T02:27:29.264000+00:00 price=0.01279000 size=24768.50000000
2026-08-19 02:27:29,317 | INFO | crypto_bot | 1m CLOSED ts=2026-08-19T02:26:00+00:00 o=0.01276000 h=0.01278000 l=0.01276000 c=0.01278000 v=13661.20000000
2026-08-19 02:27:29,317 | INFO | crypto_bot | ENTRY signal=HOLD reason=trend_filter_not_passed meta={'regime': 'unknown'}
2026-08-19 02:27:29,318 | INFO | crypto_bot | TRADE pair=ROBO-USDT time=2026-08-19T02:27:29.264000+00:00 price=0.01279000 size=12183.10000000
2026-08-19 02:28:40,547 | INFO | crypto_bot | TRADE pair=ROBO-USDT time=2026-08-19T02:28:40.494000+00:00 price=0.01279000 size=20903.40000000
2026-08-19 02:28:40,547 | INFO | crypto_bot | 1m CLOSED ts=2026-08-19T02:27:00+00:00 o=0.01279000 h=0.01279000 l=0.01279000 c=0.01279000 v=36951.60000000
2026-08-19 02:28:40,547 | INFO | crypto_bot | ENTRY signal=HOLD reason=trend_filter_not_passed meta={'regime': 'unknown'}
2026-08-19 02:28:40,568 | INFO | crypto_bot | TRADE pair=ROBO-USDT time=2026-08-19T02:28:40.513000+00:00 price=0.01278000 size=5542.70000000
2026-08-19 02:30:03,898 | INFO | crypto_bot | TRADE pair=ROBO-USDT time=2026-08-19T02:30:03.845000+00:00 price=0.01280000 size=12428.50000000
2026-08-19 02:30:03,898 | INFO | crypto_bot | 1m CLOSED ts=2026-08-19T02:28:00+00:00 o=0.01279000 h=0.01279000 l=0.01278000 c=0.01278000 v=26446.10000000
2026-08-19 02:30:03,898 | INFO | crypto_bot | ENTRY signal=HOLD reason=trend_filter_not_passed meta={'regime': 'unknown'}
2026-08-19 02:30:03,899 | INFO | crypto_bot | 5m CLOSED ts=2026-08-19T02:25:00+00:00 o=0.01277000 h=0.01279000 l=0.01276000 c=0.01278000 v=79198.30000000
2026-08-19 02:31:18,822 | INFO | crypto_bot | TRADE pair=ROBO-USDT time=2026-08-19T02:31:18.769000+00:00 price=0.01279000 size=335.70000000
2026-08-19 02:31:18,822 | INFO | crypto_bot | 1m CLOSED ts=2026-08-19T02:30:00+00:00 o=0.01280000 h=0.01280000 l=0.01280000 c=0.01280000 v=12428.50000000
2026-08-19 02:31:18,822 | INFO | crypto_bot | ENTRY signal=HOLD reason=trend_filter_not_passed meta={'regime': 'unknown'}
2026-08-19 02:32:14,368 | INFO | crypto_bot | TRADE pair=ROBO-USDT time=2026-08-19T02:32:14.315000+00:00 price=0.01279000 size=1847.50000000
2026-08-19 02:32:14,368 | INFO | crypto_bot | 1m CLOSED ts=2026-08-19T02:31:00+00:00 o=0.01279000 h=0.01279000 l=0.01279000 c=0.01279000 v=335.70000000
2026-08-19 02:32:14,368 | INFO | crypto_bot | ENTRY signal=HOLD reason=trend_filter_not_passed meta={'regime': 'unknown'}
2026-08-19 02:32:14,369 | INFO | crypto_bot | TRADE pair=ROBO-USDT time=2026-08-19T02:32:14.316000+00:00 price=0.01279000 size=5542.80000000
2026-08-19 02:32:20,654 | INFO | crypto_bot | TRADE pair=ROBO-USDT time=2026-08-19T02:32:20.601000+00:00 price=0.01279000 size=1108.50000000
2026-08-19 02:32:30,847 | INFO | crypto_bot | TRADE pair=ROBO-USDT time=2026-08-19T02:32:30.794000+00:00 price=0.01278000 size=3629.00000000
2026-08-19 02:32:33,002 | INFO | crypto_bot | TRADE pair=ROBO-USDT time=2026-08-19T02:32:32.949000+00:00 price=0.01277000 size=2667.20000000
2026-08-19 02:34:16,102 | INFO | crypto_bot | TRADE pair=ROBO-USDT time=2026-08-19T02:34:16.048000+00:00 price=0.01279000 size=1682.10000000
2026-08-19 02:34:16,103 | INFO | crypto_bot | 1m CLOSED ts=2026-08-19T02:32:00+00:00 o=0.01279000 h=0.01279000 l=0.01277000 c=0.01277000 v=14795.00000000
2026-08-19 02:34:16,103 | INFO | crypto_bot | ENTRY signal=HOLD reason=trend_filter_not_passed meta={'regime': 'unknown'}
2026-08-19 02:34:16,103 | INFO | crypto_bot | TRADE pair=ROBO-USDT time=2026-08-19T02:34:16.048000+00:00 price=0.01280000 size=205.40000000
2026-08-19 02:34:35,337 | INFO | crypto_bot | TRADE pair=ROBO-USDT time=2026-08-19T02:34:35.284000+00:00 price=0.01278000 size=1887.50000000
2026-08-19 02:34:48,547 | INFO | crypto_bot | TRADE pair=ROBO-USDT time=2026-08-19T02:34:48.494000+00:00 price=0.01278000 size=8531.70000000
2026-08-19 02:35:01,654 | INFO | crypto_bot | TRADE pair=ROBO-USDT time=2026-08-19T02:35:01.601000+00:00 price=0.01277000 size=12417.30000000
2026-08-19 02:35:01,655 | INFO | crypto_bot | 1m CLOSED ts=2026-08-19T02:34:00+00:00 o=0.01279000 h=0.01280000 l=0.01278000 c=0.01278000 v=12306.70000000
2026-08-19 02:35:01,655 | INFO | crypto_bot | ENTRY signal=HOLD reason=trend_filter_not_passed meta={'regime': 'unknown'}
2026-08-19 02:35:01,655 | INFO | crypto_bot | 5m CLOSED ts=2026-08-19T02:30:00+00:00 o=0.01280000 h=0.01280000 l=0.01277000 c=0.01278000 v=39865.90000000
2026-08-19 02:35:48,241 | INFO | crypto_bot | TRADE pair=ROBO-USDT time=2026-08-19T02:35:48.182000+00:00 price=0.01278000 size=10000.00000000
2026-08-19 02:36:05,833 | INFO | crypto_bot | TRADE pair=ROBO-USDT time=2026-08-19T02:36:05.780000+00:00 price=0.01278000 size=134.50000000
2026-08-19 02:36:05,833 | INFO | crypto_bot | 1m CLOSED ts=2026-08-19T02:35:00+00:00 o=0.01277000 h=0.01278000 l=0.01277000 c=0.01278000 v=22417.30000000
2026-08-19 02:36:05,833 | INFO | crypto_bot | ENTRY signal=HOLD reason=trend_filter_not_passed meta={'regime': 'unknown'}
2026-08-19 02:36:05,834 | INFO | crypto_bot | TRADE pair=ROBO-USDT time=2026-08-19T02:36:05.781000+00:00 price=0.01278000 size=134.50000000
2026-08-19 02:36:05,834 | INFO | crypto_bot | TRADE pair=ROBO-USDT time=2026-08-19T02:36:05.781000+00:00 price=0.01278000 size=134.50000000
2026-08-19 02:36:14,271 | INFO | crypto_bot | TRADE pair=ROBO-USDT time=2026-08-19T02:36:14.218000+00:00 price=0.01280000 size=3629.00000000
2026-08-19 02:36:15,742 | INFO | crypto_bot | TRADE pair=ROBO-USDT time=2026-08-19T02:36:15.689000+00:00 price=0.01281000 size=703.30000000
2026-08-19 02:36:39,284 | INFO | crypto_bot | TRADE pair=ROBO-USDT time=2026-08-19T02:36:39.231000+00:00 price=0.01280000 size=373.80000000
2026-08-19 02:36:39,285 | INFO | crypto_bot | TRADE pair=ROBO-USDT time=2026-08-19T02:36:39.232000+00:00 price=0.01280000 size=10744.90000000
2026-08-19 02:37:04,941 | INFO | crypto_bot | TRADE pair=ROBO-USDT time=2026-08-19T02:37:04.888000+00:00 price=0.01280000 size=142.70000000
2026-08-19 02:37:04,941 | INFO | crypto_bot | 1m CLOSED ts=2026-08-19T02:36:00+00:00 o=0.01278000 h=0.01281000 l=0.01278000 c=0.01280000 v=15854.50000000
2026-08-19 02:37:04,942 | INFO | crypto_bot | ENTRY signal=HOLD reason=trend_filter_not_passed meta={'regime': 'unknown'}
2026-08-19 02:37:04,942 | INFO | crypto_bot | TRADE pair=ROBO-USDT time=2026-08-19T02:37:04.889000+00:00 price=0.01280000 size=142.70000000
2026-08-19 02:37:04,942 | INFO | crypto_bot | TRADE pair=ROBO-USDT time=2026-08-19T02:37:04.889000+00:00 price=0.01280000 size=142.70000000
2026-08-19 02:37:41,529 | INFO | crypto_bot | TRADE pair=ROBO-USDT time=2026-08-19T02:37:41.475000+00:00 price=0.01281000 size=673.40000000
2026-08-19 02:39:40,328 | INFO | crypto_bot | TRADE pair=ROBO-USDT time=2026-08-19T02:39:40.275000+00:00 price=0.01281000 size=3794.70000000
2026-08-19 02:39:40,328 | INFO | crypto_bot | 1m CLOSED ts=2026-08-19T02:37:00+00:00 o=0.01280000 h=0.01281000 l=0.01280000 c=0.01281000 v=1101.50000000
2026-08-19 02:39:40,328 | INFO | crypto_bot | ENTRY signal=HOLD reason=trend_filter_not_passed meta={'regime': 'unknown'}
2026-08-19 02:39:40,329 | INFO | crypto_bot | TRADE pair=ROBO-USDT time=2026-08-19T02:39:40.276000+00:00 price=0.01281000 size=4929.20000000
2026-08-19 02:40:21,933 | INFO | crypto_bot | TRADE pair=ROBO-USDT time=2026-08-19T02:40:21.880000+00:00 price=0.01280000 size=13380.80000000
2026-08-19 02:40:21,934 | INFO | crypto_bot | 1m CLOSED ts=2026-08-19T02:39:00+00:00 o=0.01281000 h=0.01281000 l=0.01281000 c=0.01281000 v=8723.90000000
2026-08-19 02:40:21,934 | INFO | crypto_bot | ENTRY signal=HOLD reason=trend_filter_not_passed meta={'regime': 'unknown'}
2026-08-19 02:40:21,934 | INFO | crypto_bot | 5m CLOSED ts=2026-08-19T02:35:00+00:00 o=0.01277000 h=0.01281000 l=0.01277000 c=0.01281000 v=48097.20000000
2026-08-19 02:40:21,934 | INFO | crypto_bot | TRADE pair=ROBO-USDT time=2026-08-19T02:40:21.880000+00:00 price=0.01280000 size=23570.80000000
2026-08-19 02:41:35,196 | INFO | crypto_bot | TRADE pair=ROBO-USDT time=2026-08-19T02:41:35.143000+00:00 price=0.01279000 size=69988.50000000
2026-08-19 02:41:35,196 | INFO | crypto_bot | 1m CLOSED ts=2026-08-19T02:40:00+00:00 o=0.01280000 h=0.01280000 l=0.01280000 c=0.01280000 v=36951.60000000
2026-08-19 02:41:35,196 | INFO | crypto_bot | ENTRY signal=HOLD reason=trend_filter_not_passed meta={'regime': 'unknown'}
2026-08-19 02:42:10,184 | INFO | crypto_bot | TRADE pair=ROBO-USDT time=2026-08-19T02:42:10.131000+00:00 price=0.01280000 size=36951.60000000
2026-08-19 02:42:10,184 | INFO | crypto_bot | 1m CLOSED ts=2026-08-19T02:41:00+00:00 o=0.01279000 h=0.01279000 l=0.01279000 c=0.01279000 v=69988.50000000
2026-08-19 02:42:10,184 | INFO | crypto_bot | ENTRY signal=HOLD reason=trend_filter_not_passed meta={'regime': 'unknown'}
2026-08-19 02:44:21,584 | INFO | crypto_bot | TRADE pair=ROBO-USDT time=2026-08-19T02:44:21.531000+00:00 price=0.01281000 size=36951.60000000
2026-08-19 02:44:21,584 | INFO | crypto_bot | 1m CLOSED ts=2026-08-19T02:42:00+00:00 o=0.01280000 h=0.01280000 l=0.01280000 c=0.01280000 v=36951.60000000
2026-08-19 02:44:21,584 | INFO | crypto_bot | ENTRY signal=HOLD reason=trend_filter_not_passed meta={'regime': 'unknown'}
2026-08-19 02:47:53,154 | INFO | crypto_bot | TRADE pair=ROBO-USDT time=2026-08-19T02:47:53.099000+00:00 price=0.01281000 size=44776.10000000
2026-08-19 02:47:53,154 | INFO | crypto_bot | 1m CLOSED ts=2026-08-19T02:44:00+00:00 o=0.01281000 h=0.01281000 l=0.01281000 c=0.01281000 v=36951.60000000
2026-08-19 02:47:53,154 | INFO | crypto_bot | ENTRY signal=HOLD reason=trend_filter_not_passed meta={'regime': 'unknown'}
2026-08-19 02:47:53,154 | INFO | crypto_bot | 5m CLOSED ts=2026-08-19T02:40:00+00:00 o=0.01280000 h=0.01281000 l=0.01279000 c=0.01281000 v=180843.30000000
2026-08-19 02:48:05,455 | INFO | crypto_bot | TRADE pair=ROBO-USDT time=2026-08-19T02:48:05.399000+00:00 price=0.01280000 size=2896.30000000
2026-08-19 02:48:05,455 | INFO | crypto_bot | 1m CLOSED ts=2026-08-19T02:47:00+00:00 o=0.01281000 h=0.01281000 l=0.01281000 c=0.01281000 v=44776.10000000
2026-08-19 02:48:05,455 | INFO | crypto_bot | ENTRY signal=HOLD reason=trend_filter_not_passed meta={'regime': 'unknown'}
2026-08-19 02:53:45,876 | ERROR | crypto_bot | WebSocket 连接异常: no close frame received or sent
Traceback (most recent call last):
  File "/home/ubuntu/crypto-trading-bot/app.py", line 382, in consume_public_ws
    async for raw in ws:
  File "/home/ubuntu/crypto-trading-bot/.venv/lib/python3.12/site-packages/websockets/asyncio/connection.py", line 236, in __aiter__
    yield await self.recv()
          ^^^^^^^^^^^^^^^^^
  File "/home/ubuntu/crypto-trading-bot/.venv/lib/python3.12/site-packages/websockets/asyncio/connection.py", line 316, in recv
    raise self.protocol.close_exc from self.recv_exc
websockets.exceptions.ConnectionClosedError: no close frame received or sent
2026-08-19 02:53:45,881 | INFO | crypto_bot | 将在 5 秒后重连...
2026-08-19 02:53:50,886 | INFO | crypto_bot | 连接 OKX Public WS: wss://ws.okx.com:8443/ws/v5/public
2026-08-19 02:53:51,275 | INFO | crypto_bot | 已订阅 ROBO-USDT trades
2026-08-19 02:53:51,380 | INFO | crypto_bot | WS event: {'event': 'subscribe', 'arg': {'channel': 'trades', 'instId': 'ROBO-USDT'}, 'connId': 'b0f80bb7'}
2026-08-19 02:54:44,940 | INFO | crypto_bot | TRADE pair=ROBO-USDT time=2026-08-19T02:54:44.886000+00:00 price=0.01278000 size=4411.10000000
2026-08-19 02:54:44,940 | INFO | crypto_bot | 1m CLOSED ts=2026-08-19T02:48:00+00:00 o=0.01280000 h=0.01280000 l=0.01280000 c=0.01280000 v=2896.30000000
2026-08-19 02:54:44,940 | INFO | crypto_bot | ENTRY signal=HOLD reason=trend_filter_not_passed meta={'regime': 'unknown'}
2026-08-19 02:54:44,940 | INFO | crypto_bot | 5m CLOSED ts=2026-08-19T02:45:00+00:00 o=0.01281000 h=0.01281000 l=0.01280000 c=0.01280000 v=47672.40000000
2026-08-19 02:55:14,772 | INFO | crypto_bot | TRADE pair=ROBO-USDT time=2026-08-19T02:55:14.718000+00:00 price=0.01279000 size=6811.90000000
2026-08-19 02:55:14,772 | INFO | crypto_bot | 1m CLOSED ts=2026-08-19T02:54:00+00:00 o=0.01278000 h=0.01278000 l=0.01278000 c=0.01278000 v=4411.10000000
2026-08-19 02:55:14,772 | INFO | crypto_bot | ENTRY signal=HOLD reason=trend_filter_not_passed meta={'regime': 'unknown'}
2026-08-19 02:55:14,772 | INFO | crypto_bot | 5m CLOSED ts=2026-08-19T02:50:00+00:00 o=0.01278000 h=0.01278000 l=0.01278000 c=0.01278000 v=4411.10000000
2026-08-19 02:58:18,947 | INFO | crypto_bot | TRADE pair=ROBO-USDT time=2026-08-19T02:58:18.890000+00:00 price=0.01279000 size=1779.70000000
2026-08-19 02:58:18,947 | INFO | crypto_bot | 1m CLOSED ts=2026-08-19T02:55:00+00:00 o=0.01279000 h=0.01279000 l=0.01279000 c=0.01279000 v=6811.90000000
2026-08-19 02:58:18,947 | INFO | crypto_bot | ENTRY signal=HOLD reason=trend_filter_not_passed meta={'regime': 'unknown'}
2026-08-19 02:58:35,809 | INFO | crypto_bot | TRADE pair=ROBO-USDT time=2026-08-19T02:58:35.756000+00:00 price=0.01283000 size=14119.70000000
2026-08-19 02:59:49,390 | INFO | crypto_bot | TRADE pair=ROBO-USDT time=2026-08-19T02:59:49.337000+00:00 price=0.01284000 size=113.50000000
2026-08-19 02:59:49,391 | INFO | crypto_bot | 1m CLOSED ts=2026-08-19T02:58:00+00:00 o=0.01279000 h=0.01283000 l=0.01279000 c=0.01283000 v=15899.40000000
2026-08-19 02:59:49,391 | INFO | crypto_bot | ENTRY signal=HOLD reason=trend_filter_not_passed meta={'regime': 'unknown'}
2026-08-19 03:00:03,091 | INFO | crypto_bot | TRADE pair=ROBO-USDT time=2026-08-19T03:00:03.036000+00:00 price=0.01283000 size=591.60000000
2026-08-19 03:00:03,091 | INFO | crypto_bot | 1m CLOSED ts=2026-08-19T02:59:00+00:00 o=0.01284000 h=0.01284000 l=0.01284000 c=0.01284000 v=113.50000000
2026-08-19 03:00:03,091 | INFO | crypto_bot | ENTRY signal=HOLD reason=trend_filter_not_passed meta={'regime': 'unknown'}
2026-08-19 03:00:03,091 | INFO | crypto_bot | 5m CLOSED ts=2026-08-19T02:55:00+00:00 o=0.01279000 h=0.01284000 l=0.01279000 c=0.01284000 v=22824.80000000
2026-08-19 03:00:30,829 | INFO | crypto_bot | TRADE pair=ROBO-USDT time=2026-08-19T03:00:30.776000+00:00 price=0.01289000 size=26297.40000000
2026-08-19 03:00:30,878 | INFO | crypto_bot | TRADE pair=ROBO-USDT time=2026-08-19T03:00:30.824000+00:00 price=0.01287000 size=21325.70000000
2026-08-19 03:00:30,881 | INFO | crypto_bot | TRADE pair=ROBO-USDT time=2026-08-19T03:00:30.828000+00:00 price=0.01286000 size=1795.90000000
2026-08-19 03:00:30,881 | INFO | crypto_bot | TRADE pair=ROBO-USDT time=2026-08-19T03:00:30.828000+00:00 price=0.01286000 size=27514.20000000
2026-08-19 03:00:30,882 | INFO | crypto_bot | TRADE pair=ROBO-USDT time=2026-08-19T03:00:30.829000+00:00 price=0.01287000 size=5721.60000000
2026-08-19 03:00:47,175 | INFO | crypto_bot | TRADE pair=ROBO-USDT time=2026-08-19T03:00:47.120000+00:00 price=0.01289000 size=7757.90000000
2026-08-19 03:01:05,691 | INFO | crypto_bot | TRADE pair=ROBO-USDT time=2026-08-19T03:01:05.638000+00:00 price=0.01284000 size=716.00000000
2026-08-19 03:01:05,692 | INFO | crypto_bot | 1m CLOSED ts=2026-08-19T03:00:00+00:00 o=0.01283000 h=0.01289000 l=0.01283000 c=0.01289000 v=91004.30000000
2026-08-19 03:01:05,692 | INFO | crypto_bot | ENTRY signal=HOLD reason=trend_filter_not_passed meta={'regime': 'unknown'}
2026-08-19 03:03:55,529 | INFO | crypto_bot | TRADE pair=ROBO-USDT time=2026-08-19T03:03:55.473000+00:00 price=0.01282000 size=28125.00000000
2026-08-19 03:03:55,529 | INFO | crypto_bot | 1m CLOSED ts=2026-08-19T03:01:00+00:00 o=0.01284000 h=0.01284000 l=0.01284000 c=0.01284000 v=716.00000000
2026-08-19 03:03:55,529 | INFO | crypto_bot | ENTRY signal=HOLD reason=trend_filter_not_passed meta={'regime': 'unknown'}
2026-08-19 03:09:47,620 | INFO | crypto_bot | TRADE pair=ROBO-USDT time=2026-08-19T03:09:47.562000+00:00 price=0.01279000 size=1490.00000000
2026-08-19 03:09:47,620 | INFO | crypto_bot | 1m CLOSED ts=2026-08-19T03:03:00+00:00 o=0.01282000 h=0.01282000 l=0.01282000 c=0.01282000 v=28125.00000000
2026-08-19 03:09:47,620 | INFO | crypto_bot | ENTRY signal=HOLD reason=trend_filter_not_passed meta={'regime': 'unknown'}
2026-08-19 03:09:47,620 | INFO | crypto_bot | 5m CLOSED ts=2026-08-19T03:00:00+00:00 o=0.01283000 h=0.01289000 l=0.01282000 c=0.01282000 v=119845.30000000
2026-08-19 03:09:47,621 | INFO | crypto_bot | TRADE pair=ROBO-USDT time=2026-08-19T03:09:47.563000+00:00 price=0.01279000 size=1660.00000000
2026-08-19 03:10:07,867 | INFO | crypto_bot | TRADE pair=ROBO-USDT time=2026-08-19T03:10:07.813000+00:00 price=0.01283000 size=44895.80000000
2026-08-19 03:10:07,867 | INFO | crypto_bot | 1m CLOSED ts=2026-08-19T03:09:00+00:00 o=0.01279000 h=0.01279000 l=0.01279000 c=0.01279000 v=3150.00000000
2026-08-19 03:10:07,867 | INFO | crypto_bot | ENTRY signal=HOLD reason=trend_filter_not_passed meta={'regime': 'unknown'}
2026-08-19 03:10:07,867 | INFO | crypto_bot | 5m CLOSED ts=2026-08-19T03:05:00+00:00 o=0.01279000 h=0.01279000 l=0.01279000 c=0.01279000 v=3150.00000000
2026-08-19 03:13:38,890 | INFO | crypto_bot | TRADE pair=ROBO-USDT time=2026-08-19T03:13:38.836000+00:00 price=0.01282000 size=13599.90000000
2026-08-19 03:13:38,890 | INFO | crypto_bot | 1m CLOSED ts=2026-08-19T03:10:00+00:00 o=0.01283000 h=0.01283000 l=0.01283000 c=0.01283000 v=44895.80000000
2026-08-19 03:13:38,890 | INFO | crypto_bot | ENTRY signal=HOLD reason=trend_filter_not_passed meta={'regime': 'unknown'}
2026-08-19 03:16:07,833 | INFO | crypto_bot | TRADE pair=ROBO-USDT time=2026-08-19T03:16:07.779000+00:00 price=0.01285000 size=1945.50000000
2026-08-19 03:16:07,833 | INFO | crypto_bot | 1m CLOSED ts=2026-08-19T03:13:00+00:00 o=0.01282000 h=0.01282000 l=0.01282000 c=0.01282000 v=13599.90000000
2026-08-19 03:16:07,833 | INFO | crypto_bot | ENTRY signal=HOLD reason=trend_filter_not_passed meta={'regime': 'unknown'}
2026-08-19 03:16:07,834 | INFO | crypto_bot | 5m CLOSED ts=2026-08-19T03:10:00+00:00 o=0.01283000 h=0.01283000 l=0.01282000 c=0.01282000 v=58495.70000000
2026-08-19 03:16:25,426 | INFO | crypto_bot | TRADE pair=ROBO-USDT time=2026-08-19T03:16:25.373000+00:00 price=0.01285000 size=19072.70000000
2026-08-19 03:16:55,312 | INFO | crypto_bot | TRADE pair=ROBO-USDT time=2026-08-19T03:16:55.258000+00:00 price=0.01286000 size=1282.50000000
2026-08-19 03:16:55,312 | INFO | crypto_bot | TRADE pair=ROBO-USDT time=2026-08-19T03:16:55.258000+00:00 price=0.01287000 size=660.90000000
2026-08-19 03:19:54,194 | INFO | crypto_bot | TRADE pair=ROBO-USDT time=2026-08-19T03:19:54.139000+00:00 price=0.01290000 size=7320.80000000
2026-08-19 03:19:54,194 | INFO | crypto_bot | 1m CLOSED ts=2026-08-19T03:16:00+00:00 o=0.01285000 h=0.01287000 l=0.01285000 c=0.01287000 v=22961.60000000
2026-08-19 03:19:54,194 | INFO | crypto_bot | ENTRY signal=HOLD reason=trend_filter_not_passed meta={'regime': 'unknown'}
2026-08-19 03:19:54,195 | INFO | crypto_bot | TRADE pair=ROBO-USDT time=2026-08-19T03:19:54.139000+00:00 price=0.01290000 size=20804.20000000
2026-08-19 03:21:52,556 | INFO | crypto_bot | TRADE pair=ROBO-USDT time=2026-08-19T03:21:52.501000+00:00 price=0.01289000 size=4530.00000000
2026-08-19 03:21:52,556 | INFO | crypto_bot | 1m CLOSED ts=2026-08-19T03:19:00+00:00 o=0.01290000 h=0.01290000 l=0.01290000 c=0.01290000 v=28125.00000000
2026-08-19 03:21:52,556 | INFO | crypto_bot | ENTRY signal=HOLD reason=trend_filter_not_passed meta={'regime': 'unknown'}
2026-08-19 03:21:52,557 | INFO | crypto_bot | 5m CLOSED ts=2026-08-19T03:15:00+00:00 o=0.01285000 h=0.01290000 l=0.01285000 c=0.01290000 v=51086.60000000
2026-08-19 03:22:13,622 | INFO | crypto_bot | TRADE pair=ROBO-USDT time=2026-08-19T03:22:13.568000+00:00 price=0.01289000 size=28529.50000000
2026-08-19 03:22:13,623 | INFO | crypto_bot | 1m CLOSED ts=2026-08-19T03:21:00+00:00 o=0.01289000 h=0.01289000 l=0.01289000 c=0.01289000 v=4530.00000000
2026-08-19 03:22:13,623 | INFO | crypto_bot | ENTRY signal=HOLD reason=trend_filter_not_passed meta={'regime': 'unknown'}
2026-08-19 03:23:03,280 | INFO | crypto_bot | TRADE pair=ROBO-USDT time=2026-08-19T03:23:03.226000+00:00 price=0.01290000 size=2509.90000000
2026-08-19 03:23:03,280 | INFO | crypto_bot | 1m CLOSED ts=2026-08-19T03:22:00+00:00 o=0.01289000 h=0.01289000 l=0.01289000 c=0.01289000 v=28529.50000000
2026-08-19 03:23:03,280 | INFO | crypto_bot | ENTRY signal=HOLD reason=trend_filter_not_passed meta={'regime': 'unknown'}
2026-08-19 03:24:47,202 | INFO | crypto_bot | TRADE pair=ROBO-USDT time=2026-08-19T03:24:47.147000+00:00 price=0.01287000 size=606.30000000
2026-08-19 03:24:47,202 | INFO | crypto_bot | 1m CLOSED ts=2026-08-19T03:23:00+00:00 o=0.01290000 h=0.01290000 l=0.01290000 c=0.01290000 v=2509.90000000
2026-08-19 03:24:47,202 | INFO | crypto_bot | ENTRY signal=HOLD reason=trend_filter_not_passed meta={'regime': 'unknown'}
2026-08-19 03:30:08,636 | INFO | crypto_bot | TRADE pair=ROBO-USDT time=2026-08-19T03:30:08.580000+00:00 price=0.01285000 size=6370.40000000
2026-08-19 03:30:08,637 | INFO | crypto_bot | 1m CLOSED ts=2026-08-19T03:24:00+00:00 o=0.01287000 h=0.01287000 l=0.01287000 c=0.01287000 v=606.30000000
2026-08-19 03:30:08,637 | INFO | crypto_bot | ENTRY signal=HOLD reason=trend_filter_not_passed meta={'regime': 'unknown'}
2026-08-19 03:30:08,637 | INFO | crypto_bot | 5m CLOSED ts=2026-08-19T03:20:00+00:00 o=0.01289000 h=0.01290000 l=0.01287000 c=0.01287000 v=36175.70000000
2026-08-19 03:30:08,755 | INFO | crypto_bot | TRADE pair=ROBO-USDT time=2026-08-19T03:30:08.702000+00:00 price=0.01285000 size=5414.90000000
2026-08-19 03:30:46,833 | INFO | crypto_bot | TRADE pair=ROBO-USDT time=2026-08-19T03:30:46.779000+00:00 price=0.01285000 size=28125.00000000
2026-08-19 03:34:14,470 | INFO | crypto_bot | TRADE pair=ROBO-USDT time=2026-08-19T03:34:14.407000+00:00 price=0.01282000 size=606.30000000
2026-08-19 03:34:14,470 | INFO | crypto_bot | 1m CLOSED ts=2026-08-19T03:30:00+00:00 o=0.01285000 h=0.01285000 l=0.01285000 c=0.01285000 v=39910.30000000
2026-08-19 03:34:14,470 | INFO | crypto_bot | ENTRY signal=HOLD reason=trend_filter_not_passed meta={'regime': 'unknown'}
2026-08-19 03:34:14,470 | INFO | crypto_bot | TRADE pair=ROBO-USDT time=2026-08-19T03:34:14.407000+00:00 price=0.01282000 size=17448.80000000
2026-08-19 03:36:43,843 | INFO | crypto_bot | TRADE pair=ROBO-USDT time=2026-08-19T03:36:43.790000+00:00 price=0.01280000 size=12235.30000000
2026-08-19 03:36:43,843 | INFO | crypto_bot | 1m CLOSED ts=2026-08-19T03:34:00+00:00 o=0.01282000 h=0.01282000 l=0.01282000 c=0.01282000 v=18055.10000000
2026-08-19 03:36:43,843 | INFO | crypto_bot | ENTRY signal=HOLD reason=trend_filter_not_passed meta={'regime': 'unknown'}
2026-08-19 03:36:43,844 | INFO | crypto_bot | 5m CLOSED ts=2026-08-19T03:30:00+00:00 o=0.01285000 h=0.01285000 l=0.01282000 c=0.01282000 v=57965.40000000
2026-08-19 03:36:43,844 | INFO | crypto_bot | TRADE pair=ROBO-USDT time=2026-08-19T03:36:43.790000+00:00 price=0.01279000 size=38125.00000000
2026-08-19 03:36:44,988 | INFO | crypto_bot | TRADE pair=ROBO-USDT time=2026-08-19T03:36:44.933000+00:00 price=0.01278000 size=113.60000000
2026-08-19 03:38:44,071 | INFO | crypto_bot | TRADE pair=ROBO-USDT time=2026-08-19T03:38:44.018000+00:00 price=0.01275000 size=1573.00000000
2026-08-19 03:38:44,071 | INFO | crypto_bot | 1m CLOSED ts=2026-08-19T03:36:00+00:00 o=0.01280000 h=0.01280000 l=0.01278000 c=0.01278000 v=50473.90000000
2026-08-19 03:38:44,071 | INFO | crypto_bot | ENTRY signal=HOLD reason=trend_filter_not_passed meta={'regime': 'unknown'}
2026-08-19 03:40:56,137 | INFO | crypto_bot | TRADE pair=ROBO-USDT time=2026-08-19T03:40:56.083000+00:00 price=0.01279000 size=14117.60000000
2026-08-19 03:40:56,137 | INFO | crypto_bot | 1m CLOSED ts=2026-08-19T03:38:00+00:00 o=0.01275000 h=0.01275000 l=0.01275000 c=0.01275000 v=1573.00000000
2026-08-19 03:40:56,138 | INFO | crypto_bot | ENTRY signal=HOLD reason=trend_filter_not_passed meta={'regime': 'unknown'}
2026-08-19 03:40:56,138 | INFO | crypto_bot | 5m CLOSED ts=2026-08-19T03:35:00+00:00 o=0.01280000 h=0.01280000 l=0.01275000 c=0.01275000 v=52046.90000000
2026-08-19 03:41:02,438 | INFO | crypto_bot | TRADE pair=ROBO-USDT time=2026-08-19T03:41:02.384000+00:00 price=0.01277000 size=4653.40000000
2026-08-19 03:41:02,438 | INFO | crypto_bot | 1m CLOSED ts=2026-08-19T03:40:00+00:00 o=0.01279000 h=0.01279000 l=0.01279000 c=0.01279000 v=14117.60000000
2026-08-19 03:41:02,438 | INFO | crypto_bot | ENTRY signal=HOLD reason=trend_filter_not_passed meta={'regime': 'unknown'}
2026-08-19 03:45:00,337 | INFO | crypto_bot | TRADE pair=ROBO-USDT time=2026-08-19T03:45:00.281000+00:00 price=0.01277000 size=6284.70000000
2026-08-19 03:45:00,337 | INFO | crypto_bot | 1m CLOSED ts=2026-08-19T03:41:00+00:00 o=0.01277000 h=0.01277000 l=0.01277000 c=0.01277000 v=4653.40000000
2026-08-19 03:45:00,338 | INFO | crypto_bot | ENTRY signal=HOLD reason=trend_filter_not_passed meta={'regime': 'unknown'}
2026-08-19 03:45:00,338 | INFO | crypto_bot | 5m CLOSED ts=2026-08-19T03:40:00+00:00 o=0.01279000 h=0.01279000 l=0.01277000 c=0.01277000 v=18771.00000000
2026-08-19 03:45:24,325 | INFO | crypto_bot | TRADE pair=ROBO-USDT time=2026-08-19T03:45:24.271000+00:00 price=0.01277000 size=28125.00000000
2026-08-19 03:45:25,581 | INFO | crypto_bot | TRADE pair=ROBO-USDT time=2026-08-19T03:45:25.527000+00:00 price=0.01279000 size=5636.20000000
2026-08-19 03:46:09,783 | INFO | crypto_bot | TRADE pair=ROBO-USDT time=2026-08-19T03:46:09.729000+00:00 price=0.01277000 size=3355.40000000
2026-08-19 03:46:09,783 | INFO | crypto_bot | 1m CLOSED ts=2026-08-19T03:45:00+00:00 o=0.01277000 h=0.01279000 l=0.01277000 c=0.01279000 v=40045.90000000
2026-08-19 03:46:09,783 | INFO | crypto_bot | ENTRY signal=HOLD reason=trend_filter_not_passed meta={'regime': 'unknown'}
2026-08-19 03:48:08,044 | INFO | crypto_bot | TRADE pair=ROBO-USDT time=2026-08-19T03:48:07.991000+00:00 price=0.01277000 size=5630.50000000
2026-08-19 03:48:08,045 | INFO | crypto_bot | 1m CLOSED ts=2026-08-19T03:46:00+00:00 o=0.01277000 h=0.01277000 l=0.01277000 c=0.01277000 v=3355.40000000
2026-08-19 03:48:08,045 | INFO | crypto_bot | ENTRY signal=HOLD reason=trend_filter_not_passed meta={'regime': 'unknown'}
2026-08-19 03:50:31,252 | INFO | crypto_bot | TRADE pair=ROBO-USDT time=2026-08-19T03:50:31.198000+00:00 price=0.01278000 size=18779.40000000
2026-08-19 03:50:31,252 | INFO | crypto_bot | 1m CLOSED ts=2026-08-19T03:48:00+00:00 o=0.01277000 h=0.01277000 l=0.01277000 c=0.01277000 v=5630.50000000
2026-08-19 03:50:31,252 | INFO | crypto_bot | ENTRY signal=HOLD reason=trend_filter_not_passed meta={'regime': 'unknown'}
2026-08-19 03:50:31,253 | INFO | crypto_bot | 5m CLOSED ts=2026-08-19T03:45:00+00:00 o=0.01277000 h=0.01279000 l=0.01277000 c=0.01277000 v=49031.80000000
2026-08-19 03:50:59,566 | INFO | crypto_bot | TRADE pair=ROBO-USDT time=2026-08-19T03:50:59.506000+00:00 price=0.01278000 size=4499.90000000
2026-08-19 03:50:59,572 | INFO | crypto_bot | TRADE pair=ROBO-USDT time=2026-08-19T03:50:59.519000+00:00 price=0.01278000 size=25500.10000000
2026-08-19 03:51:38,493 | INFO | crypto_bot | TRADE pair=ROBO-USDT time=2026-08-19T03:51:38.439000+00:00 price=0.01278000 size=4692.30000000
2026-08-19 03:51:38,493 | INFO | crypto_bot | 1m CLOSED ts=2026-08-19T03:50:00+00:00 o=0.01278000 h=0.01278000 l=0.01278000 c=0.01278000 v=48779.40000000
2026-08-19 03:51:38,493 | INFO | crypto_bot | ENTRY signal=HOLD reason=trend_filter_not_passed meta={'regime': 'unknown'}
2026-08-19 03:52:19,400 | INFO | crypto_bot | TRADE pair=ROBO-USDT time=2026-08-19T03:52:19.346000+00:00 price=0.01279000 size=1282.50000000
2026-08-19 03:52:19,400 | INFO | crypto_bot | 1m CLOSED ts=2026-08-19T03:51:00+00:00 o=0.01278000 h=0.01278000 l=0.01278000 c=0.01278000 v=4692.30000000
2026-08-19 03:52:19,401 | INFO | crypto_bot | ENTRY signal=HOLD reason=trend_filter_not_passed meta={'regime': 'unknown'}
2026-08-19 03:52:19,401 | INFO | crypto_bot | TRADE pair=ROBO-USDT time=2026-08-19T03:52:19.346000+00:00 price=0.01279000 size=17496.90000000
2026-08-19 03:52:20,003 | INFO | crypto_bot | TRADE pair=ROBO-USDT time=2026-08-19T03:52:19.949000+00:00 price=0.01278000 size=4180.90000000
2026-08-19 03:52:42,132 | INFO | crypto_bot | TRADE pair=ROBO-USDT time=2026-08-19T03:52:42.078000+00:00 price=0.01278000 size=687.00000000
2026-08-19 03:53:47,387 | INFO | crypto_bot | TRADE pair=ROBO-USDT time=2026-08-19T03:53:47.333000+00:00 price=0.01279000 size=18779.40000000
2026-08-19 03:53:47,387 | INFO | crypto_bot | 1m CLOSED ts=2026-08-19T03:52:00+00:00 o=0.01279000 h=0.01279000 l=0.01278000 c=0.01278000 v=23647.30000000
2026-08-19 03:53:47,387 | INFO | crypto_bot | ENTRY signal=HOLD reason=trend_filter_not_passed meta={'regime': 'unknown'}
2026-08-19 03:55:08,527 | INFO | crypto_bot | TRADE pair=ROBO-USDT time=2026-08-19T03:55:08.473000+00:00 price=0.01278000 size=1944.30000000
2026-08-19 03:55:08,527 | INFO | crypto_bot | 1m CLOSED ts=2026-08-19T03:53:00+00:00 o=0.01279000 h=0.01279000 l=0.01279000 c=0.01279000 v=18779.40000000
2026-08-19 03:55:08,528 | INFO | crypto_bot | ENTRY signal=HOLD reason=trend_filter_not_passed meta={'regime': 'unknown'}
2026-08-19 03:55:08,528 | INFO | crypto_bot | 5m CLOSED ts=2026-08-19T03:50:00+00:00 o=0.01278000 h=0.01279000 l=0.01278000 c=0.01279000 v=95898.40000000
2026-08-19 03:55:08,528 | INFO | crypto_bot | TRADE pair=ROBO-USDT time=2026-08-19T03:55:08.474000+00:00 price=0.01278000 size=19778.00000000
2026-08-19 03:55:19,457 | INFO | crypto_bot | TRADE pair=ROBO-USDT time=2026-08-19T03:55:19.402000+00:00 price=0.01274000 size=256.40000000
2026-08-19 03:58:33,938 | INFO | crypto_bot | TRADE pair=ROBO-USDT time=2026-08-19T03:58:33.883000+00:00 price=0.01278000 size=20061.90000000
2026-08-19 03:58:33,938 | INFO | crypto_bot | 1m CLOSED ts=2026-08-19T03:55:00+00:00 o=0.01278000 h=0.01278000 l=0.01274000 c=0.01274000 v=21978.70000000
2026-08-19 03:58:33,938 | INFO | crypto_bot | ENTRY signal=HOLD reason=trend_filter_not_passed meta={'regime': 'unknown'}
2026-08-19 03:58:33,939 | INFO | crypto_bot | TRADE pair=ROBO-USDT time=2026-08-19T03:58:33.884000+00:00 price=0.01278000 size=7028.30000000
2026-08-19 03:59:26,332 | INFO | crypto_bot | TRADE pair=ROBO-USDT time=2026-08-19T03:59:26.278000+00:00 price=0.01274000 size=1693.70000000
2026-08-19 03:59:26,332 | INFO | crypto_bot | 1m CLOSED ts=2026-08-19T03:58:00+00:00 o=0.01278000 h=0.01278000 l=0.01278000 c=0.01278000 v=27090.20000000
2026-08-19 03:59:26,332 | INFO | crypto_bot | ENTRY signal=HOLD reason=trend_filter_not_passed meta={'regime': 'unknown'}
2026-08-19 03:59:26,333 | INFO | crypto_bot | TRADE pair=ROBO-USDT time=2026-08-19T03:59:26.279000+00:00 price=0.01274000 size=22750.90000000
2026-08-19 04:00:28,252 | INFO | crypto_bot | TRADE pair=ROBO-USDT time=2026-08-19T04:00:28.189000+00:00 price=0.01272000 size=7861.60000000
2026-08-19 04:00:28,252 | INFO | crypto_bot | 1m CLOSED ts=2026-08-19T03:59:00+00:00 o=0.01274000 h=0.01274000 l=0.01274000 c=0.01274000 v=24444.60000000
2026-08-19 04:00:28,253 | INFO | crypto_bot | ENTRY signal=HOLD reason=trend_filter_not_passed meta={'regime': 'unknown'}
2026-08-19 04:00:28,253 | INFO | crypto_bot | 5m CLOSED ts=2026-08-19T03:55:00+00:00 o=0.01278000 h=0.01278000 l=0.01274000 c=0.01274000 v=73513.50000000
2026-08-19 04:01:27,341 | INFO | crypto_bot | TRADE pair=ROBO-USDT time=2026-08-19T04:01:27.287000+00:00 price=0.01273000 size=100.00000000
2026-08-19 04:01:27,341 | INFO | crypto_bot | 1m CLOSED ts=2026-08-19T04:00:00+00:00 o=0.01272000 h=0.01272000 l=0.01272000 c=0.01272000 v=7861.60000000
2026-08-19 04:01:27,341 | INFO | crypto_bot | ENTRY signal=HOLD reason=trend_filter_not_passed meta={'regime': 'unknown'}
2026-08-19 04:01:34,247 | INFO | crypto_bot | TRADE pair=ROBO-USDT time=2026-08-19T04:01:34.193000+00:00 price=0.01271000 size=3074.60000000
2026-08-19 04:02:08,274 | INFO | crypto_bot | TRADE pair=ROBO-USDT time=2026-08-19T04:02:08.220000+00:00 price=0.01270000 size=116.20000000
2026-08-19 04:02:08,274 | INFO | crypto_bot | 1m CLOSED ts=2026-08-19T04:01:00+00:00 o=0.01273000 h=0.01273000 l=0.01271000 c=0.01271000 v=3174.60000000
2026-08-19 04:02:08,274 | INFO | crypto_bot | ENTRY signal=HOLD reason=trend_filter_not_passed meta={'regime': 'unknown'}
2026-08-19 04:02:08,291 | INFO | crypto_bot | TRADE pair=ROBO-USDT time=2026-08-19T04:02:08.237000+00:00 price=0.01270000 size=531.80000000
2026-08-19 04:02:13,915 | INFO | crypto_bot | TRADE pair=ROBO-USDT time=2026-08-19T04:02:13.861000+00:00 price=0.01269000 size=2306.10000000
2026-08-19 04:02:14,001 | INFO | crypto_bot | TRADE pair=ROBO-USDT time=2026-08-19T04:02:13.947000+00:00 price=0.01267000 size=1282.50000000
2026-08-19 04:02:14,002 | INFO | crypto_bot | TRADE pair=ROBO-USDT time=2026-08-19T04:02:13.948000+00:00 price=0.01265000 size=1694.60000000
2026-08-19 04:02:14,004 | INFO | crypto_bot | TRADE pair=ROBO-USDT time=2026-08-19T04:02:13.951000+00:00 price=0.01264000 size=125.60000000
2026-08-19 04:02:14,011 | INFO | crypto_bot | TRADE pair=ROBO-USDT time=2026-08-19T04:02:13.957000+00:00 price=0.01265000 size=180.30000000
2026-08-19 04:02:14,013 | INFO | crypto_bot | TRADE pair=ROBO-USDT time=2026-08-19T04:02:13.959000+00:00 price=0.01265000 size=18599.10000000
2026-08-19 04:02:14,042 | INFO | crypto_bot | TRADE pair=ROBO-USDT time=2026-08-19T04:02:13.988000+00:00 price=0.01269000 size=1282.50000000
2026-08-19 04:02:14,152 | INFO | crypto_bot | TRADE pair=ROBO-USDT time=2026-08-19T04:02:14.098000+00:00 price=0.01268000 size=1282.50000000
2026-08-19 04:02:14,182 | INFO | crypto_bot | TRADE pair=ROBO-USDT time=2026-08-19T04:02:14.129000+00:00 price=0.01268000 size=3289.00000000
2026-08-19 04:02:39,632 | INFO | crypto_bot | TRADE pair=ROBO-USDT time=2026-08-19T04:02:39.578000+00:00 price=0.01270000 size=10100.00000000
2026-08-19 04:02:49,578 | INFO | crypto_bot | TRADE pair=ROBO-USDT time=2026-08-19T04:02:49.525000+00:00 price=0.01268000 size=19863.30000000
2026-08-19 04:04:00,622 | INFO | crypto_bot | TRADE pair=ROBO-USDT time=2026-08-19T04:04:00.568000+00:00 price=0.01269000 size=18779.40000000
2026-08-19 04:04:00,622 | INFO | crypto_bot | 1m CLOSED ts=2026-08-19T04:02:00+00:00 o=0.01270000 h=0.01270000 l=0.01264000 c=0.01268000 v=60653.50000000
2026-08-19 04:04:00,622 | INFO | crypto_bot | ENTRY signal=HOLD reason=trend_filter_not_passed meta={'regime': 'unknown'}
2026-08-19 04:04:34,867 | INFO | crypto_bot | TRADE pair=ROBO-USDT time=2026-08-19T04:04:34.813000+00:00 price=0.01268000 size=4402.00000000
2026-08-19 04:10:47,219 | INFO | crypto_bot | TRADE pair=ROBO-USDT time=2026-08-19T04:10:47.165000+00:00 price=0.01269000 size=5506.00000000
2026-08-19 04:10:47,219 | INFO | crypto_bot | 1m CLOSED ts=2026-08-19T04:04:00+00:00 o=0.01269000 h=0.01269000 l=0.01268000 c=0.01268000 v=23181.40000000
2026-08-19 04:10:47,219 | INFO | crypto_bot | ENTRY signal=HOLD reason=trend_filter_not_passed meta={'regime': 'unknown'}
2026-08-19 04:10:47,220 | INFO | crypto_bot | 5m CLOSED ts=2026-08-19T04:00:00+00:00 o=0.01272000 h=0.01273000 l=0.01264000 c=0.01268000 v=94871.10000000
2026-08-19 04:10:55,736 | INFO | crypto_bot | TRADE pair=ROBO-USDT time=2026-08-19T04:10:55.682000+00:00 price=0.01269000 size=25776.50000000
2026-08-19 04:10:56,525 | INFO | crypto_bot | TRADE pair=ROBO-USDT time=2026-08-19T04:10:56.472000+00:00 price=0.01270000 size=15748.00000000
2026-08-19 04:11:12,268 | INFO | crypto_bot | TRADE pair=ROBO-USDT time=2026-08-19T04:11:12.213000+00:00 price=0.01270000 size=22310.50000000
2026-08-19 04:11:12,268 | INFO | crypto_bot | 1m CLOSED ts=2026-08-19T04:10:00+00:00 o=0.01269000 h=0.01270000 l=0.01269000 c=0.01270000 v=47030.50000000
2026-08-19 04:11:12,268 | INFO | crypto_bot | ENTRY signal=HOLD reason=trend_filter_not_passed meta={'regime': 'unknown'}
2026-08-19 04:11:12,277 | INFO | crypto_bot | TRADE pair=ROBO-USDT time=2026-08-19T04:11:12.223000+00:00 price=0.01270000 size=7689.50000000
2026-08-19 04:11:34,247 | INFO | crypto_bot | TRADE pair=ROBO-USDT time=2026-08-19T04:11:34.194000+00:00 price=0.01270000 size=4462.50000000
2026-08-19 04:11:34,252 | INFO | crypto_bot | TRADE pair=ROBO-USDT time=2026-08-19T04:11:34.199000+00:00 price=0.01270000 size=7374.70000000
2026-08-19 04:11:34,252 | INFO | crypto_bot | TRADE pair=ROBO-USDT time=2026-08-19T04:11:34.200000+00:00 price=0.01270000 size=4747.70000000
2026-08-19 04:11:34,272 | INFO | crypto_bot | TRADE pair=ROBO-USDT time=2026-08-19T04:11:34.219000+00:00 price=0.01270000 size=3165.10000000
2026-08-19 04:11:34,345 | INFO | crypto_bot | TRADE pair=ROBO-USDT time=2026-08-19T04:11:34.290000+00:00 price=0.01270000 size=7084.90000000
2026-08-19 04:11:34,346 | INFO | crypto_bot | TRADE pair=ROBO-USDT time=2026-08-19T04:11:34.291000+00:00 price=0.01270000 size=3165.10000000
2026-08-19 04:11:50,983 | INFO | crypto_bot | TRADE pair=ROBO-USDT time=2026-08-19T04:11:50.929000+00:00 price=0.01270000 size=576.50000000
2026-08-19 04:11:54,456 | INFO | crypto_bot | TRADE pair=ROBO-USDT time=2026-08-19T04:11:54.402000+00:00 price=0.01270000 size=19423.50000000
2026-08-19 04:12:00,106 | INFO | crypto_bot | TRADE pair=ROBO-USDT time=2026-08-19T04:12:00.053000+00:00 price=0.01271000 size=15735.60000000
2026-08-19 04:12:00,106 | INFO | crypto_bot | 1m CLOSED ts=2026-08-19T04:11:00+00:00 o=0.01270000 h=0.01270000 l=0.01270000 c=0.01270000 v=80000.00000000
2026-08-19 04:12:00,106 | INFO | crypto_bot | ENTRY signal=HOLD reason=trend_filter_not_passed meta={'regime': 'unknown'}
2026-08-19 04:12:19,494 | INFO | crypto_bot | TRADE pair=ROBO-USDT time=2026-08-19T04:12:19.440000+00:00 price=0.01271000 size=5722.30000000
2026-08-19 04:12:19,494 | INFO | crypto_bot | TRADE pair=ROBO-USDT time=2026-08-19T04:12:19.441000+00:00 price=0.01271000 size=7690.80000000
2026-08-19 04:12:19,495 | INFO | crypto_bot | TRADE pair=ROBO-USDT time=2026-08-19T04:12:19.441000+00:00 price=0.01271000 size=2322.50000000
2026-08-19 04:13:03,449 | INFO | crypto_bot | TRADE pair=ROBO-USDT time=2026-08-19T04:13:03.396000+00:00 price=0.01271000 size=7867.80000000
2026-08-19 04:13:03,450 | INFO | crypto_bot | 1m CLOSED ts=2026-08-19T04:12:00+00:00 o=0.01271000 h=0.01271000 l=0.01271000 c=0.01271000 v=31471.20000000
2026-08-19 04:13:03,450 | INFO | crypto_bot | ENTRY signal=HOLD reason=trend_filter_not_passed meta={'regime': 'unknown'}
2026-08-19 04:13:23,569 | INFO | crypto_bot | TRADE pair=ROBO-USDT time=2026-08-19T04:13:23.515000+00:00 price=0.01271000 size=12194.10000000
2026-08-19 04:13:23,569 | INFO | crypto_bot | TRADE pair=ROBO-USDT time=2026-08-19T04:13:23.516000+00:00 price=0.01271000 size=2729.10000000
2026-08-19 04:14:18,537 | INFO | crypto_bot | TRADE pair=ROBO-USDT time=2026-08-19T04:14:18.477000+00:00 price=0.01271000 size=6604.00000000
2026-08-19 04:14:18,537 | INFO | crypto_bot | 1m CLOSED ts=2026-08-19T04:13:00+00:00 o=0.01271000 h=0.01271000 l=0.01271000 c=0.01271000 v=22791.00000000
2026-08-19 04:14:18,537 | INFO | crypto_bot | ENTRY signal=HOLD reason=trend_filter_not_passed meta={'regime': 'unknown'}
2026-08-19 04:16:12,074 | INFO | crypto_bot | TRADE pair=ROBO-USDT time=2026-08-19T04:16:12.008000+00:00 price=0.01268000 size=33943.20000000
2026-08-19 04:16:12,074 | INFO | crypto_bot | 1m CLOSED ts=2026-08-19T04:14:00+00:00 o=0.01271000 h=0.01271000 l=0.01271000 c=0.01271000 v=6604.00000000
2026-08-19 04:16:12,074 | INFO | crypto_bot | ENTRY signal=HOLD reason=trend_filter_not_passed meta={'regime': 'unknown'}
2026-08-19 04:16:12,074 | INFO | crypto_bot | 5m CLOSED ts=2026-08-19T04:10:00+00:00 o=0.01269000 h=0.01271000 l=0.01269000 c=0.01271000 v=187896.70000000
2026-08-19 04:16:25,104 | INFO | crypto_bot | TRADE pair=ROBO-USDT time=2026-08-19T04:16:25.050000+00:00 price=0.01265000 size=113.60000000
2026-08-19 04:16:32,982 | INFO | crypto_bot | TRADE pair=ROBO-USDT time=2026-08-19T04:16:32.928000+00:00 price=0.01264000 size=18779.40000000
2026-08-19 04:20:18,637 | INFO | crypto_bot | TRADE pair=ROBO-USDT time=2026-08-19T04:20:18.582000+00:00 price=0.01266000 size=157.90000000
2026-08-19 04:20:18,640 | INFO | crypto_bot | 1m CLOSED ts=2026-08-19T04:16:00+00:00 o=0.01268000 h=0.01268000 l=0.01264000 c=0.01264000 v=52836.20000000
2026-08-19 04:20:18,640 | INFO | crypto_bot | ENTRY signal=HOLD reason=trend_filter_not_passed meta={'regime': 'unknown'}
2026-08-19 04:20:18,653 | INFO | crypto_bot | 5m CLOSED ts=2026-08-19T04:15:00+00:00 o=0.01268000 h=0.01268000 l=0.01264000 c=0.01264000 v=52836.20000000
2026-08-19 04:22:45,115 | INFO | crypto_bot | TRADE pair=ROBO-USDT time=2026-08-19T04:22:45.053000+00:00 price=0.01266000 size=4324.80000000
2026-08-19 04:22:45,119 | INFO | crypto_bot | 1m CLOSED ts=2026-08-19T04:20:00+00:00 o=0.01266000 h=0.01266000 l=0.01266000 c=0.01266000 v=157.90000000
2026-08-19 04:22:45,119 | INFO | crypto_bot | ENTRY signal=HOLD reason=trend_filter_not_passed meta={'regime': 'unknown'}
2026-08-19 04:24:12,543 | INFO | crypto_bot | TRADE pair=ROBO-USDT time=2026-08-19T04:24:12.490000+00:00 price=0.01262000 size=1115.30000000
2026-08-19 04:24:12,546 | INFO | crypto_bot | 1m CLOSED ts=2026-08-19T04:22:00+00:00 o=0.01266000 h=0.01266000 l=0.01266000 c=0.01266000 v=4324.80000000
2026-08-19 04:24:12,546 | INFO | crypto_bot | ENTRY signal=HOLD reason=trend_filter_not_passed meta={'regime': 'unknown'}
2026-08-19 04:24:33,306 | ERROR | crypto_bot | WebSocket 连接异常: no close frame received or sent
Traceback (most recent call last):
  File "/home/ubuntu/crypto-trading-bot/app.py", line 382, in consume_public_ws
    async for raw in ws:
  File "/home/ubuntu/crypto-trading-bot/.venv/lib/python3.12/site-packages/websockets/asyncio/connection.py", line 236, in __aiter__
    yield await self.recv()
          ^^^^^^^^^^^^^^^^^
  File "/home/ubuntu/crypto-trading-bot/.venv/lib/python3.12/site-packages/websockets/asyncio/connection.py", line 316, in recv
    raise self.protocol.close_exc from self.recv_exc
websockets.exceptions.ConnectionClosedError: no close frame received or sent
2026-08-19 04:24:33,311 | INFO | crypto_bot | 将在 5 秒后重连...
2026-08-19 04:24:38,314 | INFO | crypto_bot | 连接 OKX Public WS: wss://ws.okx.com:8443/ws/v5/public
2026-08-19 04:24:38,701 | INFO | crypto_bot | 已订阅 ROBO-USDT trades
2026-08-19 04:24:38,805 | INFO | crypto_bot | WS event: {'event': 'subscribe', 'arg': {'channel': 'trades', 'instId': 'ROBO-USDT'}, 'connId': '627c6357'}
2026-08-19 04:26:28,904 | INFO | crypto_bot | TRADE pair=ROBO-USDT time=2026-08-19T04:26:28.850000+00:00 price=0.01261000 size=1522.90000000
2026-08-19 04:26:28,904 | INFO | crypto_bot | 1m CLOSED ts=2026-08-19T04:24:00+00:00 o=0.01262000 h=0.01262000 l=0.01262000 c=0.01262000 v=1115.30000000
2026-08-19 04:26:28,904 | INFO | crypto_bot | ENTRY signal=HOLD reason=trend_filter_not_passed meta={'regime': 'unknown'}
2026-08-19 04:26:28,905 | INFO | crypto_bot | 5m CLOSED ts=2026-08-19T04:20:00+00:00 o=0.01266000 h=0.01266000 l=0.01262000 c=0.01262000 v=5598.00000000
2026-08-19 04:26:28,905 | INFO | crypto_bot | TRADE pair=ROBO-USDT time=2026-08-19T04:26:28.850000+00:00 price=0.01260000 size=19392.20000000
2026-08-19 04:26:28,905 | INFO | crypto_bot | TRADE pair=ROBO-USDT time=2026-08-19T04:26:28.850000+00:00 price=0.01259000 size=10800.50000000
2026-08-19 04:26:28,905 | INFO | crypto_bot | TRADE pair=ROBO-USDT time=2026-08-19T04:26:28.850000+00:00 price=0.01259000 size=9392.20000000
2026-08-19 04:26:28,968 | INFO | crypto_bot | TRADE pair=ROBO-USDT time=2026-08-19T04:26:28.915000+00:00 price=0.01260000 size=5183.70000000
2026-08-19 04:26:56,327 | INFO | crypto_bot | TRADE pair=ROBO-USDT time=2026-08-19T04:26:56.273000+00:00 price=0.01261000 size=3844.80000000
2026-08-19 04:27:39,199 | INFO | crypto_bot | TRADE pair=ROBO-USDT time=2026-08-19T04:27:39.145000+00:00 price=0.01262000 size=3844.80000000
2026-08-19 04:27:39,199 | INFO | crypto_bot | 1m CLOSED ts=2026-08-19T04:26:00+00:00 o=0.01261000 h=0.01261000 l=0.01259000 c=0.01261000 v=50136.30000000
2026-08-19 04:27:39,199 | INFO | crypto_bot | ENTRY signal=HOLD reason=trend_filter_not_passed meta={'regime': 'unknown'}
2026-08-19 04:28:16,111 | INFO | crypto_bot | TRADE pair=ROBO-USDT time=2026-08-19T04:28:16.056000+00:00 price=0.01262000 size=3844.80000000
2026-08-19 04:28:16,111 | INFO | crypto_bot | 1m CLOSED ts=2026-08-19T04:27:00+00:00 o=0.01262000 h=0.01262000 l=0.01262000 c=0.01262000 v=3844.80000000
2026-08-19 04:28:16,111 | INFO | crypto_bot | ENTRY signal=HOLD reason=trend_filter_not_passed meta={'regime': 'unknown'}
2026-08-19 04:29:00,623 | INFO | crypto_bot | TRADE pair=ROBO-USDT time=2026-08-19T04:29:00.569000+00:00 price=0.01263000 size=3844.80000000
2026-08-19 04:29:00,623 | INFO | crypto_bot | 1m CLOSED ts=2026-08-19T04:28:00+00:00 o=0.01262000 h=0.01262000 l=0.01262000 c=0.01262000 v=3844.80000000
2026-08-19 04:29:00,623 | INFO | crypto_bot | ENTRY signal=HOLD reason=trend_filter_not_passed meta={'regime': 'unknown'}
2026-08-19 04:29:07,172 | INFO | crypto_bot | TRADE pair=ROBO-USDT time=2026-08-19T04:29:07.118000+00:00 price=0.01263000 size=3844.80000000
2026-08-19 04:29:07,183 | INFO | crypto_bot | TRADE pair=ROBO-USDT time=2026-08-19T04:29:07.129000+00:00 price=0.01262000 size=4950.00000000
2026-08-19 04:29:08,356 | INFO | crypto_bot | TRADE pair=ROBO-USDT time=2026-08-19T04:29:08.302000+00:00 price=0.01262000 size=25132.10000000
2026-08-19 04:29:36,122 | INFO | crypto_bot | TRADE pair=ROBO-USDT time=2026-08-19T04:29:36.068000+00:00 price=0.01264000 size=3844.80000000
2026-08-19 04:29:36,142 | INFO | crypto_bot | TRADE pair=ROBO-USDT time=2026-08-19T04:29:36.088000+00:00 price=0.01264000 size=3844.80000000
2026-08-19 04:29:41,222 | INFO | crypto_bot | TRADE pair=ROBO-USDT time=2026-08-19T04:29:41.169000+00:00 price=0.01264000 size=3844.80000000
2026-08-19 04:29:45,341 | INFO | crypto_bot | TRADE pair=ROBO-USDT time=2026-08-19T04:29:45.287000+00:00 price=0.01264000 size=1070.80000000
2026-08-19 04:31:04,556 | INFO | crypto_bot | TRADE pair=ROBO-USDT time=2026-08-19T04:31:04.501000+00:00 price=0.01262000 size=2917.90000000
2026-08-19 04:31:04,556 | INFO | crypto_bot | 1m CLOSED ts=2026-08-19T04:29:00+00:00 o=0.01263000 h=0.01264000 l=0.01262000 c=0.01264000 v=50376.90000000
2026-08-19 04:31:04,556 | INFO | crypto_bot | ENTRY signal=HOLD reason=trend_filter_not_passed meta={'regime': 'unknown'}
2026-08-19 04:31:04,556 | INFO | crypto_bot | 5m CLOSED ts=2026-08-19T04:25:00+00:00 o=0.01261000 h=0.01264000 l=0.01259000 c=0.01264000 v=108202.80000000
2026-08-19 04:31:35,972 | INFO | crypto_bot | TRADE pair=ROBO-USDT time=2026-08-19T04:31:35.918000+00:00 price=0.01260000 size=1562.10000000
2026-08-19 04:32:40,240 | INFO | crypto_bot | TRADE pair=ROBO-USDT time=2026-08-19T04:32:40.185000+00:00 price=0.01259000 size=20061.90000000
2026-08-19 04:32:40,240 | INFO | crypto_bot | 1m CLOSED ts=2026-08-19T04:31:00+00:00 o=0.01262000 h=0.01262000 l=0.01260000 c=0.01260000 v=4480.00000000
2026-08-19 04:32:40,240 | INFO | crypto_bot | ENTRY signal=HOLD reason=trend_filter_not_passed meta={'regime': 'unknown'}
2026-08-19 04:32:40,241 | INFO | crypto_bot | TRADE pair=ROBO-USDT time=2026-08-19T04:32:40.186000+00:00 price=0.01259000 size=1382.50000000
2026-08-19 04:32:40,241 | INFO | crypto_bot | TRADE pair=ROBO-USDT time=2026-08-19T04:32:40.186000+00:00 price=0.01259000 size=28555.60000000
2026-08-19 04:32:40,249 | INFO | crypto_bot | TRADE pair=ROBO-USDT time=2026-08-19T04:32:40.195000+00:00 price=0.01259000 size=18779.40000000
2026-08-19 04:32:48,759 | INFO | crypto_bot | TRADE pair=ROBO-USDT time=2026-08-19T04:32:48.706000+00:00 price=0.01258000 size=1972.50000000
2026-08-19 04:32:48,760 | INFO | crypto_bot | TRADE pair=ROBO-USDT time=2026-08-19T04:32:48.706000+00:00 price=0.01257000 size=64108.00000000
2026-08-19 04:33:04,741 | INFO | crypto_bot | TRADE pair=ROBO-USDT time=2026-08-19T04:33:04.688000+00:00 price=0.01257000 size=58142.30000000
2026-08-19 04:33:04,741 | INFO | crypto_bot | 1m CLOSED ts=2026-08-19T04:32:00+00:00 o=0.01259000 h=0.01259000 l=0.01257000 c=0.01257000 v=134859.90000000
2026-08-19 04:33:04,742 | INFO | crypto_bot | ENTRY signal=HOLD reason=trend_filter_not_passed meta={'regime': 'unknown'}
2026-08-19 04:33:35,435 | INFO | crypto_bot | TRADE pair=ROBO-USDT time=2026-08-19T04:33:35.381000+00:00 price=0.01257000 size=15103.50000000
2026-08-19 04:33:35,435 | INFO | crypto_bot | TRADE pair=ROBO-USDT time=2026-08-19T04:33:35.382000+00:00 price=0.01257000 size=34896.50000000
2026-08-19 04:34:05,093 | INFO | crypto_bot | TRADE pair=ROBO-USDT time=2026-08-19T04:34:05.040000+00:00 price=0.01257000 size=15287.00000000
2026-08-19 04:34:05,093 | INFO | crypto_bot | 1m CLOSED ts=2026-08-19T04:33:00+00:00 o=0.01257000 h=0.01257000 l=0.01257000 c=0.01257000 v=108142.30000000
2026-08-19 04:34:05,094 | INFO | crypto_bot | ENTRY signal=HOLD reason=trend_filter_not_passed meta={'regime': 'unknown'}
2026-08-19 04:34:05,160 | INFO | crypto_bot | TRADE pair=ROBO-USDT time=2026-08-19T04:34:05.106000+00:00 price=0.01257000 size=20065.80000000
2026-08-19 04:34:05,180 | INFO | crypto_bot | TRADE pair=ROBO-USDT time=2026-08-19T04:34:05.108000+00:00 price=0.01257000 size=59423.30000000
2026-08-19 04:34:15,829 | INFO | crypto_bot | TRADE pair=ROBO-USDT time=2026-08-19T04:34:15.774000+00:00 price=0.01260000 size=39761.40000000
2026-08-19 04:34:15,829 | INFO | crypto_bot | TRADE pair=ROBO-USDT time=2026-08-19T04:34:15.775000+00:00 price=0.01262000 size=8609.40000000
2026-08-19 04:34:15,831 | INFO | crypto_bot | TRADE pair=ROBO-USDT time=2026-08-19T04:34:15.778000+00:00 price=0.01263000 size=4619.00000000
2026-08-19 04:34:15,833 | INFO | crypto_bot | TRADE pair=ROBO-USDT time=2026-08-19T04:34:15.780000+00:00 price=0.01264000 size=3844.80000000
2026-08-19 04:34:15,835 | INFO | crypto_bot | TRADE pair=ROBO-USDT time=2026-08-19T04:34:15.780000+00:00 price=0.01263000 size=660.40000000
2026-08-19 04:34:15,835 | INFO | crypto_bot | TRADE pair=ROBO-USDT time=2026-08-19T04:34:15.780000+00:00 price=0.01263000 size=1268.40000000
2026-08-19 04:34:15,835 | INFO | crypto_bot | TRADE pair=ROBO-USDT time=2026-08-19T04:34:15.781000+00:00 price=0.01263000 size=24832.00000000
2026-08-19 04:34:15,835 | INFO | crypto_bot | TRADE pair=ROBO-USDT time=2026-08-19T04:34:15.781000+00:00 price=0.01263000 size=5732.70000000
2026-08-19 04:34:15,835 | INFO | crypto_bot | TRADE pair=ROBO-USDT time=2026-08-19T04:34:15.781000+00:00 price=0.01262000 size=1399.50000000
2026-08-19 04:34:15,835 | INFO | crypto_bot | TRADE pair=ROBO-USDT time=2026-08-19T04:34:15.781000+00:00 price=0.01265000 size=113.50000000
2026-08-19 04:34:15,836 | INFO | crypto_bot | TRADE pair=ROBO-USDT time=2026-08-19T04:34:15.782000+00:00 price=0.01262000 size=1896.40000000
2026-08-19 04:34:15,836 | INFO | crypto_bot | TRADE pair=ROBO-USDT time=2026-08-19T04:34:15.782000+00:00 price=0.01265000 size=3844.80000000
2026-08-19 04:34:15,836 | INFO | crypto_bot | TRADE pair=ROBO-USDT time=2026-08-19T04:34:15.782000+00:00 price=0.01263000 size=6555.20000000
2026-08-19 04:34:15,838 | INFO | crypto_bot | TRADE pair=ROBO-USDT time=2026-08-19T04:34:15.784000+00:00 price=0.01264000 size=1896.40000000
2026-08-19 04:34:15,838 | INFO | crypto_bot | TRADE pair=ROBO-USDT time=2026-08-19T04:34:15.785000+00:00 price=0.01264000 size=1948.40000000
2026-08-19 04:34:15,839 | INFO | crypto_bot | TRADE pair=ROBO-USDT time=2026-08-19T04:34:15.785000+00:00 price=0.01263000 size=10332.10000000
2026-08-19 04:34:15,839 | INFO | crypto_bot | TRADE pair=ROBO-USDT time=2026-08-19T04:34:15.785000+00:00 price=0.01265000 size=1282.50000000
2026-08-19 04:34:15,839 | INFO | crypto_bot | TRADE pair=ROBO-USDT time=2026-08-19T04:34:15.786000+00:00 price=0.01263000 size=24314.20000000
2026-08-19 04:34:15,839 | INFO | crypto_bot | TRADE pair=ROBO-USDT time=2026-08-19T04:34:15.786000+00:00 price=0.01262000 size=1282.50000000
2026-08-19 04:34:15,840 | INFO | crypto_bot | TRADE pair=ROBO-USDT time=2026-08-19T04:34:15.786000+00:00 price=0.01261000 size=5802.00000000
2026-08-19 04:34:15,840 | INFO | crypto_bot | TRADE pair=ROBO-USDT time=2026-08-19T04:34:15.786000+00:00 price=0.01261000 size=4659.60000000
2026-08-19 04:34:15,840 | INFO | crypto_bot | TRADE pair=ROBO-USDT time=2026-08-19T04:34:15.786000+00:00 price=0.01261000 size=2268.80000000
2026-08-19 04:34:15,840 | INFO | crypto_bot | TRADE pair=ROBO-USDT time=2026-08-19T04:34:15.787000+00:00 price=0.01265000 size=31328.10000000
2026-08-19 04:34:15,929 | INFO | crypto_bot | TRADE pair=ROBO-USDT time=2026-08-19T04:34:15.787000+00:00 price=0.01265000 size=519.10000000
2026-08-19 04:34:15,929 | INFO | crypto_bot | TRADE pair=ROBO-USDT time=2026-08-19T04:34:15.789000+00:00 price=0.01265000 size=17140.40000000
2026-08-19 04:34:15,929 | INFO | crypto_bot | TRADE pair=ROBO-USDT time=2026-08-19T04:34:15.793000+00:00 price=0.01266000 size=24994.10000000
2026-08-19 04:34:16,087 | INFO | crypto_bot | TRADE pair=ROBO-USDT time=2026-08-19T04:34:16.032000+00:00 price=0.01268000 size=3777.00000000
2026-08-19 04:34:16,087 | INFO | crypto_bot | TRADE pair=ROBO-USDT time=2026-08-19T04:34:16.033000+00:00 price=0.01268000 size=1583.50000000
2026-08-19 04:34:16,089 | INFO | crypto_bot | TRADE pair=ROBO-USDT time=2026-08-19T04:34:16.036000+00:00 price=0.01268000 size=1227.00000000
2026-08-19 04:34:26,076 | INFO | crypto_bot | TRADE pair=ROBO-USDT time=2026-08-19T04:34:26.022000+00:00 price=0.01269000 size=17513.20000000
2026-08-19 04:34:28,013 | INFO | crypto_bot | TRADE pair=ROBO-USDT time=2026-08-19T04:34:27.960000+00:00 price=0.01269000 size=24405.10000000
2026-08-19 04:34:45,198 | INFO | crypto_bot | TRADE pair=ROBO-USDT time=2026-08-19T04:34:45.140000+00:00 price=0.01270000 size=116.10000000
2026-08-19 04:34:45,198 | INFO | crypto_bot | TRADE pair=ROBO-USDT time=2026-08-19T04:34:45.140000+00:00 price=0.01271000 size=39530.10000000
2026-08-19 04:34:46,718 | INFO | crypto_bot | TRADE pair=ROBO-USDT time=2026-08-19T04:34:46.665000+00:00 price=0.01272000 size=3847.50000000
2026-08-19 04:34:46,719 | INFO | crypto_bot | TRADE pair=ROBO-USDT time=2026-08-19T04:34:46.665000+00:00 price=0.01272000 size=10578.30000000
2026-08-19 04:35:03,184 | INFO | crypto_bot | TRADE pair=ROBO-USDT time=2026-08-19T04:35:03.131000+00:00 price=0.01271000 size=3844.80000000
2026-08-19 04:35:03,185 | INFO | crypto_bot | 1m CLOSED ts=2026-08-19T04:34:00+00:00 o=0.01257000 h=0.01272000 l=0.01257000 c=0.01272000 v=428259.60000000
2026-08-19 04:35:03,185 | INFO | crypto_bot | ENTRY signal=HOLD reason=trend_filter_not_passed meta={'regime': 'unknown'}
2026-08-19 04:35:03,185 | INFO | crypto_bot | 5m CLOSED ts=2026-08-19T04:30:00+00:00 o=0.01262000 h=0.01272000 l=0.01257000 c=0.01272000 v=675741.80000000
2026-08-19 04:35:49,151 | INFO | crypto_bot | TRADE pair=ROBO-USDT time=2026-08-19T04:35:49.098000+00:00 price=0.01271000 size=22808.20000000
2026-08-19 04:37:57,927 | INFO | crypto_bot | TRADE pair=ROBO-USDT time=2026-08-19T04:37:57.871000+00:00 price=0.01271000 size=18779.40000000
2026-08-19 04:37:57,927 | INFO | crypto_bot | 1m CLOSED ts=2026-08-19T04:35:00+00:00 o=0.01271000 h=0.01271000 l=0.01271000 c=0.01271000 v=26653.00000000
2026-08-19 04:37:57,927 | INFO | crypto_bot | ENTRY signal=HOLD reason=trend_filter_not_passed meta={'regime': 'unknown'}
2026-08-19 04:37:57,928 | INFO | crypto_bot | TRADE pair=ROBO-USDT time=2026-08-19T04:37:57.871000+00:00 price=0.01272000 size=65219.30000000
2026-08-19 04:37:57,928 | INFO | crypto_bot | TRADE pair=ROBO-USDT time=2026-08-19T04:37:57.872000+00:00 price=0.01273000 size=14575.80000000
2026-08-19 04:37:57,928 | INFO | crypto_bot | TRADE pair=ROBO-USDT time=2026-08-19T04:37:57.872000+00:00 price=0.01274000 size=54754.70000000
2026-08-19 04:37:57,934 | INFO | crypto_bot | TRADE pair=ROBO-USDT time=2026-08-19T04:37:57.879000+00:00 price=0.01274000 size=425.30000000
2026-08-19 04:37:57,934 | INFO | crypto_bot | TRADE pair=ROBO-USDT time=2026-08-19T04:37:57.879000+00:00 price=0.01274000 size=4146.40000000
2026-08-19 04:37:57,934 | INFO | crypto_bot | TRADE pair=ROBO-USDT time=2026-08-19T04:37:57.879000+00:00 price=0.01274000 size=4572.50000000
2026-08-19 04:37:58,111 | INFO | crypto_bot | TRADE pair=ROBO-USDT time=2026-08-19T04:37:58.057000+00:00 price=0.01277000 size=2823.70000000
2026-08-19 04:37:58,112 | INFO | crypto_bot | TRADE pair=ROBO-USDT time=2026-08-19T04:37:58.057000+00:00 price=0.01277000 size=1021.10000000
2026-08-19 04:37:58,112 | INFO | crypto_bot | TRADE pair=ROBO-USDT time=2026-08-19T04:37:58.057000+00:00 price=0.01278000 size=2812.40000000
2026-08-19 04:37:58,112 | INFO | crypto_bot | TRADE pair=ROBO-USDT time=2026-08-19T04:37:58.058000+00:00 price=0.01278000 size=3832.70000000
2026-08-19 04:37:58,225 | INFO | crypto_bot | TRADE pair=ROBO-USDT time=2026-08-19T04:37:58.171000+00:00 price=0.01278000 size=1570.90000000
2026-08-19 04:37:58,269 | INFO | crypto_bot | TRADE pair=ROBO-USDT time=2026-08-19T04:37:58.211000+00:00 price=0.01278000 size=1321.90000000
2026-08-19 04:37:58,282 | INFO | crypto_bot | TRADE pair=ROBO-USDT time=2026-08-19T04:37:58.228000+00:00 price=0.01278000 size=1492.00000000
2026-08-19 04:37:58,283 | INFO | crypto_bot | TRADE pair=ROBO-USDT time=2026-08-19T04:37:58.230000+00:00 price=0.01278000 size=5672.20000000
2026-08-19 04:37:58,672 | INFO | crypto_bot | TRADE pair=ROBO-USDT time=2026-08-19T04:37:58.619000+00:00 price=0.01277000 size=18779.40000000
2026-08-19 04:37:58,675 | INFO | crypto_bot | TRADE pair=ROBO-USDT time=2026-08-19T04:37:58.621000+00:00 price=0.01277000 size=18779.40000000
2026-08-19 04:37:58,678 | INFO | crypto_bot | TRADE pair=ROBO-USDT time=2026-08-19T04:37:58.624000+00:00 price=0.01277000 size=18779.40000000
2026-08-19 04:37:58,679 | INFO | crypto_bot | TRADE pair=ROBO-USDT time=2026-08-19T04:37:58.626000+00:00 price=0.01277000 size=18779.40000000
2026-08-19 04:37:58,682 | INFO | crypto_bot | TRADE pair=ROBO-USDT time=2026-08-19T04:37:58.628000+00:00 price=0.01277000 size=5290.50000000
2026-08-19 04:38:28,588 | INFO | crypto_bot | TRADE pair=ROBO-USDT time=2026-08-19T04:38:28.534000+00:00 price=0.01278000 size=3844.80000000
2026-08-19 04:38:28,588 | INFO | crypto_bot | 1m CLOSED ts=2026-08-19T04:37:00+00:00 o=0.01271000 h=0.01278000 l=0.01271000 c=0.01277000 v=263428.40000000
2026-08-19 04:38:28,588 | INFO | crypto_bot | ENTRY signal=HOLD reason=trend_filter_not_passed meta={'regime': 'unknown'}
2026-08-19 04:39:05,678 | INFO | crypto_bot | TRADE pair=ROBO-USDT time=2026-08-19T04:39:05.624000+00:00 price=0.01278000 size=3844.80000000
2026-08-19 04:39:05,679 | INFO | crypto_bot | 1m CLOSED ts=2026-08-19T04:38:00+00:00 o=0.01278000 h=0.01278000 l=0.01278000 c=0.01278000 v=3844.80000000
2026-08-19 04:39:05,679 | INFO | crypto_bot | ENTRY signal=HOLD reason=trend_filter_not_passed meta={'regime': 'unknown'}
2026-08-19 04:40:43,383 | INFO | crypto_bot | TRADE pair=ROBO-USDT time=2026-08-19T04:40:43.328000+00:00 price=0.01277000 size=3844.80000000
2026-08-19 04:40:43,383 | INFO | crypto_bot | 1m CLOSED ts=2026-08-19T04:39:00+00:00 o=0.01278000 h=0.01278000 l=0.01278000 c=0.01278000 v=3844.80000000
2026-08-19 04:40:43,383 | INFO | crypto_bot | ENTRY signal=HOLD reason=trend_filter_not_passed meta={'regime': 'unknown'}
2026-08-19 04:40:43,384 | INFO | crypto_bot | 5m CLOSED ts=2026-08-19T04:35:00+00:00 o=0.01271000 h=0.01278000 l=0.01271000 c=0.01278000 v=297771.00000000
2026-08-19 04:41:50,152 | INFO | crypto_bot | TRADE pair=ROBO-USDT time=2026-08-19T04:41:50.098000+00:00 price=0.01277000 size=3844.80000000
2026-08-19 04:41:50,152 | INFO | crypto_bot | 1m CLOSED ts=2026-08-19T04:40:00+00:00 o=0.01277000 h=0.01277000 l=0.01277000 c=0.01277000 v=3844.80000000
2026-08-19 04:41:50,153 | INFO | crypto_bot | ENTRY signal=HOLD reason=trend_filter_not_passed meta={'regime': 'unknown'}
2026-08-19 04:42:19,256 | INFO | crypto_bot | TRADE pair=ROBO-USDT time=2026-08-19T04:42:19.202000+00:00 price=0.01276000 size=3844.80000000
2026-08-19 04:42:19,256 | INFO | crypto_bot | 1m CLOSED ts=2026-08-19T04:41:00+00:00 o=0.01277000 h=0.01277000 l=0.01277000 c=0.01277000 v=3844.80000000
2026-08-19 04:42:19,256 | INFO | crypto_bot | ENTRY signal=HOLD reason=trend_filter_not_passed meta={'regime': 'unknown'}
2026-08-19 04:42:19,256 | INFO | crypto_bot | TRADE pair=ROBO-USDT time=2026-08-19T04:42:19.202000+00:00 price=0.01277000 size=21147.40000000
2026-08-19 04:42:24,785 | INFO | crypto_bot | TRADE pair=ROBO-USDT time=2026-08-19T04:42:24.732000+00:00 price=0.01277000 size=8203.80000000
2026-08-19 04:42:24,790 | INFO | crypto_bot | TRADE pair=ROBO-USDT time=2026-08-19T04:42:24.736000+00:00 price=0.01277000 size=3844.80000000
2026-08-19 04:43:28,187 | INFO | crypto_bot | TRADE pair=ROBO-USDT time=2026-08-19T04:43:28.133000+00:00 price=0.01280000 size=296.40000000
2026-08-19 04:43:28,187 | INFO | crypto_bot | 1m CLOSED ts=2026-08-19T04:42:00+00:00 o=0.01276000 h=0.01277000 l=0.01276000 c=0.01277000 v=37040.80000000
2026-08-19 04:43:28,189 | INFO | crypto_bot | ENTRY signal=HOLD reason=trend_filter_not_passed meta={'regime': 'unknown'}
2026-08-19 04:43:28,189 | INFO | crypto_bot | TRADE pair=ROBO-USDT time=2026-08-19T04:43:28.133000+00:00 price=0.01281000 size=26470.70000000
2026-08-19 04:43:28,189 | INFO | crypto_bot | TRADE pair=ROBO-USDT time=2026-08-19T04:43:28.133000+00:00 price=0.01282000 size=5566.60000000
2026-08-19 04:43:28,977 | INFO | crypto_bot | TRADE pair=ROBO-USDT time=2026-08-19T04:43:28.924000+00:00 price=0.01281000 size=18779.40000000
2026-08-19 04:45:03,258 | INFO | crypto_bot | TRADE pair=ROBO-USDT time=2026-08-19T04:45:03.205000+00:00 price=0.01279000 size=18779.40000000
2026-08-19 04:45:03,259 | INFO | crypto_bot | 1m CLOSED ts=2026-08-19T04:43:00+00:00 o=0.01280000 h=0.01282000 l=0.01280000 c=0.01281000 v=51113.10000000
2026-08-19 04:45:03,259 | INFO | crypto_bot | ENTRY signal=HOLD reason=trend_filter_not_passed meta={'regime': 'unknown'}
2026-08-19 04:45:03,259 | INFO | crypto_bot | 5m CLOSED ts=2026-08-19T04:40:00+00:00 o=0.01277000 h=0.01282000 l=0.01276000 c=0.01281000 v=95843.50000000
2026-08-19 04:45:04,488 | INFO | crypto_bot | TRADE pair=ROBO-USDT time=2026-08-19T04:45:04.435000+00:00 price=0.01279000 size=3844.80000000
2026-08-19 04:45:09,212 | INFO | crypto_bot | TRADE pair=ROBO-USDT time=2026-08-19T04:45:09.159000+00:00 price=0.01277000 size=14627.60000000
2026-08-19 04:45:09,214 | INFO | crypto_bot | TRADE pair=ROBO-USDT time=2026-08-19T04:45:09.161000+00:00 price=0.01277000 size=18067.00000000
2026-08-19 04:45:12,476 | INFO | crypto_bot | TRADE pair=ROBO-USDT time=2026-08-19T04:45:12.422000+00:00 price=0.01277000 size=15809.20000000
2026-08-19 04:46:20,915 | INFO | crypto_bot | TRADE pair=ROBO-USDT time=2026-08-19T04:46:20.861000+00:00 price=0.01277000 size=391.50000000
2026-08-19 04:46:20,915 | INFO | crypto_bot | 1m CLOSED ts=2026-08-19T04:45:00+00:00 o=0.01279000 h=0.01279000 l=0.01277000 c=0.01277000 v=71128.00000000
2026-08-19 04:46:20,916 | INFO | crypto_bot | ENTRY signal=HOLD reason=trend_filter_not_passed meta={'regime': 'unknown'}
2026-08-19 04:46:39,191 | INFO | crypto_bot | TRADE pair=ROBO-USDT time=2026-08-19T04:46:39.137000+00:00 price=0.01277000 size=18779.40000000
2026-08-19 04:48:47,114 | INFO | crypto_bot | TRADE pair=ROBO-USDT time=2026-08-19T04:48:47.061000+00:00 price=0.01274000 size=1282.50000000
2026-08-19 04:48:47,114 | INFO | crypto_bot | 1m CLOSED ts=2026-08-19T04:46:00+00:00 o=0.01277000 h=0.01277000 l=0.01277000 c=0.01277000 v=19170.90000000
2026-08-19 04:48:47,114 | INFO | crypto_bot | ENTRY signal=HOLD reason=trend_filter_not_passed meta={'regime': 'unknown'}
2026-08-19 04:48:47,115 | INFO | crypto_bot | TRADE pair=ROBO-USDT time=2026-08-19T04:48:47.061000+00:00 price=0.01273000 size=470.50000000
2026-08-19 04:48:47,119 | INFO | crypto_bot | TRADE pair=ROBO-USDT time=2026-08-19T04:48:47.066000+00:00 price=0.01273000 size=15798.00000000
2026-08-19 04:48:47,243 | INFO | crypto_bot | TRADE pair=ROBO-USDT time=2026-08-19T04:48:47.190000+00:00 price=0.01275000 size=3844.80000000
2026-08-19 04:48:47,243 | INFO | crypto_bot | TRADE pair=ROBO-USDT time=2026-08-19T04:48:47.190000+00:00 price=0.01276000 size=3844.80000000
2026-08-19 04:48:47,269 | INFO | crypto_bot | TRADE pair=ROBO-USDT time=2026-08-19T04:48:47.216000+00:00 price=0.01275000 size=3844.80000000
2026-08-19 04:52:27,711 | INFO | crypto_bot | TRADE pair=ROBO-USDT time=2026-08-19T04:52:27.657000+00:00 price=0.01273000 size=829.90000000
2026-08-19 04:52:27,711 | INFO | crypto_bot | 1m CLOSED ts=2026-08-19T04:48:00+00:00 o=0.01274000 h=0.01276000 l=0.01273000 c=0.01275000 v=29085.40000000
2026-08-19 04:52:27,711 | INFO | crypto_bot | ENTRY signal=HOLD reason=trend_filter_not_passed meta={'regime': 'unknown'}
2026-08-19 04:52:27,711 | INFO | crypto_bot | 5m CLOSED ts=2026-08-19T04:45:00+00:00 o=0.01279000 h=0.01279000 l=0.01273000 c=0.01275000 v=119384.30000000
2026-08-19 04:52:51,675 | INFO | crypto_bot | TRADE pair=ROBO-USDT time=2026-08-19T04:52:51.621000+00:00 price=0.01272000 size=4716.90000000
2026-08-19 04:53:38,078 | INFO | crypto_bot | TRADE pair=ROBO-USDT time=2026-08-19T04:53:38.023000+00:00 price=0.01274000 size=14139.90000000
2026-08-19 04:53:38,078 | INFO | crypto_bot | 1m CLOSED ts=2026-08-19T04:52:00+00:00 o=0.01273000 h=0.01273000 l=0.01272000 c=0.01272000 v=5546.80000000
2026-08-19 04:53:38,079 | INFO | crypto_bot | ENTRY signal=HOLD reason=trend_filter_not_passed meta={'regime': 'unknown'}
2026-08-19 04:53:38,079 | INFO | crypto_bot | TRADE pair=ROBO-USDT time=2026-08-19T04:53:38.024000+00:00 price=0.01275000 size=14139.90000000
2026-08-19 04:53:38,079 | INFO | crypto_bot | TRADE pair=ROBO-USDT time=2026-08-19T04:53:38.024000+00:00 price=0.01276000 size=38785.10000000
2026-08-19 04:53:38,079 | INFO | crypto_bot | TRADE pair=ROBO-USDT time=2026-08-19T04:53:38.025000+00:00 price=0.01276000 size=507.60000000
2026-08-19 04:53:47,809 | INFO | crypto_bot | TRADE pair=ROBO-USDT time=2026-08-19T04:53:47.755000+00:00 price=0.01281000 size=4717.00000000
2026-08-19 04:53:51,203 | INFO | crypto_bot | TRADE pair=ROBO-USDT time=2026-08-19T04:53:51.149000+00:00 price=0.01281000 size=14139.90000000
2026-08-19 04:53:51,203 | INFO | crypto_bot | TRADE pair=ROBO-USDT time=2026-08-19T04:53:51.149000+00:00 price=0.01280000 size=27180.40000000
2026-08-19 04:53:51,204 | INFO | crypto_bot | TRADE pair=ROBO-USDT time=2026-08-19T04:53:51.150000+00:00 price=0.01279000 size=71613.00000000
2026-08-19 04:53:51,205 | INFO | crypto_bot | TRADE pair=ROBO-USDT time=2026-08-19T04:53:51.151000+00:00 price=0.01278000 size=5015.70000000
2026-08-19 04:54:02,927 | INFO | crypto_bot | TRADE pair=ROBO-USDT time=2026-08-19T04:54:02.873000+00:00 price=0.01277000 size=14139.90000000
2026-08-19 04:54:02,927 | INFO | crypto_bot | 1m CLOSED ts=2026-08-19T04:53:00+00:00 o=0.01274000 h=0.01281000 l=0.01274000 c=0.01278000 v=190238.50000000
2026-08-19 04:54:02,927 | INFO | crypto_bot | ENTRY signal=HOLD reason=trend_filter_not_passed meta={'regime': 'unknown'}
2026-08-19 04:54:02,928 | INFO | crypto_bot | TRADE pair=ROBO-USDT time=2026-08-19T04:54:02.874000+00:00 price=0.01276000 size=40375.50000000
2026-08-19 04:54:02,933 | INFO | crypto_bot | TRADE pair=ROBO-USDT time=2026-08-19T04:54:02.880000+00:00 price=0.01276000 size=14139.90000000
2026-08-19 04:54:10,901 | INFO | crypto_bot | TRADE pair=ROBO-USDT time=2026-08-19T04:54:10.847000+00:00 price=0.01278000 size=1282.50000000
2026-08-19 04:54:10,901 | INFO | crypto_bot | TRADE pair=ROBO-USDT time=2026-08-19T04:54:10.847000+00:00 price=0.01279000 size=91032.50000000
2026-08-19 04:54:10,901 | INFO | crypto_bot | TRADE pair=ROBO-USDT time=2026-08-19T04:54:10.847000+00:00 price=0.01280000 size=46058.60000000
2026-08-19 04:54:28,803 | INFO | crypto_bot | TRADE pair=ROBO-USDT time=2026-08-19T04:54:28.750000+00:00 price=0.01277000 size=14139.90000000
2026-08-19 04:54:28,918 | INFO | crypto_bot | TRADE pair=ROBO-USDT time=2026-08-19T04:54:28.862000+00:00 price=0.01277000 size=2398.30000000
2026-08-19 04:54:28,918 | INFO | crypto_bot | TRADE pair=ROBO-USDT time=2026-08-19T04:54:28.862000+00:00 price=0.01277000 size=11741.60000000
2026-08-19 04:54:28,919 | INFO | crypto_bot | TRADE pair=ROBO-USDT time=2026-08-19T04:54:28.866000+00:00 price=0.01277000 size=14139.90000000
2026-08-19 04:54:28,922 | INFO | crypto_bot | TRADE pair=ROBO-USDT time=2026-08-19T04:54:28.867000+00:00 price=0.01277000 size=14139.90000000
2026-08-19 04:54:41,850 | INFO | crypto_bot | TRADE pair=ROBO-USDT time=2026-08-19T04:54:41.796000+00:00 price=0.01276000 size=14139.90000000
2026-08-19 04:54:42,528 | INFO | crypto_bot | TRADE pair=ROBO-USDT time=2026-08-19T04:54:42.474000+00:00 price=0.01278000 size=10000.00000000
2026-08-19 04:54:57,893 | INFO | crypto_bot | TRADE pair=ROBO-USDT time=2026-08-19T04:54:57.840000+00:00 price=0.01277000 size=14139.90000000
2026-08-19 04:58:21,661 | INFO | crypto_bot | TRADE pair=ROBO-USDT time=2026-08-19T04:58:21.606000+00:00 price=0.01276000 size=14139.90000000
2026-08-19 04:58:21,661 | INFO | crypto_bot | 1m CLOSED ts=2026-08-19T04:54:00+00:00 o=0.01277000 h=0.01280000 l=0.01276000 c=0.01277000 v=301868.30000000
2026-08-19 04:58:21,661 | INFO | crypto_bot | ENTRY signal=HOLD reason=trend_filter_not_passed meta={'regime': 'unknown'}
2026-08-19 04:58:21,661 | INFO | crypto_bot | 5m CLOSED ts=2026-08-19T04:50:00+00:00 o=0.01273000 h=0.01281000 l=0.01272000 c=0.01277000 v=497653.60000000
2026-08-19 05:00:02,931 | INFO | crypto_bot | TRADE pair=ROBO-USDT time=2026-08-19T05:00:02.876000+00:00 price=0.01273000 size=3844.80000000
2026-08-19 05:00:02,932 | INFO | crypto_bot | 1m CLOSED ts=2026-08-19T04:58:00+00:00 o=0.01276000 h=0.01276000 l=0.01276000 c=0.01276000 v=14139.90000000
2026-08-19 05:00:02,932 | INFO | crypto_bot | ENTRY signal=HOLD reason=trend_filter_not_passed meta={'regime': 'unknown'}
2026-08-19 05:00:02,932 | INFO | crypto_bot | 5m CLOSED ts=2026-08-19T04:55:00+00:00 o=0.01276000 h=0.01276000 l=0.01276000 c=0.01276000 v=14139.90000000
2026-08-19 05:00:37,261 | INFO | crypto_bot | TRADE pair=ROBO-USDT time=2026-08-19T05:00:37.206000+00:00 price=0.01275000 size=15422.40000000
2026-08-19 05:00:37,261 | INFO | crypto_bot | TRADE pair=ROBO-USDT time=2026-08-19T05:00:37.206000+00:00 price=0.01276000 size=53417.10000000
2026-08-19 05:00:37,261 | INFO | crypto_bot | TRADE pair=ROBO-USDT time=2026-08-19T05:00:37.206000+00:00 price=0.01277000 size=14139.90000000
2026-08-19 05:00:37,261 | INFO | crypto_bot | TRADE pair=ROBO-USDT time=2026-08-19T05:00:37.207000+00:00 price=0.01278000 size=14139.90000000
2026-08-19 05:00:37,261 | INFO | crypto_bot | TRADE pair=ROBO-USDT time=2026-08-19T05:00:37.207000+00:00 price=0.01279000 size=14139.90000000
2026-08-19 05:00:37,262 | INFO | crypto_bot | TRADE pair=ROBO-USDT time=2026-08-19T05:00:37.207000+00:00 price=0.01280000 size=15702.30000000
2026-08-19 05:00:37,277 | INFO | crypto_bot | TRADE pair=ROBO-USDT time=2026-08-19T05:00:37.211000+00:00 price=0.01280000 size=3844.80000000
2026-08-19 05:00:37,277 | INFO | crypto_bot | TRADE pair=ROBO-USDT time=2026-08-19T05:00:37.211000+00:00 price=0.01279000 size=682.20000000
2026-08-19 05:00:37,277 | INFO | crypto_bot | TRADE pair=ROBO-USDT time=2026-08-19T05:00:37.211000+00:00 price=0.01281000 size=8308.20000000
2026-08-19 05:00:37,277 | INFO | crypto_bot | TRADE pair=ROBO-USDT time=2026-08-19T05:00:37.213000+00:00 price=0.01281000 size=1282.50000000
2026-08-19 05:00:37,277 | INFO | crypto_bot | TRADE pair=ROBO-USDT time=2026-08-19T05:00:37.213000+00:00 price=0.01282000 size=1282.50000000
2026-08-19 05:00:37,278 | INFO | crypto_bot | TRADE pair=ROBO-USDT time=2026-08-19T05:00:37.215000+00:00 price=0.01282000 size=15374.20000000
2026-08-19 05:00:37,278 | INFO | crypto_bot | TRADE pair=ROBO-USDT time=2026-08-19T05:00:37.218000+00:00 price=0.01281000 size=517.50000000
2026-08-19 05:00:37,278 | INFO | crypto_bot | TRADE pair=ROBO-USDT time=2026-08-19T05:00:37.218000+00:00 price=0.01281000 size=5696.80000000
2026-08-19 05:00:37,278 | INFO | crypto_bot | TRADE pair=ROBO-USDT time=2026-08-19T05:00:37.219000+00:00 price=0.01282000 size=1857.90000000
2026-08-19 05:00:37,278 | INFO | crypto_bot | TRADE pair=ROBO-USDT time=2026-08-19T05:00:37.219000+00:00 price=0.01281000 size=6832.10000000
2026-08-19 05:00:37,278 | INFO | crypto_bot | TRADE pair=ROBO-USDT time=2026-08-19T05:00:37.221000+00:00 price=0.01283000 size=6266.30000000
2026-08-19 05:00:37,282 | INFO | crypto_bot | TRADE pair=ROBO-USDT time=2026-08-19T05:00:37.228000+00:00 price=0.01283000 size=2565.00000000
2026-08-19 05:00:37,283 | INFO | crypto_bot | TRADE pair=ROBO-USDT time=2026-08-19T05:00:37.230000+00:00 price=0.01282000 size=3739.70000000
2026-08-19 05:00:37,284 | INFO | crypto_bot | TRADE pair=ROBO-USDT time=2026-08-19T05:00:37.230000+00:00 price=0.01282000 size=3739.70000000
2026-08-19 05:00:37,284 | INFO | crypto_bot | TRADE pair=ROBO-USDT time=2026-08-19T05:00:37.230000+00:00 price=0.01282000 size=7027.40000000
2026-08-19 05:00:37,285 | INFO | crypto_bot | TRADE pair=ROBO-USDT time=2026-08-19T05:00:37.231000+00:00 price=0.01284000 size=14472.20000000
2026-08-19 05:00:37,422 | INFO | crypto_bot | TRADE pair=ROBO-USDT time=2026-08-19T05:00:37.368000+00:00 price=0.01284000 size=1282.50000000
2026-08-19 05:00:37,422 | INFO | crypto_bot | TRADE pair=ROBO-USDT time=2026-08-19T05:00:37.369000+00:00 price=0.01284000 size=1282.50000000
2026-08-19 05:00:37,422 | INFO | crypto_bot | TRADE pair=ROBO-USDT time=2026-08-19T05:00:37.369000+00:00 price=0.01284000 size=1283.10000000
2026-08-19 05:00:37,422 | INFO | crypto_bot | TRADE pair=ROBO-USDT time=2026-08-19T05:00:37.369000+00:00 price=0.01284000 size=1282.50000000
2026-08-19 05:00:37,423 | INFO | crypto_bot | TRADE pair=ROBO-USDT time=2026-08-19T05:00:37.369000+00:00 price=0.01284000 size=1282.50000000
2026-08-19 05:00:37,423 | INFO | crypto_bot | TRADE pair=ROBO-USDT time=2026-08-19T05:00:37.370000+00:00 price=0.01284000 size=1282.50000000
2026-08-19 05:00:37,424 | INFO | crypto_bot | TRADE pair=ROBO-USDT time=2026-08-19T05:00:37.371000+00:00 price=0.01284000 size=1282.50000000
2026-08-19 05:00:52,213 | INFO | crypto_bot | TRADE pair=ROBO-USDT time=2026-08-19T05:00:52.159000+00:00 price=0.01285000 size=38971.10000000
2026-08-19 05:00:52,270 | INFO | crypto_bot | TRADE pair=ROBO-USDT time=2026-08-19T05:00:52.214000+00:00 price=0.01284000 size=2186.60000000
2026-08-19 05:00:52,277 | INFO | crypto_bot | TRADE pair=ROBO-USDT time=2026-08-19T05:00:52.223000+00:00 price=0.01283000 size=14139.90000000
2026-08-19 05:00:52,279 | INFO | crypto_bot | TRADE pair=ROBO-USDT time=2026-08-19T05:00:52.225000+00:00 price=0.01284000 size=14139.90000000
2026-08-19 05:00:52,887 | INFO | crypto_bot | TRADE pair=ROBO-USDT time=2026-08-19T05:00:52.833000+00:00 price=0.01282000 size=27429.80000000
2026-08-19 05:00:59,669 | INFO | crypto_bot | TRADE pair=ROBO-USDT time=2026-08-19T05:00:59.614000+00:00 price=0.01284000 size=12593.80000000
2026-08-19 05:01:03,207 | INFO | crypto_bot | TRADE pair=ROBO-USDT time=2026-08-19T05:01:03.153000+00:00 price=0.01282000 size=1321.90000000
2026-08-19 05:01:03,207 | INFO | crypto_bot | 1m CLOSED ts=2026-08-19T05:00:00+00:00 o=0.01273000 h=0.01285000 l=0.01273000 c=0.01284000 v=332734.50000000
2026-08-19 05:01:03,207 | INFO | crypto_bot | ENTRY signal=HOLD reason=trend_filter_not_passed meta={'regime': 'unknown'}
2026-08-19 05:01:18,040 | INFO | crypto_bot | TRADE pair=ROBO-USDT time=2026-08-19T05:01:17.986000+00:00 price=0.01282000 size=54146.90000000
2026-08-19 05:01:18,040 | INFO | crypto_bot | TRADE pair=ROBO-USDT time=2026-08-19T05:01:17.986000+00:00 price=0.01282000 size=11307.30000000
2026-08-19 05:01:18,045 | INFO | crypto_bot | TRADE pair=ROBO-USDT time=2026-08-19T05:01:17.991000+00:00 price=0.01282000 size=3844.80000000
2026-08-19 05:01:45,713 | INFO | crypto_bot | TRADE pair=ROBO-USDT time=2026-08-19T05:01:45.659000+00:00 price=0.01284000 size=3844.80000000
2026-08-19 05:01:59,495 | INFO | crypto_bot | TRADE pair=ROBO-USDT time=2026-08-19T05:01:59.442000+00:00 price=0.01284000 size=3992.90000000
2026-08-19 05:01:59,496 | INFO | crypto_bot | TRADE pair=ROBO-USDT time=2026-08-19T05:01:59.442000+00:00 price=0.01285000 size=8415.60000000
2026-08-19 05:01:59,504 | INFO | crypto_bot | TRADE pair=ROBO-USDT time=2026-08-19T05:01:59.451000+00:00 price=0.01285000 size=3844.80000000
2026-08-19 05:02:00,081 | INFO | crypto_bot | TRADE pair=ROBO-USDT time=2026-08-19T05:02:00.019000+00:00 price=0.01285000 size=3844.80000000
2026-08-19 05:02:00,081 | INFO | crypto_bot | 1m CLOSED ts=2026-08-19T05:01:00+00:00 o=0.01282000 h=0.01285000 l=0.01282000 c=0.01285000 v=90719.00000000
2026-08-19 05:02:00,081 | INFO | crypto_bot | ENTRY signal=HOLD reason=trend_filter_not_passed meta={'regime': 'unknown'}
2026-08-19 05:02:00,083 | INFO | crypto_bot | TRADE pair=ROBO-USDT time=2026-08-19T05:02:00.030000+00:00 price=0.01285000 size=3844.80000000
2026-08-19 05:02:00,107 | INFO | crypto_bot | TRADE pair=ROBO-USDT time=2026-08-19T05:02:00.052000+00:00 price=0.01285000 size=3844.80000000
2026-08-19 05:02:00,115 | INFO | crypto_bot | TRADE pair=ROBO-USDT time=2026-08-19T05:02:00.062000+00:00 price=0.01286000 size=14139.90000000
2026-08-19 05:02:01,579 | INFO | crypto_bot | TRADE pair=ROBO-USDT time=2026-08-19T05:02:01.525000+00:00 price=0.01285000 size=1455.30000000
2026-08-19 05:02:13,819 | INFO | crypto_bot | TRADE pair=ROBO-USDT time=2026-08-19T05:02:13.765000+00:00 price=0.01285000 size=2449.50000000
2026-08-19 05:02:51,612 | INFO | crypto_bot | TRADE pair=ROBO-USDT time=2026-08-19T05:02:51.557000+00:00 price=0.01285000 size=14139.90000000
2026-08-19 05:03:28,632 | INFO | crypto_bot | TRADE pair=ROBO-USDT time=2026-08-19T05:03:28.577000+00:00 price=0.01285000 size=38850.00000000
2026-08-19 05:03:28,632 | INFO | crypto_bot | 1m CLOSED ts=2026-08-19T05:02:00+00:00 o=0.01285000 h=0.01286000 l=0.01285000 c=0.01285000 v=43719.00000000
2026-08-19 05:03:28,632 | INFO | crypto_bot | ENTRY signal=HOLD reason=trend_filter_not_passed meta={'regime': 'unknown'}
2026-08-19 05:03:28,633 | INFO | crypto_bot | TRADE pair=ROBO-USDT time=2026-08-19T05:03:28.577000+00:00 price=0.01284000 size=5122.20000000
2026-08-19 05:03:31,595 | INFO | crypto_bot | TRADE pair=ROBO-USDT time=2026-08-19T05:03:31.542000+00:00 price=0.01283000 size=34900.00000000
2026-08-19 05:03:31,695 | INFO | crypto_bot | TRADE pair=ROBO-USDT time=2026-08-19T05:03:31.641000+00:00 price=0.01282000 size=519.20000000
2026-08-19 05:03:31,704 | INFO | crypto_bot | TRADE pair=ROBO-USDT time=2026-08-19T05:03:31.650000+00:00 price=0.01283000 size=6234.10000000
2026-08-19 05:03:31,705 | INFO | crypto_bot | TRADE pair=ROBO-USDT time=2026-08-19T05:03:31.652000+00:00 price=0.01283000 size=7905.80000000
2026-08-19 05:03:31,708 | INFO | crypto_bot | TRADE pair=ROBO-USDT time=2026-08-19T05:03:31.655000+00:00 price=0.01283000 size=14139.90000000
2026-08-19 05:04:02,198 | INFO | crypto_bot | TRADE pair=ROBO-USDT time=2026-08-19T05:04:02.144000+00:00 price=0.01279000 size=4613.50000000
2026-08-19 05:04:02,198 | INFO | crypto_bot | 1m CLOSED ts=2026-08-19T05:03:00+00:00 o=0.01285000 h=0.01285000 l=0.01282000 c=0.01283000 v=107671.20000000
2026-08-19 05:04:02,198 | INFO | crypto_bot | ENTRY signal=HOLD reason=trend_filter_not_passed meta={'regime': 'unknown'}
2026-08-19 05:06:00,436 | INFO | crypto_bot | TRADE pair=ROBO-USDT time=2026-08-19T05:06:00.382000+00:00 price=0.01280000 size=2059.90000000
2026-08-19 05:06:00,436 | INFO | crypto_bot | 1m CLOSED ts=2026-08-19T05:04:00+00:00 o=0.01279000 h=0.01279000 l=0.01279000 c=0.01279000 v=4613.50000000
2026-08-19 05:06:00,436 | INFO | crypto_bot | ENTRY signal=HOLD reason=trend_filter_not_passed meta={'regime': 'unknown'}
2026-08-19 05:06:00,437 | INFO | crypto_bot | 5m CLOSED ts=2026-08-19T05:00:00+00:00 o=0.01273000 h=0.01286000 l=0.01273000 c=0.01279000 v=579457.20000000
2026-08-19 05:10:17,254 | INFO | crypto_bot | TRADE pair=ROBO-USDT time=2026-08-19T05:10:17.201000+00:00 price=0.01281000 size=1282.50000000
2026-08-19 05:10:17,254 | INFO | crypto_bot | 1m CLOSED ts=2026-08-19T05:06:00+00:00 o=0.01280000 h=0.01280000 l=0.01280000 c=0.01280000 v=2059.90000000
2026-08-19 05:10:17,254 | INFO | crypto_bot | ENTRY signal=HOLD reason=trend_filter_not_passed meta={'regime': 'unknown'}
2026-08-19 05:10:17,255 | INFO | crypto_bot | 5m CLOSED ts=2026-08-19T05:05:00+00:00 o=0.01280000 h=0.01280000 l=0.01280000 c=0.01280000 v=2059.90000000
2026-08-19 05:10:17,255 | INFO | crypto_bot | TRADE pair=ROBO-USDT time=2026-08-19T05:10:17.201000+00:00 price=0.01281000 size=12857.40000000
2026-08-19 05:10:17,257 | INFO | crypto_bot | TRADE pair=ROBO-USDT time=2026-08-19T05:10:17.203000+00:00 price=0.01280000 size=38971.10000000
2026-08-19 05:10:26,946 | INFO | crypto_bot | TRADE pair=ROBO-USDT time=2026-08-19T05:10:26.892000+00:00 price=0.01278000 size=113.60000000
2026-08-19 05:11:31,690 | INFO | crypto_bot | TRADE pair=ROBO-USDT time=2026-08-19T05:11:31.635000+00:00 price=0.01278000 size=14139.90000000
2026-08-19 05:11:31,690 | INFO | crypto_bot | 1m CLOSED ts=2026-08-19T05:10:00+00:00 o=0.01281000 h=0.01281000 l=0.01278000 c=0.01278000 v=53224.60000000
2026-08-19 05:11:31,690 | INFO | crypto_bot | ENTRY signal=HOLD reason=trend_filter_not_passed meta={'regime': 'unknown'}
2026-08-19 05:14:10,733 | INFO | crypto_bot | TRADE pair=ROBO-USDT time=2026-08-19T05:14:10.679000+00:00 price=0.01281000 size=14139.90000000
2026-08-19 05:14:10,734 | INFO | crypto_bot | 1m CLOSED ts=2026-08-19T05:11:00+00:00 o=0.01278000 h=0.01278000 l=0.01278000 c=0.01278000 v=14139.90000000
2026-08-19 05:14:10,734 | INFO | crypto_bot | ENTRY signal=HOLD reason=trend_filter_not_passed meta={'regime': 'unknown'}
2026-08-19 05:14:10,734 | INFO | crypto_bot | TRADE pair=ROBO-USDT time=2026-08-19T05:14:10.679000+00:00 price=0.01282000 size=7007.00000000
2026-08-19 05:14:10,735 | INFO | crypto_bot | TRADE pair=ROBO-USDT time=2026-08-19T05:14:10.679000+00:00 price=0.01282000 size=12857.40000000
2026-08-19 05:14:39,352 | INFO | crypto_bot | TRADE pair=ROBO-USDT time=2026-08-19T05:14:39.298000+00:00 price=0.01283000 size=1558.80000000
2026-08-19 05:15:00,941 | INFO | crypto_bot | TRADE pair=ROBO-USDT time=2026-08-19T05:15:00.887000+00:00 price=0.01283000 size=14316.40000000
2026-08-19 05:15:00,941 | INFO | crypto_bot | 1m CLOSED ts=2026-08-19T05:14:00+00:00 o=0.01281000 h=0.01283000 l=0.01281000 c=0.01283000 v=35563.10000000
2026-08-19 05:15:00,941 | INFO | crypto_bot | ENTRY signal=HOLD reason=trend_filter_not_passed meta={'regime': 'unknown'}
2026-08-19 05:15:00,942 | INFO | crypto_bot | 5m CLOSED ts=2026-08-19T05:10:00+00:00 o=0.01281000 h=0.01283000 l=0.01278000 c=0.01283000 v=102927.60000000
2026-08-19 05:15:22,672 | INFO | crypto_bot | TRADE pair=ROBO-USDT time=2026-08-19T05:15:22.618000+00:00 price=0.01278000 size=13669.70000000
2026-08-19 05:15:22,674 | INFO | crypto_bot | TRADE pair=ROBO-USDT time=2026-08-19T05:15:22.621000+00:00 price=0.01278000 size=10263.90000000
2026-08-19 05:18:08,472 | INFO | crypto_bot | TRADE pair=ROBO-USDT time=2026-08-19T05:18:08.408000+00:00 price=0.01275000 size=1557.20000000
2026-08-19 05:18:08,472 | INFO | crypto_bot | 1m CLOSED ts=2026-08-19T05:15:00+00:00 o=0.01283000 h=0.01283000 l=0.01278000 c=0.01278000 v=38250.00000000
2026-08-19 05:18:08,473 | INFO | crypto_bot | ENTRY signal=HOLD reason=trend_filter_not_passed meta={'regime': 'unknown'}
2026-08-19 05:20:03,704 | INFO | crypto_bot | TRADE pair=ROBO-USDT time=2026-08-19T05:20:03.649000+00:00 price=0.01275000 size=12493.40000000
2026-08-19 05:20:03,704 | INFO | crypto_bot | 1m CLOSED ts=2026-08-19T05:18:00+00:00 o=0.01275000 h=0.01275000 l=0.01275000 c=0.01275000 v=1557.20000000
2026-08-19 05:20:03,705 | INFO | crypto_bot | ENTRY signal=HOLD reason=trend_filter_not_passed meta={'regime': 'unknown'}
2026-08-19 05:20:03,705 | INFO | crypto_bot | 5m CLOSED ts=2026-08-19T05:15:00+00:00 o=0.01283000 h=0.01283000 l=0.01275000 c=0.01275000 v=39807.20000000
2026-08-19 05:20:32,240 | INFO | crypto_bot | TRADE pair=ROBO-USDT time=2026-08-19T05:20:32.186000+00:00 price=0.01276000 size=15422.40000000
2026-08-19 05:20:32,240 | INFO | crypto_bot | TRADE pair=ROBO-USDT time=2026-08-19T05:20:32.186000+00:00 price=0.01277000 size=8082.20000000
2026-08-19 05:20:41,151 | INFO | crypto_bot | TRADE pair=ROBO-USDT time=2026-08-19T05:20:41.097000+00:00 price=0.01275000 size=5742.70000000
2026-08-19 05:20:41,151 | INFO | crypto_bot | TRADE pair=ROBO-USDT time=2026-08-19T05:20:41.097000+00:00 price=0.01275000 size=2100.40000000
2026-08-19 05:21:03,573 | INFO | crypto_bot | TRADE pair=ROBO-USDT time=2026-08-19T05:21:03.517000+00:00 price=0.01274000 size=17514.50000000
2026-08-19 05:21:03,573 | INFO | crypto_bot | 1m CLOSED ts=2026-08-19T05:20:00+00:00 o=0.01275000 h=0.01277000 l=0.01275000 c=0.01275000 v=43841.10000000
2026-08-19 05:21:03,573 | INFO | crypto_bot | ENTRY signal=HOLD reason=trend_filter_not_passed meta={'regime': 'unknown'}
2026-08-19 05:22:38,582 | INFO | crypto_bot | TRADE pair=ROBO-USDT time=2026-08-19T05:22:38.519000+00:00 price=0.01276000 size=27633.00000000
2026-08-19 05:22:38,582 | INFO | crypto_bot | 1m CLOSED ts=2026-08-19T05:21:00+00:00 o=0.01274000 h=0.01274000 l=0.01274000 c=0.01274000 v=17514.50000000
2026-08-19 05:22:38,582 | INFO | crypto_bot | ENTRY signal=HOLD reason=trend_filter_not_passed meta={'regime': 'unknown'}
2026-08-19 05:22:38,583 | INFO | crypto_bot | TRADE pair=ROBO-USDT time=2026-08-19T05:22:38.519000+00:00 price=0.01277000 size=53370.90000000
2026-08-19 05:22:38,583 | INFO | crypto_bot | TRADE pair=ROBO-USDT time=2026-08-19T05:22:38.519000+00:00 price=0.01278000 size=14139.90000000
2026-08-19 05:22:38,583 | INFO | crypto_bot | TRADE pair=ROBO-USDT time=2026-08-19T05:22:38.519000+00:00 price=0.01279000 size=2846.10000000
2026-08-19 05:22:38,583 | INFO | crypto_bot | TRADE pair=ROBO-USDT time=2026-08-19T05:22:38.519000+00:00 price=0.01279000 size=12857.40000000
2026-08-19 05:22:38,584 | INFO | crypto_bot | TRADE pair=ROBO-USDT time=2026-08-19T05:22:38.519000+00:00 price=0.01280000 size=14139.90000000
2026-08-19 05:22:38,584 | INFO | crypto_bot | TRADE pair=ROBO-USDT time=2026-08-19T05:22:38.519000+00:00 price=0.01281000 size=6680.20000000
2026-08-19 05:22:38,584 | INFO | crypto_bot | TRADE pair=ROBO-USDT time=2026-08-19T05:22:38.519000+00:00 price=0.01281000 size=10292.40000000
2026-08-19 05:22:38,584 | INFO | crypto_bot | TRADE pair=ROBO-USDT time=2026-08-19T05:22:38.519000+00:00 price=0.01282000 size=14139.90000000
2026-08-19 05:22:38,584 | INFO | crypto_bot | TRADE pair=ROBO-USDT time=2026-08-19T05:22:38.520000+00:00 price=0.01283000 size=200000.00000000
2026-08-19 05:22:38,584 | INFO | crypto_bot | TRADE pair=ROBO-USDT time=2026-08-19T05:22:38.520000+00:00 price=0.01283000 size=111037.70000000
2026-08-19 05:22:38,584 | INFO | crypto_bot | TRADE pair=ROBO-USDT time=2026-08-19T05:22:38.521000+00:00 price=0.01283000 size=101168.90000000
2026-08-19 05:22:38,584 | INFO | crypto_bot | TRADE pair=ROBO-USDT time=2026-08-19T05:22:38.521000+00:00 price=0.01283000 size=2565.00000000
2026-08-19 05:22:38,585 | INFO | crypto_bot | TRADE pair=ROBO-USDT time=2026-08-19T05:22:38.521000+00:00 price=0.01283000 size=200000.00000000
2026-08-19 05:22:38,585 | INFO | crypto_bot | TRADE pair=ROBO-USDT time=2026-08-19T05:22:38.521000+00:00 price=0.01283000 size=48437.10000000
2026-08-19 05:22:38,585 | INFO | crypto_bot | TRADE pair=ROBO-USDT time=2026-08-19T05:22:38.522000+00:00 price=0.01284000 size=113.50000000
2026-08-19 05:22:38,585 | INFO | crypto_bot | TRADE pair=ROBO-USDT time=2026-08-19T05:22:38.524000+00:00 price=0.01283000 size=1282.50000000
2026-08-19 05:22:38,586 | INFO | crypto_bot | TRADE pair=ROBO-USDT time=2026-08-19T05:22:38.524000+00:00 price=0.01282000 size=3271.40000000
2026-08-19 05:22:38,586 | INFO | crypto_bot | TRADE pair=ROBO-USDT time=2026-08-19T05:22:38.525000+00:00 price=0.01283000 size=3964.10000000
2026-08-19 05:22:38,586 | INFO | crypto_bot | TRADE pair=ROBO-USDT time=2026-08-19T05:22:38.525000+00:00 price=0.01283000 size=3964.10000000
2026-08-19 05:22:38,586 | INFO | crypto_bot | TRADE pair=ROBO-USDT time=2026-08-19T05:22:38.525000+00:00 price=0.01283000 size=5684.40000000
2026-08-19 05:22:38,586 | INFO | crypto_bot | TRADE pair=ROBO-USDT time=2026-08-19T05:22:38.526000+00:00 price=0.01283000 size=5178.10000000
2026-08-19 05:22:38,586 | INFO | crypto_bot | TRADE pair=ROBO-USDT time=2026-08-19T05:22:38.526000+00:00 price=0.01282000 size=1658.60000000
2026-08-19 05:22:38,587 | INFO | crypto_bot | TRADE pair=ROBO-USDT time=2026-08-19T05:22:38.527000+00:00 price=0.01283000 size=13612.60000000
2026-08-19 05:22:38,587 | INFO | crypto_bot | TRADE pair=ROBO-USDT time=2026-08-19T05:22:38.527000+00:00 price=0.01282000 size=3812.30000000
2026-08-19 05:22:38,587 | INFO | crypto_bot | TRADE pair=ROBO-USDT time=2026-08-19T05:22:38.527000+00:00 price=0.01282000 size=7338.10000000
2026-08-19 05:22:38,587 | INFO | crypto_bot | TRADE pair=ROBO-USDT time=2026-08-19T05:22:38.527000+00:00 price=0.01281000 size=10086.80000000
2026-08-19 05:22:38,587 | INFO | crypto_bot | TRADE pair=ROBO-USDT time=2026-08-19T05:22:38.531000+00:00 price=0.01283000 size=3879.20000000
2026-08-19 05:22:38,598 | INFO | crypto_bot | TRADE pair=ROBO-USDT time=2026-08-19T05:22:38.544000+00:00 price=0.01283000 size=1282.50000000
2026-08-19 05:22:38,598 | INFO | crypto_bot | TRADE pair=ROBO-USDT time=2026-08-19T05:22:38.544000+00:00 price=0.01282000 size=902.60000000
2026-08-19 05:22:38,792 | INFO | crypto_bot | TRADE pair=ROBO-USDT time=2026-08-19T05:22:38.738000+00:00 price=0.01286000 size=17325.20000000
2026-08-19 05:22:38,799 | INFO | crypto_bot | TRADE pair=ROBO-USDT time=2026-08-19T05:22:38.746000+00:00 price=0.01286000 size=14139.90000000
2026-08-19 05:22:38,802 | INFO | crypto_bot | TRADE pair=ROBO-USDT time=2026-08-19T05:22:38.748000+00:00 price=0.01286000 size=14139.90000000
2026-08-19 05:22:38,903 | INFO | crypto_bot | TRADE pair=ROBO-USDT time=2026-08-19T05:22:38.850000+00:00 price=0.01286000 size=14139.90000000
2026-08-19 05:22:38,905 | INFO | crypto_bot | TRADE pair=ROBO-USDT time=2026-08-19T05:22:38.851000+00:00 price=0.01286000 size=14139.90000000
2026-08-19 05:22:38,987 | INFO | crypto_bot | TRADE pair=ROBO-USDT time=2026-08-19T05:22:38.933000+00:00 price=0.01286000 size=14139.90000000
2026-08-19 05:22:38,988 | INFO | crypto_bot | TRADE pair=ROBO-USDT time=2026-08-19T05:22:38.935000+00:00 price=0.01286000 size=14139.90000000
2026-08-19 05:22:38,990 | INFO | crypto_bot | TRADE pair=ROBO-USDT time=2026-08-19T05:22:38.936000+00:00 price=0.01286000 size=14139.90000000
2026-08-19 05:22:38,992 | INFO | crypto_bot | TRADE pair=ROBO-USDT time=2026-08-19T05:22:38.939000+00:00 price=0.01286000 size=14139.90000000
2026-08-19 05:22:39,283 | INFO | crypto_bot | TRADE pair=ROBO-USDT time=2026-08-19T05:22:39.230000+00:00 price=0.01285000 size=2185.10000000
2026-08-19 05:22:39,581 | INFO | crypto_bot | TRADE pair=ROBO-USDT time=2026-08-19T05:22:39.527000+00:00 price=0.01284000 size=14139.90000000
2026-08-19 05:22:39,584 | INFO | crypto_bot | TRADE pair=ROBO-USDT time=2026-08-19T05:22:39.530000+00:00 price=0.01284000 size=14139.90000000
2026-08-19 05:22:39,586 | INFO | crypto_bot | TRADE pair=ROBO-USDT time=2026-08-19T05:22:39.532000+00:00 price=0.01284000 size=14139.90000000
2026-08-19 05:22:39,588 | INFO | crypto_bot | TRADE pair=ROBO-USDT time=2026-08-19T05:22:39.534000+00:00 price=0.01284000 size=14139.90000000
2026-08-19 05:22:39,589 | INFO | crypto_bot | TRADE pair=ROBO-USDT time=2026-08-19T05:22:39.536000+00:00 price=0.01284000 size=14139.90000000
2026-08-19 05:22:39,692 | INFO | crypto_bot | TRADE pair=ROBO-USDT time=2026-08-19T05:22:39.638000+00:00 price=0.01284000 size=14139.90000000
2026-08-19 05:22:39,693 | INFO | crypto_bot | TRADE pair=ROBO-USDT time=2026-08-19T05:22:39.640000+00:00 price=0.01284000 size=14139.90000000
2026-08-19 05:22:39,695 | INFO | crypto_bot | TRADE pair=ROBO-USDT time=2026-08-19T05:22:39.642000+00:00 price=0.01284000 size=14139.90000000
2026-08-19 05:22:39,697 | INFO | crypto_bot | TRADE pair=ROBO-USDT time=2026-08-19T05:22:39.643000+00:00 price=0.01284000 size=14139.90000000
2026-08-19 05:22:39,698 | INFO | crypto_bot | TRADE pair=ROBO-USDT time=2026-08-19T05:22:39.645000+00:00 price=0.01284000 size=14139.90000000
2026-08-19 05:22:39,802 | INFO | crypto_bot | TRADE pair=ROBO-USDT time=2026-08-19T05:22:39.749000+00:00 price=0.01284000 size=14139.90000000
2026-08-19 05:22:39,803 | INFO | crypto_bot | TRADE pair=ROBO-USDT time=2026-08-19T05:22:39.750000+00:00 price=0.01284000 size=14139.90000000
2026-08-19 05:22:39,805 | INFO | crypto_bot | TRADE pair=ROBO-USDT time=2026-08-19T05:22:39.752000+00:00 price=0.01284000 size=14139.90000000
2026-08-19 05:22:39,807 | INFO | crypto_bot | TRADE pair=ROBO-USDT time=2026-08-19T05:22:39.754000+00:00 price=0.01284000 size=14139.90000000
2026-08-19 05:22:39,809 | INFO | crypto_bot | TRADE pair=ROBO-USDT time=2026-08-19T05:22:39.755000+00:00 price=0.01284000 size=14139.90000000
2026-08-19 05:22:39,811 | INFO | crypto_bot | TRADE pair=ROBO-USDT time=2026-08-19T05:22:39.758000+00:00 price=0.01284000 size=14139.90000000
2026-08-19 05:22:45,090 | INFO | crypto_bot | TRADE pair=ROBO-USDT time=2026-08-19T05:22:45.036000+00:00 price=0.01286000 size=1455.00000000
2026-08-19 05:22:49,154 | INFO | crypto_bot | TRADE pair=ROBO-USDT time=2026-08-19T05:22:49.100000+00:00 price=0.01285000 size=14139.90000000
2026-08-19 05:23:06,125 | INFO | crypto_bot | TRADE pair=ROBO-USDT time=2026-08-19T05:23:06.070000+00:00 price=0.01284000 size=34014.60000000
2026-08-19 05:23:06,125 | INFO | crypto_bot | 1m CLOSED ts=2026-08-19T05:22:00+00:00 o=0.01276000 h=0.01286000 l=0.01276000 c=0.01285000 v=1259802.00000000
2026-08-19 05:23:06,125 | INFO | crypto_bot | ENTRY signal=HOLD reason=trend_filter_not_passed meta={'regime': 'unknown'}
2026-08-19 05:24:32,072 | INFO | crypto_bot | TRADE pair=ROBO-USDT time=2026-08-19T05:24:32.018000+00:00 price=0.01286000 size=10223.50000000
2026-08-19 05:24:32,073 | INFO | crypto_bot | 1m CLOSED ts=2026-08-19T05:23:00+00:00 o=0.01284000 h=0.01284000 l=0.01284000 c=0.01284000 v=34014.60000000
2026-08-19 05:24:32,073 | INFO | crypto_bot | ENTRY signal=HOLD reason=trend_filter_not_passed meta={'regime': 'unknown'}
2026-08-19 05:24:32,807 | INFO | crypto_bot | TRADE pair=ROBO-USDT time=2026-08-19T05:24:32.754000+00:00 price=0.01283000 size=1321.90000000
2026-08-19 05:24:32,810 | INFO | crypto_bot | TRADE pair=ROBO-USDT time=2026-08-19T05:24:32.757000+00:00 price=0.01284000 size=14139.90000000
2026-08-19 05:24:32,810 | INFO | crypto_bot | TRADE pair=ROBO-USDT time=2026-08-19T05:24:32.757000+00:00 price=0.01285000 size=14139.90000000
2026-08-19 05:26:44,075 | INFO | crypto_bot | TRADE pair=ROBO-USDT time=2026-08-19T05:26:44.022000+00:00 price=0.01288000 size=17697.20000000
2026-08-19 05:26:44,075 | INFO | crypto_bot | 1m CLOSED ts=2026-08-19T05:24:00+00:00 o=0.01286000 h=0.01286000 l=0.01283000 c=0.01285000 v=39825.20000000
2026-08-19 05:26:44,076 | INFO | crypto_bot | ENTRY signal=HOLD reason=trend_filter_not_passed meta={'regime': 'unknown'}
2026-08-19 05:26:44,076 | INFO | crypto_bot | 5m CLOSED ts=2026-08-19T05:20:00+00:00 o=0.01275000 h=0.01286000 l=0.01274000 c=0.01285000 v=1394997.40000000
2026-08-19 05:27:25,780 | INFO | crypto_bot | TRADE pair=ROBO-USDT time=2026-08-19T05:27:25.726000+00:00 price=0.01288000 size=14139.90000000
2026-08-19 05:27:25,780 | INFO | crypto_bot | 1m CLOSED ts=2026-08-19T05:26:00+00:00 o=0.01288000 h=0.01288000 l=0.01288000 c=0.01288000 v=17697.20000000
2026-08-19 05:27:25,780 | INFO | crypto_bot | ENTRY signal=HOLD reason=trend_filter_not_passed meta={'regime': 'unknown'}
2026-08-19 05:27:34,096 | INFO | crypto_bot | TRADE pair=ROBO-USDT time=2026-08-19T05:27:34.043000+00:00 price=0.01289000 size=130.60000000
2026-08-19 05:27:34,097 | INFO | crypto_bot | TRADE pair=ROBO-USDT time=2026-08-19T05:27:34.044000+00:00 price=0.01290000 size=255.50000000
2026-08-19 05:27:35,241 | INFO | crypto_bot | TRADE pair=ROBO-USDT time=2026-08-19T05:27:35.187000+00:00 price=0.01291000 size=879.80000000
2026-08-19 05:27:38,643 | INFO | crypto_bot | TRADE pair=ROBO-USDT time=2026-08-19T05:27:38.589000+00:00 price=0.01292000 size=14139.90000000
2026-08-19 05:27:38,643 | INFO | crypto_bot | TRADE pair=ROBO-USDT time=2026-08-19T05:27:38.589000+00:00 price=0.01293000 size=10711.30000000
2026-08-19 05:27:38,650 | INFO | crypto_bot | TRADE pair=ROBO-USDT time=2026-08-19T05:27:38.597000+00:00 price=0.01292000 size=14139.90000000
2026-08-19 05:27:38,650 | INFO | crypto_bot | TRADE pair=ROBO-USDT time=2026-08-19T05:27:38.597000+00:00 price=0.01293000 size=14139.90000000
2026-08-19 05:28:54,442 | INFO | crypto_bot | TRADE pair=ROBO-USDT time=2026-08-19T05:28:54.386000+00:00 price=0.01291000 size=5622.70000000
2026-08-19 05:28:54,442 | INFO | crypto_bot | 1m CLOSED ts=2026-08-19T05:27:00+00:00 o=0.01288000 h=0.01293000 l=0.01288000 c=0.01293000 v=68536.80000000
2026-08-19 05:28:54,442 | INFO | crypto_bot | ENTRY signal=HOLD reason=trend_filter_not_passed meta={'regime': 'unknown'}
2026-08-19 05:30:42,123 | INFO | crypto_bot | TRADE pair=ROBO-USDT time=2026-08-19T05:30:42.069000+00:00 price=0.01291000 size=774.50000000
2026-08-19 05:30:42,123 | INFO | crypto_bot | 1m CLOSED ts=2026-08-19T05:28:00+00:00 o=0.01291000 h=0.01291000 l=0.01291000 c=0.01291000 v=5622.70000000
2026-08-19 05:30:42,123 | INFO | crypto_bot | ENTRY signal=HOLD reason=trend_filter_not_passed meta={'regime': 'unknown'}
2026-08-19 05:30:42,123 | INFO | crypto_bot | 5m CLOSED ts=2026-08-19T05:25:00+00:00 o=0.01288000 h=0.01293000 l=0.01288000 c=0.01291000 v=91856.70000000
2026-08-19 05:30:42,784 | INFO | crypto_bot | TRADE pair=ROBO-USDT time=2026-08-19T05:30:42.731000+00:00 price=0.01291000 size=1654.50000000
2026-08-19 05:30:49,919 | INFO | crypto_bot | TRADE pair=ROBO-USDT time=2026-08-19T05:30:49.865000+00:00 price=0.01290000 size=6581.70000000
2026-08-19 05:32:23,906 | INFO | crypto_bot | TRADE pair=ROBO-USDT time=2026-08-19T05:32:23.852000+00:00 price=0.01288000 size=18483.80000000
2026-08-19 05:32:23,906 | INFO | crypto_bot | 1m CLOSED ts=2026-08-19T05:30:00+00:00 o=0.01291000 h=0.01291000 l=0.01290000 c=0.01290000 v=9010.70000000
2026-08-19 05:32:23,906 | INFO | crypto_bot | ENTRY signal=HOLD reason=trend_filter_not_passed meta={'regime': 'unknown'}
2026-08-19 05:32:23,913 | INFO | crypto_bot | TRADE pair=ROBO-USDT time=2026-08-19T05:32:23.859000+00:00 price=0.01288000 size=14139.90000000
2026-08-19 05:32:32,730 | INFO | crypto_bot | TRADE pair=ROBO-USDT time=2026-08-19T05:32:32.676000+00:00 price=0.01289000 size=4355.50000000
2026-08-19 05:37:38,684 | INFO | crypto_bot | TRADE pair=ROBO-USDT time=2026-08-19T05:37:38.630000+00:00 price=0.01287000 size=382.80000000
2026-08-19 05:37:38,684 | INFO | crypto_bot | 1m CLOSED ts=2026-08-19T05:32:00+00:00 o=0.01288000 h=0.01289000 l=0.01288000 c=0.01289000 v=36979.20000000
2026-08-19 05:37:38,684 | INFO | crypto_bot | ENTRY signal=HOLD reason=trend_filter_not_passed meta={'regime': 'unknown'}
2026-08-19 05:37:38,685 | INFO | crypto_bot | 5m CLOSED ts=2026-08-19T05:30:00+00:00 o=0.01291000 h=0.01291000 l=0.01288000 c=0.01289000 v=45989.90000000
2026-08-19 05:38:36,568 | INFO | crypto_bot | TRADE pair=ROBO-USDT time=2026-08-19T05:38:36.515000+00:00 price=0.01287000 size=1795.90000000
2026-08-19 05:38:36,569 | INFO | crypto_bot | 1m CLOSED ts=2026-08-19T05:37:00+00:00 o=0.01287000 h=0.01287000 l=0.01287000 c=0.01287000 v=382.80000000
2026-08-19 05:38:36,569 | INFO | crypto_bot | ENTRY signal=HOLD reason=trend_filter_not_passed meta={'regime': 'unknown'}
2026-08-19 05:41:41,553 | INFO | crypto_bot | TRADE pair=ROBO-USDT time=2026-08-19T05:41:41.498000+00:00 price=0.01287000 size=14139.90000000
2026-08-19 05:41:41,553 | INFO | crypto_bot | 1m CLOSED ts=2026-08-19T05:38:00+00:00 o=0.01287000 h=0.01287000 l=0.01287000 c=0.01287000 v=1795.90000000
2026-08-19 05:41:41,553 | INFO | crypto_bot | ENTRY signal=HOLD reason=trend_filter_not_passed meta={'regime': 'unknown'}
2026-08-19 05:41:41,553 | INFO | crypto_bot | 5m CLOSED ts=2026-08-19T05:35:00+00:00 o=0.01287000 h=0.01287000 l=0.01287000 c=0.01287000 v=2178.70000000
2026-08-19 05:41:41,554 | INFO | crypto_bot | TRADE pair=ROBO-USDT time=2026-08-19T05:41:41.501000+00:00 price=0.01289000 size=38880.20000000
2026-08-19 05:41:44,824 | INFO | crypto_bot | TRADE pair=ROBO-USDT time=2026-08-19T05:41:44.770000+00:00 price=0.01291000 size=38789.70000000
2026-08-19 05:41:44,829 | INFO | crypto_bot | TRADE pair=ROBO-USDT time=2026-08-19T05:41:44.775000+00:00 price=0.01293000 size=1282.50000000
2026-08-19 05:41:44,829 | INFO | crypto_bot | TRADE pair=ROBO-USDT time=2026-08-19T05:41:44.775000+00:00 price=0.01292000 size=2963.90000000
2026-08-19 05:41:44,829 | INFO | crypto_bot | TRADE pair=ROBO-USDT time=2026-08-19T05:41:44.775000+00:00 price=0.01292000 size=258.00000000
2026-08-19 05:41:44,829 | INFO | crypto_bot | TRADE pair=ROBO-USDT time=2026-08-19T05:41:44.775000+00:00 price=0.01293000 size=1282.50000000
2026-08-19 05:41:44,829 | INFO | crypto_bot | TRADE pair=ROBO-USDT time=2026-08-19T05:41:44.775000+00:00 price=0.01293000 size=6965.70000000
2026-08-19 05:41:44,830 | INFO | crypto_bot | TRADE pair=ROBO-USDT time=2026-08-19T05:41:44.776000+00:00 price=0.01293000 size=9982.70000000
2026-08-19 05:41:44,831 | INFO | crypto_bot | TRADE pair=ROBO-USDT time=2026-08-19T05:41:44.778000+00:00 price=0.01294000 size=1282.50000000
2026-08-19 05:41:44,832 | INFO | crypto_bot | TRADE pair=ROBO-USDT time=2026-08-19T05:41:44.778000+00:00 price=0.01295000 size=19629.50000000
2026-08-19 05:41:44,834 | INFO | crypto_bot | TRADE pair=ROBO-USDT time=2026-08-19T05:41:44.781000+00:00 price=0.01293000 size=11317.60000000
2026-08-19 05:41:44,841 | INFO | crypto_bot | TRADE pair=ROBO-USDT time=2026-08-19T05:41:44.787000+00:00 price=0.01294000 size=35198.70000000
2026-08-19 05:41:45,301 | INFO | crypto_bot | TRADE pair=ROBO-USDT time=2026-08-19T05:41:45.247000+00:00 price=0.01292000 size=2182.20000000
2026-08-19 05:51:29,391 | INFO | crypto_bot | TRADE pair=ROBO-USDT time=2026-08-19T05:51:29.338000+00:00 price=0.01289000 size=14139.90000000
2026-08-19 05:51:29,396 | INFO | crypto_bot | 1m CLOSED ts=2026-08-19T05:41:00+00:00 o=0.01287000 h=0.01295000 l=0.01287000 c=0.01292000 v=184155.60000000
2026-08-19 05:51:29,396 | INFO | crypto_bot | ENTRY signal=HOLD reason=trend_filter_not_passed meta={'regime': 'unknown'}
2026-08-19 05:51:29,400 | INFO | crypto_bot | 5m CLOSED ts=2026-08-19T05:40:00+00:00 o=0.01287000 h=0.01295000 l=0.01287000 c=0.01292000 v=184155.60000000
2026-08-19 05:59:05,585 | INFO | crypto_bot | TRADE pair=ROBO-USDT time=2026-08-19T05:59:05.531000+00:00 price=0.01288000 size=14139.90000000
2026-08-19 05:59:05,585 | INFO | crypto_bot | 1m CLOSED ts=2026-08-19T05:51:00+00:00 o=0.01289000 h=0.01289000 l=0.01289000 c=0.01289000 v=14139.90000000
2026-08-19 05:59:05,585 | INFO | crypto_bot | ENTRY signal=HOLD reason=trend_filter_not_passed meta={'regime': 'unknown'}
2026-08-19 05:59:05,586 | INFO | crypto_bot | 5m CLOSED ts=2026-08-19T05:50:00+00:00 o=0.01289000 h=0.01289000 l=0.01289000 c=0.01289000 v=14139.90000000
2026-08-19 06:00:00,059 | INFO | crypto_bot | TRADE pair=ROBO-USDT time=2026-08-19T06:00:00.003000+00:00 price=0.01287000 size=15064.00000000
2026-08-19 06:00:00,059 | INFO | crypto_bot | 1m CLOSED ts=2026-08-19T05:59:00+00:00 o=0.01288000 h=0.01288000 l=0.01288000 c=0.01288000 v=14139.90000000
2026-08-19 06:00:00,060 | INFO | crypto_bot | ENTRY signal=HOLD reason=trend_filter_not_passed meta={'regime': 'unknown'}
2026-08-19 06:00:00,062 | INFO | crypto_bot | 5m CLOSED ts=2026-08-19T05:55:00+00:00 o=0.01288000 h=0.01288000 l=0.01288000 c=0.01288000 v=14139.90000000
2026-08-19 06:00:00,062 | INFO | crypto_bot | TRADE pair=ROBO-USDT time=2026-08-19T06:00:00.003000+00:00 price=0.01286000 size=21400.10000000
2026-08-19 06:00:20,322 | INFO | crypto_bot | TRADE pair=ROBO-USDT time=2026-08-19T06:00:20.268000+00:00 price=0.01288000 size=1282.50000000
2026-08-19 06:00:20,322 | INFO | crypto_bot | TRADE pair=ROBO-USDT time=2026-08-19T06:00:20.268000+00:00 price=0.01287000 size=3190.50000000
2026-08-19 06:01:01,835 | INFO | crypto_bot | TRADE pair=ROBO-USDT time=2026-08-19T06:01:01.781000+00:00 price=0.01289000 size=19069.70000000
2026-08-19 06:01:01,836 | INFO | crypto_bot | 1m CLOSED ts=2026-08-19T06:00:00+00:00 o=0.01287000 h=0.01288000 l=0.01286000 c=0.01287000 v=40937.10000000
2026-08-19 06:01:01,836 | INFO | crypto_bot | ENTRY signal=HOLD reason=trend_filter_not_passed meta={'regime': 'unknown'}
2026-08-19 06:01:01,836 | INFO | crypto_bot | TRADE pair=ROBO-USDT time=2026-08-19T06:01:01.781000+00:00 price=0.01290000 size=38819.80000000
2026-08-19 06:04:01,327 | INFO | crypto_bot | TRADE pair=ROBO-USDT time=2026-08-19T06:04:01.274000+00:00 price=0.01288000 size=1282.50000000
2026-08-19 06:04:01,328 | INFO | crypto_bot | 1m CLOSED ts=2026-08-19T06:01:00+00:00 o=0.01289000 h=0.01290000 l=0.01289000 c=0.01290000 v=57889.50000000
2026-08-19 06:04:01,328 | INFO | crypto_bot | ENTRY signal=HOLD reason=trend_filter_not_passed meta={'regime': 'unknown'}
2026-08-19 06:04:01,328 | INFO | crypto_bot | TRADE pair=ROBO-USDT time=2026-08-19T06:04:01.274000+00:00 price=0.01287000 size=5537.30000000
2026-08-19 06:08:16,973 | INFO | crypto_bot | TRADE pair=ROBO-USDT time=2026-08-19T06:08:16.919000+00:00 price=0.01290000 size=20232.80000000
2026-08-19 06:08:16,973 | INFO | crypto_bot | 1m CLOSED ts=2026-08-19T06:04:00+00:00 o=0.01288000 h=0.01288000 l=0.01287000 c=0.01287000 v=6819.80000000
2026-08-19 06:08:16,973 | INFO | crypto_bot | ENTRY signal=HOLD reason=trend_filter_not_passed meta={'regime': 'unknown'}
2026-08-19 06:08:16,973 | INFO | crypto_bot | 5m CLOSED ts=2026-08-19T06:00:00+00:00 o=0.01287000 h=0.01290000 l=0.01286000 c=0.01287000 v=105646.40000000
2026-08-19 06:08:33,583 | INFO | crypto_bot | TRADE pair=ROBO-USDT time=2026-08-19T06:08:33.530000+00:00 price=0.01289000 size=14139.90000000
2026-08-19 06:11:10,571 | INFO | crypto_bot | TRADE pair=ROBO-USDT time=2026-08-19T06:11:10.517000+00:00 price=0.01289000 size=6825.80000000
2026-08-19 06:11:10,572 | INFO | crypto_bot | 1m CLOSED ts=2026-08-19T06:08:00+00:00 o=0.01290000 h=0.01290000 l=0.01289000 c=0.01289000 v=34372.70000000
2026-08-19 06:11:10,572 | INFO | crypto_bot | ENTRY signal=HOLD reason=trend_filter_not_passed meta={'regime': 'unknown'}
2026-08-19 06:11:10,572 | INFO | crypto_bot | 5m CLOSED ts=2026-08-19T06:05:00+00:00 o=0.01290000 h=0.01290000 l=0.01289000 c=0.01289000 v=34372.70000000
2026-08-19 06:13:00,563 | INFO | crypto_bot | TRADE pair=ROBO-USDT time=2026-08-19T06:13:00.508000+00:00 price=0.01289000 size=7695.00000000
2026-08-19 06:13:00,564 | INFO | crypto_bot | 1m CLOSED ts=2026-08-19T06:11:00+00:00 o=0.01289000 h=0.01289000 l=0.01289000 c=0.01289000 v=6825.80000000
2026-08-19 06:13:00,564 | INFO | crypto_bot | ENTRY signal=HOLD reason=trend_filter_not_passed meta={'regime': 'unknown'}
2026-08-19 06:15:19,336 | INFO | crypto_bot | TRADE pair=ROBO-USDT time=2026-08-19T06:15:19.283000+00:00 price=0.01289000 size=12835.70000000
2026-08-19 06:15:19,336 | INFO | crypto_bot | 1m CLOSED ts=2026-08-19T06:13:00+00:00 o=0.01289000 h=0.01289000 l=0.01289000 c=0.01289000 v=7695.00000000
2026-08-19 06:15:19,336 | INFO | crypto_bot | ENTRY signal=HOLD reason=trend_filter_not_passed meta={'regime': 'unknown'}
2026-08-19 06:15:19,337 | INFO | crypto_bot | 5m CLOSED ts=2026-08-19T06:10:00+00:00 o=0.01289000 h=0.01289000 l=0.01289000 c=0.01289000 v=14520.80000000
2026-08-19 06:15:19,519 | INFO | crypto_bot | TRADE pair=ROBO-USDT time=2026-08-19T06:15:19.466000+00:00 price=0.01287000 size=14139.90000000
2026-08-19 06:20:24,702 | INFO | crypto_bot | TRADE pair=ROBO-USDT time=2026-08-19T06:20:24.647000+00:00 price=0.01285000 size=7000.00000000
2026-08-19 06:20:24,703 | INFO | crypto_bot | 1m CLOSED ts=2026-08-19T06:15:00+00:00 o=0.01289000 h=0.01289000 l=0.01287000 c=0.01287000 v=26975.60000000
2026-08-19 06:20:24,703 | INFO | crypto_bot | ENTRY signal=HOLD reason=trend_filter_not_passed meta={'regime': 'unknown'}
2026-08-19 06:20:24,703 | INFO | crypto_bot | 5m CLOSED ts=2026-08-19T06:15:00+00:00 o=0.01289000 h=0.01289000 l=0.01287000 c=0.01287000 v=26975.60000000
2026-08-19 06:23:08,214 | INFO | crypto_bot | TRADE pair=ROBO-USDT time=2026-08-19T06:23:08.161000+00:00 price=0.01287000 size=14139.90000000
2026-08-19 06:23:08,214 | INFO | crypto_bot | 1m CLOSED ts=2026-08-19T06:20:00+00:00 o=0.01285000 h=0.01285000 l=0.01285000 c=0.01285000 v=7000.00000000
2026-08-19 06:23:08,214 | INFO | crypto_bot | ENTRY signal=HOLD reason=trend_filter_not_passed meta={'regime': 'unknown'}
2026-08-19 06:26:12,291 | INFO | crypto_bot | TRADE pair=ROBO-USDT time=2026-08-19T06:26:12.237000+00:00 price=0.01290000 size=43926.80000000
2026-08-19 06:26:12,292 | INFO | crypto_bot | 1m CLOSED ts=2026-08-19T06:23:00+00:00 o=0.01287000 h=0.01287000 l=0.01287000 c=0.01287000 v=14139.90000000
2026-08-19 06:26:12,292 | INFO | crypto_bot | ENTRY signal=HOLD reason=trend_filter_not_passed meta={'regime': 'unknown'}
2026-08-19 06:26:12,292 | INFO | crypto_bot | 5m CLOSED ts=2026-08-19T06:20:00+00:00 o=0.01285000 h=0.01287000 l=0.01285000 c=0.01287000 v=21139.90000000
2026-08-19 06:26:20,862 | INFO | crypto_bot | TRADE pair=ROBO-USDT time=2026-08-19T06:26:20.802000+00:00 price=0.01291000 size=14139.90000000
2026-08-19 06:26:20,862 | INFO | crypto_bot | TRADE pair=ROBO-USDT time=2026-08-19T06:26:20.803000+00:00 price=0.01292000 size=38759.60000000
2026-08-19 06:26:20,862 | INFO | crypto_bot | TRADE pair=ROBO-USDT time=2026-08-19T06:26:20.806000+00:00 price=0.01291000 size=14139.90000000
2026-08-19 06:26:20,862 | INFO | crypto_bot | TRADE pair=ROBO-USDT time=2026-08-19T06:26:20.807000+00:00 price=0.01291000 size=14139.90000000
2026-08-19 06:26:20,862 | INFO | crypto_bot | TRADE pair=ROBO-USDT time=2026-08-19T06:26:20.807000+00:00 price=0.01290000 size=1282.50000000
2026-08-19 06:26:20,863 | INFO | crypto_bot | TRADE pair=ROBO-USDT time=2026-08-19T06:26:20.808000+00:00 price=0.01290000 size=7435.00000000
2026-08-19 06:26:20,864 | INFO | crypto_bot | TRADE pair=ROBO-USDT time=2026-08-19T06:26:20.811000+00:00 price=0.01289000 size=1282.50000000
2026-08-19 06:26:20,877 | INFO | crypto_bot | TRADE pair=ROBO-USDT time=2026-08-19T06:26:20.823000+00:00 price=0.01289000 size=14139.90000000
2026-08-19 06:26:20,895 | INFO | crypto_bot | TRADE pair=ROBO-USDT time=2026-08-19T06:26:20.841000+00:00 price=0.01288000 size=14139.90000000
2026-08-19 06:30:18,616 | INFO | crypto_bot | TRADE pair=ROBO-USDT time=2026-08-19T06:30:18.562000+00:00 price=0.01287000 size=1282.50000000
2026-08-19 06:30:18,616 | INFO | crypto_bot | 1m CLOSED ts=2026-08-19T06:26:00+00:00 o=0.01290000 h=0.01292000 l=0.01288000 c=0.01288000 v=163385.90000000
2026-08-19 06:30:18,616 | INFO | crypto_bot | ENTRY signal=HOLD reason=trend_filter_not_passed meta={'regime': 'unknown'}
2026-08-19 06:30:18,617 | INFO | crypto_bot | 5m CLOSED ts=2026-08-19T06:25:00+00:00 o=0.01290000 h=0.01292000 l=0.01288000 c=0.01288000 v=163385.90000000
2026-08-19 06:35:35,752 | INFO | crypto_bot | TRADE pair=ROBO-USDT time=2026-08-19T06:35:35.698000+00:00 price=0.01284000 size=113.60000000
2026-08-19 06:35:35,752 | INFO | crypto_bot | 1m CLOSED ts=2026-08-19T06:30:00+00:00 o=0.01287000 h=0.01287000 l=0.01287000 c=0.01287000 v=1282.50000000
2026-08-19 06:35:35,753 | INFO | crypto_bot | ENTRY signal=HOLD reason=trend_filter_not_passed meta={'regime': 'unknown'}
2026-08-19 06:35:35,753 | INFO | crypto_bot | 5m CLOSED ts=2026-08-19T06:30:00+00:00 o=0.01287000 h=0.01287000 l=0.01287000 c=0.01287000 v=1282.50000000
2026-08-19 06:35:35,766 | INFO | crypto_bot | TRADE pair=ROBO-USDT time=2026-08-19T06:35:35.712000+00:00 price=0.01283000 size=125.60000000
2026-08-19 06:36:23,733 | INFO | crypto_bot | TRADE pair=ROBO-USDT time=2026-08-19T06:36:23.678000+00:00 price=0.01284000 size=15422.40000000
2026-08-19 06:36:23,733 | INFO | crypto_bot | 1m CLOSED ts=2026-08-19T06:35:00+00:00 o=0.01284000 h=0.01284000 l=0.01283000 c=0.01283000 v=239.20000000
2026-08-19 06:36:23,733 | INFO | crypto_bot | ENTRY signal=HOLD reason=trend_filter_not_passed meta={'regime': 'unknown'}
2026-08-19 06:36:23,734 | INFO | crypto_bot | TRADE pair=ROBO-USDT time=2026-08-19T06:36:23.678000+00:00 price=0.01283000 size=349.50000000
2026-08-19 06:37:41,028 | INFO | crypto_bot | TRADE pair=ROBO-USDT time=2026-08-19T06:37:40.974000+00:00 price=0.01286000 size=21568.80000000
2026-08-19 06:37:41,028 | INFO | crypto_bot | 1m CLOSED ts=2026-08-19T06:36:00+00:00 o=0.01284000 h=0.01284000 l=0.01283000 c=0.01283000 v=15771.90000000
2026-08-19 06:37:41,028 | INFO | crypto_bot | ENTRY signal=HOLD reason=trend_filter_not_passed meta={'regime': 'unknown'}
2026-08-19 06:41:22,226 | INFO | crypto_bot | TRADE pair=ROBO-USDT time=2026-08-19T06:41:22.171000+00:00 price=0.01285000 size=40253.60000000
2026-08-19 06:41:22,226 | INFO | crypto_bot | 1m CLOSED ts=2026-08-19T06:37:00+00:00 o=0.01286000 h=0.01286000 l=0.01286000 c=0.01286000 v=21568.80000000
2026-08-19 06:41:22,227 | INFO | crypto_bot | ENTRY signal=HOLD reason=breakout_not_passed meta={'ok': False, 'breakout_level': 0.01295, 'current_price': 0.01286, 'current_volume': 21568.8, 'avg_volume': 32196.944999999996, 'extension_pct': -0.006949806949806935, 'is_breakout': False, 'volume_ok': False, 'not_overextended': True}
2026-08-19 06:41:22,229 | INFO | crypto_bot | 5m CLOSED ts=2026-08-19T06:35:00+00:00 o=0.01284000 h=0.01286000 l=0.01283000 c=0.01286000 v=37579.90000000
2026-08-19 06:47:09,904 | INFO | crypto_bot | TRADE pair=ROBO-USDT time=2026-08-19T06:47:09.850000+00:00 price=0.01286000 size=2215.50000000
2026-08-19 06:47:09,904 | INFO | crypto_bot | 1m CLOSED ts=2026-08-19T06:41:00+00:00 o=0.01285000 h=0.01285000 l=0.01285000 c=0.01285000 v=40253.60000000
2026-08-19 06:47:09,904 | INFO | crypto_bot | ENTRY signal=HOLD reason=breakout_not_passed meta={'ok': False, 'breakout_level': 0.01295, 'current_price': 0.01285, 'current_volume': 40253.6, 'avg_volume': 32824.84999999999, 'extension_pct': -0.007722007722007675, 'is_breakout': False, 'volume_ok': False, 'not_overextended': True}
2026-08-19 06:47:09,904 | INFO | crypto_bot | 5m CLOSED ts=2026-08-19T06:40:00+00:00 o=0.01285000 h=0.01285000 l=0.01285000 c=0.01285000 v=40253.60000000
2026-08-19 06:47:16,403 | INFO | crypto_bot | TRADE pair=ROBO-USDT time=2026-08-19T06:47:16.349000+00:00 price=0.01287000 size=14139.90000000
2026-08-19 06:47:16,405 | INFO | crypto_bot | TRADE pair=ROBO-USDT time=2026-08-19T06:47:16.351000+00:00 price=0.01288000 size=38895.30000000
2026-08-19 06:47:16,586 | INFO | crypto_bot | TRADE pair=ROBO-USDT time=2026-08-19T06:47:16.532000+00:00 price=0.01289000 size=3844.80000000
2026-08-19 06:47:16,586 | INFO | crypto_bot | TRADE pair=ROBO-USDT time=2026-08-19T06:47:16.532000+00:00 price=0.01290000 size=24595.80000000
2026-08-19 06:48:02,427 | INFO | crypto_bot | TRADE pair=ROBO-USDT time=2026-08-19T06:48:02.373000+00:00 price=0.01287000 size=3108.00000000
2026-08-19 06:48:02,427 | INFO | crypto_bot | 1m CLOSED ts=2026-08-19T06:47:00+00:00 o=0.01286000 h=0.01290000 l=0.01286000 c=0.01290000 v=83691.30000000
2026-08-19 06:48:02,427 | INFO | crypto_bot | ENTRY signal=HOLD reason=breakout_not_passed meta={'ok': False, 'breakout_level': 0.01295, 'current_price': 0.0129, 'current_volume': 83691.3, 'avg_volume': 32988.56999999999, 'extension_pct': -0.0038610038610038377, 'is_breakout': False, 'volume_ok': True, 'not_overextended': True}
2026-08-19 06:48:04,252 | INFO | crypto_bot | TRADE pair=ROBO-USDT time=2026-08-19T06:48:04.198000+00:00 price=0.01286000 size=753.20000000
2026-08-19 06:48:04,252 | INFO | crypto_bot | TRADE pair=ROBO-USDT time=2026-08-19T06:48:04.198000+00:00 price=0.01286000 size=529.30000000
2026-08-19 06:48:07,581 | INFO | crypto_bot | TRADE pair=ROBO-USDT time=2026-08-19T06:48:07.527000+00:00 price=0.01286000 size=977.10000000
2026-08-19 06:48:07,581 | INFO | crypto_bot | TRADE pair=ROBO-USDT time=2026-08-19T06:48:07.527000+00:00 price=0.01287000 size=8652.30000000
2026-08-19 06:48:37,492 | INFO | crypto_bot | TRADE pair=ROBO-USDT time=2026-08-19T06:48:37.438000+00:00 price=0.01286000 size=305.40000000
2026-08-19 06:49:57,366 | INFO | crypto_bot | TRADE pair=ROBO-USDT time=2026-08-19T06:49:57.304000+00:00 price=0.01286000 size=14139.90000000
2026-08-19 06:49:57,366 | INFO | crypto_bot | 1m CLOSED ts=2026-08-19T06:48:00+00:00 o=0.01287000 h=0.01287000 l=0.01286000 c=0.01286000 v=14325.30000000
2026-08-19 06:49:57,366 | INFO | crypto_bot | ENTRY signal=HOLD reason=breakout_not_passed meta={'ok': False, 'breakout_level': 0.01295, 'current_price': 0.01286, 'current_volume': 14325.3, 'avg_volume': 37153.994999999995, 'extension_pct': -0.006949806949806935, 'is_breakout': False, 'volume_ok': False, 'not_overextended': True}
2026-08-19 06:50:11,389 | INFO | crypto_bot | TRADE pair=ROBO-USDT time=2026-08-19T06:50:11.335000+00:00 price=0.01285000 size=6778.80000000
2026-08-19 06:50:11,389 | INFO | crypto_bot | 1m CLOSED ts=2026-08-19T06:49:00+00:00 o=0.01286000 h=0.01286000 l=0.01286000 c=0.01286000 v=14139.90000000
2026-08-19 06:50:11,389 | INFO | crypto_bot | ENTRY signal=HOLD reason=breakout_not_passed meta={'ok': False, 'breakout_level': 0.01295, 'current_price': 0.01286, 'current_volume': 14139.9, 'avg_volume': 37780.465, 'extension_pct': -0.006949806949806935, 'is_breakout': False, 'volume_ok': False, 'not_overextended': True}
2026-08-19 06:50:11,389 | INFO | crypto_bot | 5m CLOSED ts=2026-08-19T06:45:00+00:00 o=0.01286000 h=0.01290000 l=0.01286000 c=0.01286000 v=112156.50000000
2026-08-19 06:51:57,982 | INFO | crypto_bot | TRADE pair=ROBO-USDT time=2026-08-19T06:51:57.929000+00:00 price=0.01284000 size=3115.30000000
2026-08-19 06:51:57,982 | INFO | crypto_bot | 1m CLOSED ts=2026-08-19T06:50:00+00:00 o=0.01285000 h=0.01285000 l=0.01285000 c=0.01285000 v=6778.80000000
2026-08-19 06:51:57,982 | INFO | crypto_bot | ENTRY signal=HOLD reason=breakout_not_passed meta={'ok': False, 'breakout_level': 0.01292, 'current_price': 0.01285, 'current_volume': 6778.8, 'avg_volume': 29279.68, 'extension_pct': -0.0054179566563466635, 'is_breakout': False, 'volume_ok': False, 'not_overextended': True}
2026-08-19 06:52:52,566 | INFO | crypto_bot | TRADE pair=ROBO-USDT time=2026-08-19T06:52:52.508000+00:00 price=0.01283000 size=15422.40000000
2026-08-19 06:52:52,566 | INFO | crypto_bot | 1m CLOSED ts=2026-08-19T06:51:00+00:00 o=0.01284000 h=0.01284000 l=0.01284000 c=0.01284000 v=3115.30000000
2026-08-19 06:52:52,566 | INFO | crypto_bot | ENTRY signal=HOLD reason=breakout_not_passed meta={'ok': False, 'breakout_level': 0.01292, 'current_price': 0.01284, 'current_volume': 3115.3, 'avg_volume': 28911.625, 'extension_pct': -0.006191950464396167, 'is_breakout': False, 'volume_ok': False, 'not_overextended': True}
2026-08-19 06:52:52,567 | INFO | crypto_bot | TRADE pair=ROBO-USDT time=2026-08-19T06:52:52.508000+00:00 price=0.01282000 size=9544.80000000
2026-08-19 06:57:34,971 | INFO | crypto_bot | TRADE pair=ROBO-USDT time=2026-08-19T06:57:34.903000+00:00 price=0.01283000 size=27774.60000000
2026-08-19 06:57:34,971 | INFO | crypto_bot | 1m CLOSED ts=2026-08-19T06:52:00+00:00 o=0.01283000 h=0.01283000 l=0.01282000 c=0.01282000 v=24967.20000000
2026-08-19 06:57:34,972 | INFO | crypto_bot | ENTRY signal=HOLD reason=breakout_not_passed meta={'ok': False, 'breakout_level': 0.01292, 'current_price': 0.01282, 'current_volume': 24967.199999999997, 'avg_volume': 28360.394999999997, 'extension_pct': -0.00773993808049531, 'is_breakout': False, 'volume_ok': False, 'not_overextended': True}
2026-08-19 06:57:34,972 | INFO | crypto_bot | 5m CLOSED ts=2026-08-19T06:50:00+00:00 o=0.01285000 h=0.01285000 l=0.01282000 c=0.01282000 v=34861.30000000
2026-08-19 06:57:34,972 | INFO | crypto_bot | TRADE pair=ROBO-USDT time=2026-08-19T06:57:34.903000+00:00 price=0.01282000 size=18255.10000000
2026-08-19 06:57:34,972 | INFO | crypto_bot | TRADE pair=ROBO-USDT time=2026-08-19T06:57:34.904000+00:00 price=0.01282000 size=415.70000000
2026-08-19 06:59:52,771 | INFO | crypto_bot | TRADE pair=ROBO-USDT time=2026-08-19T06:59:52.717000+00:00 price=0.01282000 size=21160.50000000
2026-08-19 06:59:52,771 | INFO | crypto_bot | 1m CLOSED ts=2026-08-19T06:57:00+00:00 o=0.01283000 h=0.01283000 l=0.01282000 c=0.01282000 v=46445.40000000
2026-08-19 06:59:52,771 | INFO | crypto_bot | ENTRY signal=HOLD reason=breakout_not_passed meta={'ok': False, 'breakout_level': 0.01292, 'current_price': 0.01282, 'current_volume': 46445.399999999994, 'avg_volume': 27561.9, 'extension_pct': -0.00773993808049531, 'is_breakout': False, 'volume_ok': True, 'not_overextended': True}
2026-08-19 06:59:52,772 | INFO | crypto_bot | TRADE pair=ROBO-USDT time=2026-08-19T06:59:52.718000+00:00 price=0.01281000 size=9852.10000000
2026-08-19 06:59:52,772 | INFO | crypto_bot | TRADE pair=ROBO-USDT time=2026-08-19T06:59:52.718000+00:00 price=0.01280000 size=1708.10000000
2026-08-19 06:59:52,776 | INFO | crypto_bot | TRADE pair=ROBO-USDT time=2026-08-19T06:59:52.722000+00:00 price=0.01282000 size=14139.90000000
2026-08-19 06:59:52,776 | INFO | crypto_bot | TRADE pair=ROBO-USDT time=2026-08-19T06:59:52.722000+00:00 price=0.01283000 size=14139.90000000
2026-08-19 06:59:52,776 | INFO | crypto_bot | TRADE pair=ROBO-USDT time=2026-08-19T06:59:52.722000+00:00 price=0.01284000 size=987.40000000
2026-08-19 06:59:52,776 | INFO | crypto_bot | TRADE pair=ROBO-USDT time=2026-08-19T06:59:52.723000+00:00 price=0.01284000 size=11384.50000000
2026-08-19 06:59:52,839 | INFO | crypto_bot | TRADE pair=ROBO-USDT time=2026-08-19T06:59:52.785000+00:00 price=0.01287000 size=3844.80000000
2026-08-19 06:59:53,072 | INFO | crypto_bot | TRADE pair=ROBO-USDT time=2026-08-19T06:59:53.019000+00:00 price=0.01288000 size=7668.00000000
2026-08-19 06:59:53,079 | INFO | crypto_bot | TRADE pair=ROBO-USDT time=2026-08-19T06:59:53.025000+00:00 price=0.01288000 size=1917.00000000
2026-08-19 06:59:53,079 | INFO | crypto_bot | TRADE pair=ROBO-USDT time=2026-08-19T06:59:53.026000+00:00 price=0.01288000 size=3551.00000000
2026-08-19 07:00:05,054 | INFO | crypto_bot | TRADE pair=ROBO-USDT time=2026-08-19T07:00:05+00:00 price=0.01286000 size=12364.50000000
2026-08-19 07:00:05,054 | INFO | crypto_bot | 1m CLOSED ts=2026-08-19T06:59:00+00:00 o=0.01282000 h=0.01288000 l=0.01280000 c=0.01288000 v=90353.20000000
2026-08-19 07:00:05,054 | INFO | crypto_bot | ENTRY signal=HOLD reason=breakout_not_passed meta={'ok': False, 'breakout_level': 0.01292, 'current_price': 0.01288, 'current_volume': 90353.2, 'avg_volume': 26989.694999999996, 'extension_pct': -0.0030959752321980164, 'is_breakout': False, 'volume_ok': True, 'not_overextended': True}
2026-08-19 07:00:05,055 | INFO | crypto_bot | 5m CLOSED ts=2026-08-19T06:55:00+00:00 o=0.01283000 h=0.01288000 l=0.01280000 c=0.01288000 v=136798.60000000
2026-08-19 07:00:42,345 | INFO | crypto_bot | TRADE pair=ROBO-USDT time=2026-08-19T07:00:42.291000+00:00 price=0.01287000 size=3844.80000000
2026-08-19 07:01:07,952 | INFO | crypto_bot | TRADE pair=ROBO-USDT time=2026-08-19T07:01:07.898000+00:00 price=0.01286000 size=3148.10000000
2026-08-19 07:01:07,952 | INFO | crypto_bot | 1m CLOSED ts=2026-08-19T07:00:00+00:00 o=0.01286000 h=0.01287000 l=0.01286000 c=0.01287000 v=16209.30000000
2026-08-19 07:01:07,952 | INFO | crypto_bot | ENTRY signal=HOLD reason=breakout_not_passed meta={'ok': False, 'breakout_level': 0.01292, 'current_price': 0.01287, 'current_volume': 16209.3, 'avg_volume': 31166.364999999998, 'extension_pct': -0.003869969040247655, 'is_breakout': False, 'volume_ok': False, 'not_overextended': True}
2026-08-19 07:02:16,764 | INFO | crypto_bot | TRADE pair=ROBO-USDT time=2026-08-19T07:02:16.710000+00:00 price=0.01287000 size=13104.10000000
2026-08-19 07:02:16,764 | INFO | crypto_bot | 1m CLOSED ts=2026-08-19T07:01:00+00:00 o=0.01286000 h=0.01286000 l=0.01286000 c=0.01286000 v=3148.10000000
2026-08-19 07:02:16,765 | INFO | crypto_bot | ENTRY signal=HOLD reason=breakout_not_passed meta={'ok': False, 'breakout_level': 0.01292, 'current_price': 0.01286, 'current_volume': 3148.1, 'avg_volume': 30258.194999999996, 'extension_pct': -0.004643962848297159, 'is_breakout': False, 'volume_ok': False, 'not_overextended': True}
2026-08-19 07:03:06,006 | INFO | crypto_bot | TRADE pair=ROBO-USDT time=2026-08-19T07:03:05.953000+00:00 price=0.01291000 size=113.50000000
2026-08-19 07:03:06,006 | INFO | crypto_bot | 1m CLOSED ts=2026-08-19T07:02:00+00:00 o=0.01287000 h=0.01287000 l=0.01287000 c=0.01287000 v=13104.10000000
2026-08-19 07:03:06,007 | INFO | crypto_bot | ENTRY signal=HOLD reason=breakout_not_passed meta={'ok': False, 'breakout_level': 0.01292, 'current_price': 0.01287, 'current_volume': 13104.1, 'avg_volume': 30074.309999999998, 'extension_pct': -0.003869969040247655, 'is_breakout': False, 'volume_ok': False, 'not_overextended': True}
2026-08-19 07:03:09,376 | INFO | crypto_bot | TRADE pair=ROBO-USDT time=2026-08-19T07:03:09.323000+00:00 price=0.01293000 size=125.40000000
2026-08-19 07:03:09,382 | INFO | crypto_bot | TRADE pair=ROBO-USDT time=2026-08-19T07:03:09.329000+00:00 price=0.01295000 size=116.10000000
2026-08-19 07:03:15,386 | INFO | crypto_bot | TRADE pair=ROBO-USDT time=2026-08-19T07:03:15.333000+00:00 price=0.01296000 size=3099.00000000
2026-08-19 07:04:51,644 | INFO | crypto_bot | TRADE pair=ROBO-USDT time=2026-08-19T07:04:51.590000+00:00 price=0.01296000 size=2580.00000000
2026-08-19 07:04:51,644 | INFO | crypto_bot | 1m CLOSED ts=2026-08-19T07:03:00+00:00 o=0.01291000 h=0.01296000 l=0.01291000 c=0.01296000 v=3454.00000000
2026-08-19 07:04:51,644 | INFO | crypto_bot | ENTRY signal=HOLD reason=breakout_not_passed meta={'ok': False, 'breakout_level': 0.01292, 'current_price': 0.01296, 'current_volume': 3454.0, 'avg_volume': 30344.764999999996, 'extension_pct': 0.003095975232198151, 'is_breakout': True, 'volume_ok': False, 'not_overextended': True}
2026-08-19 07:06:22,449 | INFO | crypto_bot | TRADE pair=ROBO-USDT time=2026-08-19T07:06:22.395000+00:00 price=0.01297000 size=113.50000000
2026-08-19 07:06:22,449 | INFO | crypto_bot | 1m CLOSED ts=2026-08-19T07:04:00+00:00 o=0.01296000 h=0.01296000 l=0.01296000 c=0.01296000 v=2580.00000000
2026-08-19 07:06:22,449 | INFO | crypto_bot | ENTRY signal=HOLD reason=breakout_not_passed meta={'ok': False, 'breakout_level': 0.01296, 'current_price': 0.01296, 'current_volume': 2580.0, 'avg_volume': 29168.684999999998, 'extension_pct': 0.0, 'is_breakout': False, 'volume_ok': False, 'not_overextended': True}
2026-08-19 07:06:22,449 | INFO | crypto_bot | 5m CLOSED ts=2026-08-19T07:00:00+00:00 o=0.01286000 h=0.01296000 l=0.01286000 c=0.01296000 v=38495.50000000
2026-08-19 07:06:22,450 | INFO | crypto_bot | TRADE pair=ROBO-USDT time=2026-08-19T07:06:22.395000+00:00 price=0.01298000 size=1327.70000000
2026-08-19 07:06:22,450 | INFO | crypto_bot | TRADE pair=ROBO-USDT time=2026-08-19T07:06:22.395000+00:00 price=0.01298000 size=4285.60000000
2026-08-19 07:07:40,300 | INFO | crypto_bot | TRADE pair=ROBO-USDT time=2026-08-19T07:07:40.247000+00:00 price=0.01299000 size=581.70000000
2026-08-19 07:07:40,301 | INFO | crypto_bot | 1m CLOSED ts=2026-08-19T07:06:00+00:00 o=0.01297000 h=0.01298000 l=0.01297000 c=0.01298000 v=5726.80000000
2026-08-19 07:07:40,301 | INFO | crypto_bot | ENTRY signal=HOLD reason=breakout_not_passed meta={'ok': False, 'breakout_level': 0.01296, 'current_price': 0.01298, 'current_volume': 5726.8, 'avg_volume': 28947.684999999998, 'extension_pct': 0.001543209876543281, 'is_breakout': True, 'volume_ok': False, 'not_overextended': True}
2026-08-19 07:07:48,038 | INFO | crypto_bot | TRADE pair=ROBO-USDT time=2026-08-19T07:07:47.984000+00:00 price=0.01298000 size=14139.90000000
2026-08-19 07:07:54,555 | INFO | crypto_bot | TRADE pair=ROBO-USDT time=2026-08-19T07:07:54.502000+00:00 price=0.01299000 size=2323.20000000
2026-08-19 07:08:10,157 | INFO | crypto_bot | TRADE pair=ROBO-USDT time=2026-08-19T07:08:10.104000+00:00 price=0.01298000 size=460.20000000
2026-08-19 07:08:10,158 | INFO | crypto_bot | 1m CLOSED ts=2026-08-19T07:07:00+00:00 o=0.01299000 h=0.01299000 l=0.01298000 c=0.01299000 v=17044.80000000
2026-08-19 07:08:10,158 | INFO | crypto_bot | ENTRY signal=HOLD reason=breakout_not_passed meta={'ok': False, 'breakout_level': 0.01298, 'current_price': 0.01299, 'current_volume': 17044.8, 'avg_volume': 28527.03, 'extension_pct': 0.0007704160246532814, 'is_breakout': True, 'volume_ok': False, 'not_overextended': True}
2026-08-19 07:08:48,756 | INFO | crypto_bot | TRADE pair=ROBO-USDT time=2026-08-19T07:08:48.702000+00:00 price=0.01297000 size=389.60000000
2026-08-19 07:08:48,756 | INFO | crypto_bot | TRADE pair=ROBO-USDT time=2026-08-19T07:08:48.703000+00:00 price=0.01297000 size=13750.30000000
2026-08-19 07:08:51,935 | INFO | crypto_bot | TRADE pair=ROBO-USDT time=2026-08-19T07:08:51.881000+00:00 price=0.01298000 size=13856.00000000
2026-08-19 07:08:53,442 | INFO | crypto_bot | TRADE pair=ROBO-USDT time=2026-08-19T07:08:53.389000+00:00 price=0.01298000 size=4309.00000000
2026-08-19 07:10:19,516 | INFO | crypto_bot | TRADE pair=ROBO-USDT time=2026-08-19T07:10:19.463000+00:00 price=0.01299000 size=14745.70000000
2026-08-19 07:10:19,516 | INFO | crypto_bot | 1m CLOSED ts=2026-08-19T07:08:00+00:00 o=0.01298000 h=0.01298000 l=0.01297000 c=0.01298000 v=32765.10000000
2026-08-19 07:10:19,516 | INFO | crypto_bot | ENTRY signal=HOLD reason=breakout_not_passed meta={'ok': False, 'breakout_level': 0.01299, 'current_price': 0.01298, 'current_volume': 32765.1, 'avg_volume': 21209.975, 'extension_pct': -0.0007698229407236022, 'is_breakout': False, 'volume_ok': True, 'not_overextended': True}
2026-08-19 07:10:19,517 | INFO | crypto_bot | 5m CLOSED ts=2026-08-19T07:05:00+00:00 o=0.01297000 h=0.01299000 l=0.01297000 c=0.01298000 v=55536.70000000
2026-08-19 07:10:44,496 | INFO | crypto_bot | TRADE pair=ROBO-USDT time=2026-08-19T07:10:44.443000+00:00 price=0.01298000 size=17130.50000000
2026-08-19 07:11:18,045 | INFO | crypto_bot | TRADE pair=ROBO-USDT time=2026-08-19T07:11:17.992000+00:00 price=0.01300000 size=38431.90000000
2026-08-19 07:11:18,046 | INFO | crypto_bot | 1m CLOSED ts=2026-08-19T07:10:00+00:00 o=0.01299000 h=0.01299000 l=0.01298000 c=0.01298000 v=31876.20000000
2026-08-19 07:11:18,046 | INFO | crypto_bot | ENTRY signal=HOLD reason=breakout_not_passed meta={'ok': False, 'breakout_level': 0.01299, 'current_price': 0.01298, 'current_volume': 31876.2, 'avg_volume': 22784.105, 'extension_pct': -0.0007698229407236022, 'is_breakout': False, 'volume_ok': False, 'not_overextended': True}
2026-08-19 07:14:58,476 | INFO | crypto_bot | TRADE pair=ROBO-USDT time=2026-08-19T07:14:58.422000+00:00 price=0.01300000 size=13865.70000000
2026-08-19 07:14:58,476 | INFO | crypto_bot | 1m CLOSED ts=2026-08-19T07:11:00+00:00 o=0.01300000 h=0.01300000 l=0.01300000 c=0.01300000 v=38431.90000000
2026-08-19 07:14:58,476 | INFO | crypto_bot | ENTRY signal=BUY reason=trend_breakout_confirmed meta={'regime': 'trend_up', 'breakout_level': 0.01299, 'extension_pct': 0.0007698229407236022, 'current_volume': 38431.9, 'avg_volume': 24365.954999999998}
2026-08-19 07:14:58,476 | WARNING | crypto_bot | [MONITOR] BUY ROBO-USDT qty=2307.69230769 price=0.01300000 stop=0.01284400 tp1=0.01326000 tp2=0.01352000
2026-08-19 07:19:01,032 | INFO | crypto_bot | TRADE pair=ROBO-USDT time=2026-08-19T07:19:00.978000+00:00 price=0.01302000 size=15718.80000000
2026-08-19 07:19:01,032 | INFO | crypto_bot | 1m CLOSED ts=2026-08-19T07:14:00+00:00 o=0.01300000 h=0.01300000 l=0.01300000 c=0.01300000 v=13865.70000000
2026-08-19 07:19:01,032 | INFO | crypto_bot | EXIT signal=HOLD reason=hold_position meta={'pnl_pct': 0.0}
2026-08-19 07:19:01,032 | INFO | crypto_bot | 5m CLOSED ts=2026-08-19T07:10:00+00:00 o=0.01299000 h=0.01300000 l=0.01298000 c=0.01300000 v=84173.80000000
2026-08-19 07:19:01,033 | INFO | crypto_bot | TRADE pair=ROBO-USDT time=2026-08-19T07:19:00.979000+00:00 price=0.01302000 size=84281.20000000
2026-08-19 07:19:09,965 | INFO | crypto_bot | TRADE pair=ROBO-USDT time=2026-08-19T07:19:09.908000+00:00 price=0.01302000 size=15422.40000000
2026-08-19 07:19:09,966 | INFO | crypto_bot | TRADE pair=ROBO-USDT time=2026-08-19T07:19:09.909000+00:00 price=0.01302000 size=84577.60000000
2026-08-19 07:19:46,422 | INFO | crypto_bot | TRADE pair=ROBO-USDT time=2026-08-19T07:19:46.368000+00:00 price=0.01303000 size=2030.70000000
2026-08-19 07:19:46,422 | INFO | crypto_bot | TRADE pair=ROBO-USDT time=2026-08-19T07:19:46.368000+00:00 price=0.01303000 size=12365.20000000
2026-08-19 07:19:46,425 | INFO | crypto_bot | TRADE pair=ROBO-USDT time=2026-08-19T07:19:46.372000+00:00 price=0.01303000 size=531.10000000
2026-08-19 07:19:47,492 | INFO | crypto_bot | TRADE pair=ROBO-USDT time=2026-08-19T07:19:47.439000+00:00 price=0.01302000 size=20905.20000000
2026-08-19 07:20:01,827 | INFO | crypto_bot | TRADE pair=ROBO-USDT time=2026-08-19T07:20:01.773000+00:00 price=0.01300000 size=14139.90000000
2026-08-19 07:20:01,827 | INFO | crypto_bot | 1m CLOSED ts=2026-08-19T07:19:00+00:00 o=0.01302000 h=0.01303000 l=0.01302000 c=0.01302000 v=235832.20000000
2026-08-19 07:20:01,828 | INFO | crypto_bot | EXIT signal=HOLD reason=hold_position meta={'pnl_pct': 0.0015384615384616094}
2026-08-19 07:20:01,828 | INFO | crypto_bot | 5m CLOSED ts=2026-08-19T07:15:00+00:00 o=0.01302000 h=0.01303000 l=0.01302000 c=0.01302000 v=235832.20000000
2026-08-19 07:20:12,635 | INFO | crypto_bot | TRADE pair=ROBO-USDT time=2026-08-19T07:20:12.582000+00:00 price=0.01300000 size=1000.00000000
2026-08-19 07:20:23,993 | INFO | crypto_bot | TRADE pair=ROBO-USDT time=2026-08-19T07:20:23.939000+00:00 price=0.01299000 size=3000.00000000
2026-08-19 07:22:08,312 | INFO | crypto_bot | TRADE pair=ROBO-USDT time=2026-08-19T07:22:08.247000+00:00 price=0.01299000 size=13423.00000000
2026-08-19 07:22:08,312 | INFO | crypto_bot | 1m CLOSED ts=2026-08-19T07:20:00+00:00 o=0.01300000 h=0.01300000 l=0.01299000 c=0.01299000 v=18139.90000000
2026-08-19 07:22:08,312 | INFO | crypto_bot | EXIT signal=HOLD reason=hold_position meta={'pnl_pct': -0.0007692307692307379}
2026-08-19 07:22:13,835 | INFO | crypto_bot | TRADE pair=ROBO-USDT time=2026-08-19T07:22:13.782000+00:00 price=0.01297000 size=38491.10000000
2026-08-19 07:22:55,570 | INFO | crypto_bot | TRADE pair=ROBO-USDT time=2026-08-19T07:22:55.512000+00:00 price=0.01297000 size=468.90000000
2026-08-19 07:22:57,640 | INFO | crypto_bot | TRADE pair=ROBO-USDT time=2026-08-19T07:22:57.587000+00:00 price=0.01297000 size=11570.40000000
2026-08-19 07:25:06,766 | INFO | crypto_bot | TRADE pair=ROBO-USDT time=2026-08-19T07:25:06.713000+00:00 price=0.01296000 size=9948.40000000
2026-08-19 07:25:06,767 | INFO | crypto_bot | 1m CLOSED ts=2026-08-19T07:22:00+00:00 o=0.01299000 h=0.01299000 l=0.01297000 c=0.01297000 v=63953.40000000
2026-08-19 07:25:06,767 | INFO | crypto_bot | EXIT signal=HOLD reason=hold_position meta={'pnl_pct': -0.002307692307692214}
2026-08-19 07:25:06,767 | INFO | crypto_bot | 5m CLOSED ts=2026-08-19T07:20:00+00:00 o=0.01300000 h=0.01300000 l=0.01297000 c=0.01297000 v=82093.30000000
2026-08-19 07:25:14,470 | INFO | crypto_bot | TRADE pair=ROBO-USDT time=2026-08-19T07:25:14.416000+00:00 price=0.01296000 size=9641.20000000
2026-08-19 07:25:14,470 | INFO | crypto_bot | TRADE pair=ROBO-USDT time=2026-08-19T07:25:14.416000+00:00 price=0.01297000 size=15422.40000000
2026-08-19 07:25:14,470 | INFO | crypto_bot | TRADE pair=ROBO-USDT time=2026-08-19T07:25:14.416000+00:00 price=0.01298000 size=14224.40000000
2026-08-19 07:27:28,570 | INFO | crypto_bot | TRADE pair=ROBO-USDT time=2026-08-19T07:27:28.516000+00:00 price=0.01297000 size=13193.50000000
2026-08-19 07:27:28,570 | INFO | crypto_bot | 1m CLOSED ts=2026-08-19T07:25:00+00:00 o=0.01296000 h=0.01298000 l=0.01296000 c=0.01298000 v=49236.40000000
2026-08-19 07:27:28,570 | INFO | crypto_bot | EXIT signal=HOLD reason=hold_position meta={'pnl_pct': -0.0015384615384614758}
2026-08-19 07:27:42,304 | INFO | crypto_bot | TRADE pair=ROBO-USDT time=2026-08-19T07:27:42.251000+00:00 price=0.01298000 size=356.70000000
2026-08-19 07:28:25,368 | INFO | crypto_bot | TRADE pair=ROBO-USDT time=2026-08-19T07:28:25.315000+00:00 price=0.01303000 size=20509.60000000
2026-08-19 07:28:25,368 | INFO | crypto_bot | 1m CLOSED ts=2026-08-19T07:27:00+00:00 o=0.01297000 h=0.01298000 l=0.01297000 c=0.01298000 v=13550.20000000
2026-08-19 07:28:25,369 | INFO | crypto_bot | EXIT signal=HOLD reason=hold_position meta={'pnl_pct': -0.0015384615384614758}
2026-08-19 07:28:29,293 | INFO | crypto_bot | TRADE pair=ROBO-USDT time=2026-08-19T07:28:29.239000+00:00 price=0.01304000 size=113.50000000
2026-08-19 07:29:18,812 | INFO | crypto_bot | TRADE pair=ROBO-USDT time=2026-08-19T07:29:18.759000+00:00 price=0.01301000 size=1282.50000000
2026-08-19 07:29:18,812 | INFO | crypto_bot | 1m CLOSED ts=2026-08-19T07:28:00+00:00 o=0.01303000 h=0.01304000 l=0.01303000 c=0.01304000 v=20623.10000000
2026-08-19 07:29:18,812 | INFO | crypto_bot | EXIT signal=HOLD reason=hold_position meta={'pnl_pct': 0.003076923076923085}
2026-08-19 07:30:12,130 | INFO | crypto_bot | TRADE pair=ROBO-USDT time=2026-08-19T07:30:12.077000+00:00 price=0.01300000 size=12269.40000000
2026-08-19 07:30:12,130 | INFO | crypto_bot | 1m CLOSED ts=2026-08-19T07:29:00+00:00 o=0.01301000 h=0.01301000 l=0.01301000 c=0.01301000 v=1282.50000000
2026-08-19 07:30:12,130 | INFO | crypto_bot | EXIT signal=HOLD reason=hold_position meta={'pnl_pct': 0.0007692307692308714}
2026-08-19 07:30:12,131 | INFO | crypto_bot | 5m CLOSED ts=2026-08-19T07:25:00+00:00 o=0.01296000 h=0.01304000 l=0.01296000 c=0.01301000 v=84692.20000000
2026-08-19 07:30:12,133 | INFO | crypto_bot | TRADE pair=ROBO-USDT time=2026-08-19T07:30:12.080000+00:00 price=0.01298000 size=38431.90000000
2026-08-19 07:30:54,619 | INFO | crypto_bot | TRADE pair=ROBO-USDT time=2026-08-19T07:30:54.566000+00:00 price=0.01297000 size=113.60000000
2026-08-19 07:30:58,611 | INFO | crypto_bot | TRADE pair=ROBO-USDT time=2026-08-19T07:30:58.558000+00:00 price=0.01296000 size=2260.20000000
2026-08-19 07:30:58,612 | INFO | crypto_bot | TRADE pair=ROBO-USDT time=2026-08-19T07:30:58.559000+00:00 price=0.01296000 size=11879.70000000
