2026-08-18 06:39:47,871 | INFO | crypto_bot | Bot started | pair=ROBO-USDT | mode=monitor | equity=1000.00
2026-08-18 06:39:47,894 | ERROR | crypto_bot | OKX startup self-check failed: HTTPSConnectionPool(host='openapi-sandbox.okx.com', port=443): Max retries exceeded with url: /api/v5/public/time (Caused by NameResolutionError("HTTPSConnection(host='openapi-sandbox.okx.com', port=443): Failed to resolve 'openapi-sandbox.okx.com' ([Errno -5] No address associated with hostname)"))
Traceback (most recent call last):
  File "/home/ubuntu/crypto-trading-bot/.venv/lib/python3.12/site-packages/urllib3/connection.py", line 204, in _new_conn
    sock = connection.create_connection(
           ^^^^^^^^^^^^^^^^^^^^^^^^^^^^^
  File "/home/ubuntu/crypto-trading-bot/.venv/lib/python3.12/site-packages/urllib3/util/connection.py", line 60, in create_connection
    for res in socket.getaddrinfo(host, port, family, socket.SOCK_STREAM):
               ^^^^^^^^^^^^^^^^^^^^^^^^^^^^^^^^^^^^^^^^^^^^^^^^^^^^^^^^^^
  File "/usr/lib/python3.12/socket.py", line 963, in getaddrinfo
    for res in _socket.getaddrinfo(host, port, family, type, proto, flags):
               ^^^^^^^^^^^^^^^^^^^^^^^^^^^^^^^^^^^^^^^^^^^^^^^^^^^^^^^^^^^
socket.gaierror: [Errno -5] No address associated with hostname

The above exception was the direct cause of the following exception:

Traceback (most recent call last):
  File "/home/ubuntu/crypto-trading-bot/.venv/lib/python3.12/site-packages/urllib3/connectionpool.py", line 788, in urlopen
    response = self._make_request(
               ^^^^^^^^^^^^^^^^^^^
  File "/home/ubuntu/crypto-trading-bot/.venv/lib/python3.12/site-packages/urllib3/connectionpool.py", line 488, in _make_request
    raise new_e
  File "/home/ubuntu/crypto-trading-bot/.venv/lib/python3.12/site-packages/urllib3/connectionpool.py", line 464, in _make_request
    self._validate_conn(conn)
  File "/home/ubuntu/crypto-trading-bot/.venv/lib/python3.12/site-packages/urllib3/connectionpool.py", line 1106, in _validate_conn
    conn.connect()
  File "/home/ubuntu/crypto-trading-bot/.venv/lib/python3.12/site-packages/urllib3/connection.py", line 759, in connect
    self.sock = sock = self._new_conn()
                       ^^^^^^^^^^^^^^^^
  File "/home/ubuntu/crypto-trading-bot/.venv/lib/python3.12/site-packages/urllib3/connection.py", line 211, in _new_conn
    raise NameResolutionError(self.host, self, e) from e
urllib3.exceptions.NameResolutionError: HTTPSConnection(host='openapi-sandbox.okx.com', port=443): Failed to resolve 'openapi-sandbox.okx.com' ([Errno -5] No address associated with hostname)

The above exception was the direct cause of the following exception:

Traceback (most recent call last):
  File "/home/ubuntu/crypto-trading-bot/.venv/lib/python3.12/site-packages/requests/adapters.py", line 696, in send
    resp = conn.urlopen(
           ^^^^^^^^^^^^^
  File "/home/ubuntu/crypto-trading-bot/.venv/lib/python3.12/site-packages/urllib3/connectionpool.py", line 842, in urlopen
    retries = retries.increment(
              ^^^^^^^^^^^^^^^^^^
  File "/home/ubuntu/crypto-trading-bot/.venv/lib/python3.12/site-packages/urllib3/util/retry.py", line 543, in increment
    raise MaxRetryError(_pool, url, reason) from reason  # type: ignore[arg-type]
    ^^^^^^^^^^^^^^^^^^^^^^^^^^^^^^^^^^^^^^^^^^^^^^^^^^^
urllib3.exceptions.MaxRetryError: HTTPSConnectionPool(host='openapi-sandbox.okx.com', port=443): Max retries exceeded with url: /api/v5/public/time (Caused by NameResolutionError("HTTPSConnection(host='openapi-sandbox.okx.com', port=443): Failed to resolve 'openapi-sandbox.okx.com' ([Errno -5] No address associated with hostname)"))

During handling of the above exception, another exception occurred:

Traceback (most recent call last):
  File "/home/ubuntu/crypto-trading-bot/app.py", line 197, in startup_check
    result = await asyncio.to_thread(
             ^^^^^^^^^^^^^^^^^^^^^^^^
  File "/usr/lib/python3.12/asyncio/threads.py", line 25, in to_thread
    return await loop.run_in_executor(None, func_call)
           ^^^^^^^^^^^^^^^^^^^^^^^^^^^^^^^^^^^^^^^^^^^
  File "/usr/lib/python3.12/concurrent/futures/thread.py", line 58, in run
    result = self.fn(*self.args, **self.kwargs)
             ^^^^^^^^^^^^^^^^^^^^^^^^^^^^^^^^^^
  File "/home/ubuntu/crypto-trading-bot/exchange_api.py", line 262, in startup_self_check
    results["time_drift"] = self._check_server_time_drift()
                            ^^^^^^^^^^^^^^^^^^^^^^^^^^^^^^^
  File "/home/ubuntu/crypto-trading-bot/exchange_api.py", line 203, in _check_server_time_drift
    data = self._public_get("/api/v5/public/time")
           ^^^^^^^^^^^^^^^^^^^^^^^^^^^^^^^^^^^^^^^
  File "/home/ubuntu/crypto-trading-bot/exchange_api.py", line 130, in _public_get
    resp = self._session.get(url, params=params, timeout=self._timeout)
           ^^^^^^^^^^^^^^^^^^^^^^^^^^^^^^^^^^^^^^^^^^^^^^^^^^^^^^^^^^^^
  File "/home/ubuntu/crypto-trading-bot/.venv/lib/python3.12/site-packages/requests/sessions.py", line 671, in get
    return self.request("GET", url, params=params, **kwargs)
           ^^^^^^^^^^^^^^^^^^^^^^^^^^^^^^^^^^^^^^^^^^^^^^^^^
  File "/home/ubuntu/crypto-trading-bot/.venv/lib/python3.12/site-packages/requests/sessions.py", line 651, in request
    resp = self.send(prep, **send_kwargs)
           ^^^^^^^^^^^^^^^^^^^^^^^^^^^^^^
  File "/home/ubuntu/crypto-trading-bot/.venv/lib/python3.12/site-packages/requests/sessions.py", line 784, in send
    r = adapter.send(request, **kwargs)
        ^^^^^^^^^^^^^^^^^^^^^^^^^^^^^^^
  File "/home/ubuntu/crypto-trading-bot/.venv/lib/python3.12/site-packages/requests/adapters.py", line 729, in send
    raise ConnectionError(e, request=request)
requests.exceptions.ConnectionError: HTTPSConnectionPool(host='openapi-sandbox.okx.com', port=443): Max retries exceeded with url: /api/v5/public/time (Caused by NameResolutionError("HTTPSConnection(host='openapi-sandbox.okx.com', port=443): Failed to resolve 'openapi-sandbox.okx.com' ([Errno -5] No address associated with hostname)"))
2026-08-18 06:58:39,552 | INFO | crypto_bot | Bot started | pair=ROBO-USDT | mode=monitor | equity=1000.00
2026-08-18 06:58:39,585 | ERROR | crypto_bot | OKX startup self-check failed: HTTPSConnectionPool(host='openapi-sandbox.okx.com', port=443): Max retries exceeded with url: /api/v5/public/time (Caused by NameResolutionError("HTTPSConnection(host='openapi-sandbox.okx.com', port=443): Failed to resolve 'openapi-sandbox.okx.com' ([Errno -5] No address associated with hostname)"))
Traceback (most recent call last):
  File "/home/ubuntu/crypto-trading-bot/.venv/lib/python3.12/site-packages/urllib3/connection.py", line 204, in _new_conn
    sock = connection.create_connection(
           ^^^^^^^^^^^^^^^^^^^^^^^^^^^^^
  File "/home/ubuntu/crypto-trading-bot/.venv/lib/python3.12/site-packages/urllib3/util/connection.py", line 60, in create_connection
    for res in socket.getaddrinfo(host, port, family, socket.SOCK_STREAM):
               ^^^^^^^^^^^^^^^^^^^^^^^^^^^^^^^^^^^^^^^^^^^^^^^^^^^^^^^^^^
  File "/usr/lib/python3.12/socket.py", line 963, in getaddrinfo
    for res in _socket.getaddrinfo(host, port, family, type, proto, flags):
               ^^^^^^^^^^^^^^^^^^^^^^^^^^^^^^^^^^^^^^^^^^^^^^^^^^^^^^^^^^^
socket.gaierror: [Errno -5] No address associated with hostname

The above exception was the direct cause of the following exception:

Traceback (most recent call last):
  File "/home/ubuntu/crypto-trading-bot/.venv/lib/python3.12/site-packages/urllib3/connectionpool.py", line 788, in urlopen
    response = self._make_request(
               ^^^^^^^^^^^^^^^^^^^
  File "/home/ubuntu/crypto-trading-bot/.venv/lib/python3.12/site-packages/urllib3/connectionpool.py", line 488, in _make_request
    raise new_e
  File "/home/ubuntu/crypto-trading-bot/.venv/lib/python3.12/site-packages/urllib3/connectionpool.py", line 464, in _make_request
    self._validate_conn(conn)
  File "/home/ubuntu/crypto-trading-bot/.venv/lib/python3.12/site-packages/urllib3/connectionpool.py", line 1106, in _validate_conn
    conn.connect()
  File "/home/ubuntu/crypto-trading-bot/.venv/lib/python3.12/site-packages/urllib3/connection.py", line 759, in connect
    self.sock = sock = self._new_conn()
                       ^^^^^^^^^^^^^^^^
  File "/home/ubuntu/crypto-trading-bot/.venv/lib/python3.12/site-packages/urllib3/connection.py", line 211, in _new_conn
    raise NameResolutionError(self.host, self, e) from e
urllib3.exceptions.NameResolutionError: HTTPSConnection(host='openapi-sandbox.okx.com', port=443): Failed to resolve 'openapi-sandbox.okx.com' ([Errno -5] No address associated with hostname)

The above exception was the direct cause of the following exception:

Traceback (most recent call last):
  File "/home/ubuntu/crypto-trading-bot/.venv/lib/python3.12/site-packages/requests/adapters.py", line 696, in send
    resp = conn.urlopen(
           ^^^^^^^^^^^^^
  File "/home/ubuntu/crypto-trading-bot/.venv/lib/python3.12/site-packages/urllib3/connectionpool.py", line 842, in urlopen
    retries = retries.increment(
              ^^^^^^^^^^^^^^^^^^
  File "/home/ubuntu/crypto-trading-bot/.venv/lib/python3.12/site-packages/urllib3/util/retry.py", line 543, in increment
    raise MaxRetryError(_pool, url, reason) from reason  # type: ignore[arg-type]
    ^^^^^^^^^^^^^^^^^^^^^^^^^^^^^^^^^^^^^^^^^^^^^^^^^^^
urllib3.exceptions.MaxRetryError: HTTPSConnectionPool(host='openapi-sandbox.okx.com', port=443): Max retries exceeded with url: /api/v5/public/time (Caused by NameResolutionError("HTTPSConnection(host='openapi-sandbox.okx.com', port=443): Failed to resolve 'openapi-sandbox.okx.com' ([Errno -5] No address associated with hostname)"))

During handling of the above exception, another exception occurred:

Traceback (most recent call last):
  File "/home/ubuntu/crypto-trading-bot/app.py", line 197, in startup_check
    result = await asyncio.to_thread(
             ^^^^^^^^^^^^^^^^^^^^^^^^
  File "/usr/lib/python3.12/asyncio/threads.py", line 25, in to_thread
    return await loop.run_in_executor(None, func_call)
           ^^^^^^^^^^^^^^^^^^^^^^^^^^^^^^^^^^^^^^^^^^^
  File "/usr/lib/python3.12/concurrent/futures/thread.py", line 58, in run
    result = self.fn(*self.args, **self.kwargs)
             ^^^^^^^^^^^^^^^^^^^^^^^^^^^^^^^^^^
  File "/home/ubuntu/crypto-trading-bot/exchange_api.py", line 262, in startup_self_check
    results["time_drift"] = self._check_server_time_drift()
                            ^^^^^^^^^^^^^^^^^^^^^^^^^^^^^^^
  File "/home/ubuntu/crypto-trading-bot/exchange_api.py", line 203, in _check_server_time_drift
    data = self._public_get("/api/v5/public/time")
           ^^^^^^^^^^^^^^^^^^^^^^^^^^^^^^^^^^^^^^^
  File "/home/ubuntu/crypto-trading-bot/exchange_api.py", line 130, in _public_get
    resp = self._session.get(url, params=params, timeout=self._timeout)
           ^^^^^^^^^^^^^^^^^^^^^^^^^^^^^^^^^^^^^^^^^^^^^^^^^^^^^^^^^^^^
  File "/home/ubuntu/crypto-trading-bot/.venv/lib/python3.12/site-packages/requests/sessions.py", line 671, in get
    return self.request("GET", url, params=params, **kwargs)
           ^^^^^^^^^^^^^^^^^^^^^^^^^^^^^^^^^^^^^^^^^^^^^^^^^
  File "/home/ubuntu/crypto-trading-bot/.venv/lib/python3.12/site-packages/requests/sessions.py", line 651, in request
    resp = self.send(prep, **send_kwargs)
           ^^^^^^^^^^^^^^^^^^^^^^^^^^^^^^
  File "/home/ubuntu/crypto-trading-bot/.venv/lib/python3.12/site-packages/requests/sessions.py", line 784, in send
    r = adapter.send(request, **kwargs)
        ^^^^^^^^^^^^^^^^^^^^^^^^^^^^^^^
  File "/home/ubuntu/crypto-trading-bot/.venv/lib/python3.12/site-packages/requests/adapters.py", line 729, in send
    raise ConnectionError(e, request=request)
requests.exceptions.ConnectionError: HTTPSConnectionPool(host='openapi-sandbox.okx.com', port=443): Max retries exceeded with url: /api/v5/public/time (Caused by NameResolutionError("HTTPSConnection(host='openapi-sandbox.okx.com', port=443): Failed to resolve 'openapi-sandbox.okx.com' ([Errno -5] No address associated with hostname)"))
2026-08-18 06:59:47,968 | INFO | crypto_bot | Bot started | pair=ROBO-USDT | mode=monitor | equity=1000.00
2026-08-18 06:59:48,023 | ERROR | crypto_bot | OKX startup self-check failed: HTTPSConnectionPool(host='openapi-sandbox.okx.com', port=443): Max retries exceeded with url: /api/v5/public/time (Caused by NameResolutionError("HTTPSConnection(host='openapi-sandbox.okx.com', port=443): Failed to resolve 'openapi-sandbox.okx.com' ([Errno -5] No address associated with hostname)"))
Traceback (most recent call last):
  File "/home/ubuntu/crypto-trading-bot/.venv/lib/python3.12/site-packages/urllib3/connection.py", line 204, in _new_conn
    sock = connection.create_connection(
           ^^^^^^^^^^^^^^^^^^^^^^^^^^^^^
  File "/home/ubuntu/crypto-trading-bot/.venv/lib/python3.12/site-packages/urllib3/util/connection.py", line 60, in create_connection
    for res in socket.getaddrinfo(host, port, family, socket.SOCK_STREAM):
               ^^^^^^^^^^^^^^^^^^^^^^^^^^^^^^^^^^^^^^^^^^^^^^^^^^^^^^^^^^
  File "/usr/lib/python3.12/socket.py", line 963, in getaddrinfo
    for res in _socket.getaddrinfo(host, port, family, type, proto, flags):
               ^^^^^^^^^^^^^^^^^^^^^^^^^^^^^^^^^^^^^^^^^^^^^^^^^^^^^^^^^^^
socket.gaierror: [Errno -5] No address associated with hostname

The above exception was the direct cause of the following exception:

Traceback (most recent call last):
  File "/home/ubuntu/crypto-trading-bot/.venv/lib/python3.12/site-packages/urllib3/connectionpool.py", line 788, in urlopen
    response = self._make_request(
               ^^^^^^^^^^^^^^^^^^^
  File "/home/ubuntu/crypto-trading-bot/.venv/lib/python3.12/site-packages/urllib3/connectionpool.py", line 488, in _make_request
    raise new_e
  File "/home/ubuntu/crypto-trading-bot/.venv/lib/python3.12/site-packages/urllib3/connectionpool.py", line 464, in _make_request
    self._validate_conn(conn)
  File "/home/ubuntu/crypto-trading-bot/.venv/lib/python3.12/site-packages/urllib3/connectionpool.py", line 1106, in _validate_conn
    conn.connect()
  File "/home/ubuntu/crypto-trading-bot/.venv/lib/python3.12/site-packages/urllib3/connection.py", line 759, in connect
    self.sock = sock = self._new_conn()
                       ^^^^^^^^^^^^^^^^
  File "/home/ubuntu/crypto-trading-bot/.venv/lib/python3.12/site-packages/urllib3/connection.py", line 211, in _new_conn
    raise NameResolutionError(self.host, self, e) from e
urllib3.exceptions.NameResolutionError: HTTPSConnection(host='openapi-sandbox.okx.com', port=443): Failed to resolve 'openapi-sandbox.okx.com' ([Errno -5] No address associated with hostname)

The above exception was the direct cause of the following exception:

Traceback (most recent call last):
  File "/home/ubuntu/crypto-trading-bot/.venv/lib/python3.12/site-packages/requests/adapters.py", line 696, in send
    resp = conn.urlopen(
           ^^^^^^^^^^^^^
  File "/home/ubuntu/crypto-trading-bot/.venv/lib/python3.12/site-packages/urllib3/connectionpool.py", line 842, in urlopen
    retries = retries.increment(
              ^^^^^^^^^^^^^^^^^^
  File "/home/ubuntu/crypto-trading-bot/.venv/lib/python3.12/site-packages/urllib3/util/retry.py", line 543, in increment
    raise MaxRetryError(_pool, url, reason) from reason  # type: ignore[arg-type]
    ^^^^^^^^^^^^^^^^^^^^^^^^^^^^^^^^^^^^^^^^^^^^^^^^^^^
urllib3.exceptions.MaxRetryError: HTTPSConnectionPool(host='openapi-sandbox.okx.com', port=443): Max retries exceeded with url: /api/v5/public/time (Caused by NameResolutionError("HTTPSConnection(host='openapi-sandbox.okx.com', port=443): Failed to resolve 'openapi-sandbox.okx.com' ([Errno -5] No address associated with hostname)"))

During handling of the above exception, another exception occurred:

Traceback (most recent call last):
  File "/home/ubuntu/crypto-trading-bot/app.py", line 197, in startup_check
    result = await asyncio.to_thread(
             ^^^^^^^^^^^^^^^^^^^^^^^^
  File "/usr/lib/python3.12/asyncio/threads.py", line 25, in to_thread
    return await loop.run_in_executor(None, func_call)
           ^^^^^^^^^^^^^^^^^^^^^^^^^^^^^^^^^^^^^^^^^^^
  File "/usr/lib/python3.12/concurrent/futures/thread.py", line 58, in run
    result = self.fn(*self.args, **self.kwargs)
             ^^^^^^^^^^^^^^^^^^^^^^^^^^^^^^^^^^
  File "/home/ubuntu/crypto-trading-bot/exchange_api.py", line 262, in startup_self_check
    results["time_drift"] = self._check_server_time_drift()
                            ^^^^^^^^^^^^^^^^^^^^^^^^^^^^^^^
  File "/home/ubuntu/crypto-trading-bot/exchange_api.py", line 203, in _check_server_time_drift
    data = self._public_get("/api/v5/public/time")
           ^^^^^^^^^^^^^^^^^^^^^^^^^^^^^^^^^^^^^^^
  File "/home/ubuntu/crypto-trading-bot/exchange_api.py", line 130, in _public_get
    resp = self._session.get(url, params=params, timeout=self._timeout)
           ^^^^^^^^^^^^^^^^^^^^^^^^^^^^^^^^^^^^^^^^^^^^^^^^^^^^^^^^^^^^
  File "/home/ubuntu/crypto-trading-bot/.venv/lib/python3.12/site-packages/requests/sessions.py", line 671, in get
    return self.request("GET", url, params=params, **kwargs)
           ^^^^^^^^^^^^^^^^^^^^^^^^^^^^^^^^^^^^^^^^^^^^^^^^^
  File "/home/ubuntu/crypto-trading-bot/.venv/lib/python3.12/site-packages/requests/sessions.py", line 651, in request
    resp = self.send(prep, **send_kwargs)
           ^^^^^^^^^^^^^^^^^^^^^^^^^^^^^^
  File "/home/ubuntu/crypto-trading-bot/.venv/lib/python3.12/site-packages/requests/sessions.py", line 784, in send
    r = adapter.send(request, **kwargs)
        ^^^^^^^^^^^^^^^^^^^^^^^^^^^^^^^
  File "/home/ubuntu/crypto-trading-bot/.venv/lib/python3.12/site-packages/requests/adapters.py", line 729, in send
    raise ConnectionError(e, request=request)
requests.exceptions.ConnectionError: HTTPSConnectionPool(host='openapi-sandbox.okx.com', port=443): Max retries exceeded with url: /api/v5/public/time (Caused by NameResolutionError("HTTPSConnection(host='openapi-sandbox.okx.com', port=443): Failed to resolve 'openapi-sandbox.okx.com' ([Errno -5] No address associated with hostname)"))
2026-08-18 07:01:18,031 | INFO | crypto_bot | Bot started | pair=ROBO-USDT | mode=monitor | equity=1000.00
2026-08-18 07:01:18,617 | ERROR | crypto_bot | OKX startup self-check failed: 401 Client Error: Unauthorized for url: https://openapi.okx.com/api/v5/account/balance
Traceback (most recent call last):
  File "/home/ubuntu/crypto-trading-bot/app.py", line 197, in startup_check
    result = await asyncio.to_thread(
             ^^^^^^^^^^^^^^^^^^^^^^^^
  File "/usr/lib/python3.12/asyncio/threads.py", line 25, in to_thread
    return await loop.run_in_executor(None, func_call)
           ^^^^^^^^^^^^^^^^^^^^^^^^^^^^^^^^^^^^^^^^^^^
  File "/usr/lib/python3.12/concurrent/futures/thread.py", line 58, in run
    result = self.fn(*self.args, **self.kwargs)
             ^^^^^^^^^^^^^^^^^^^^^^^^^^^^^^^^^^
  File "/home/ubuntu/crypto-trading-bot/exchange_api.py", line 265, in startup_self_check
    results["api_credentials"] = self._check_api_credentials()
                                 ^^^^^^^^^^^^^^^^^^^^^^^^^^^^^
  File "/home/ubuntu/crypto-trading-bot/exchange_api.py", line 189, in _check_api_credentials
    data = self._private_request("GET", "/api/v5/account/balance")
           ^^^^^^^^^^^^^^^^^^^^^^^^^^^^^^^^^^^^^^^^^^^^^^^^^^^^^^^
  File "/home/ubuntu/crypto-trading-bot/exchange_api.py", line 160, in _private_request
    resp.raise_for_status()
  File "/home/ubuntu/crypto-trading-bot/.venv/lib/python3.12/site-packages/requests/models.py", line 1167, in raise_for_status
    raise HTTPError(http_error_msg, response=self)
requests.exceptions.HTTPError: 401 Client Error: Unauthorized for url: https://openapi.okx.com/api/v5/account/balance
2026-08-18 07:05:50,523 | INFO | crypto_bot | Bot started | pair=ROBO-USDT | mode=monitor | equity=1000.00
2026-08-18 07:05:51,015 | ERROR | crypto_bot | OKX startup self-check failed: 401 Client Error: Unauthorized for url: https://openapi.okx.com/api/v5/account/balance
Traceback (most recent call last):
  File "/home/ubuntu/crypto-trading-bot/app.py", line 197, in startup_check
    result = await asyncio.to_thread(
             ^^^^^^^^^^^^^^^^^^^^^^^^
  File "/usr/lib/python3.12/asyncio/threads.py", line 25, in to_thread
    return await loop.run_in_executor(None, func_call)
           ^^^^^^^^^^^^^^^^^^^^^^^^^^^^^^^^^^^^^^^^^^^
  File "/usr/lib/python3.12/concurrent/futures/thread.py", line 58, in run
    result = self.fn(*self.args, **self.kwargs)
             ^^^^^^^^^^^^^^^^^^^^^^^^^^^^^^^^^^
  File "/home/ubuntu/crypto-trading-bot/exchange_api.py", line 265, in startup_self_check
    results["api_credentials"] = self._check_api_credentials()
                                 ^^^^^^^^^^^^^^^^^^^^^^^^^^^^^
  File "/home/ubuntu/crypto-trading-bot/exchange_api.py", line 189, in _check_api_credentials
    data = self._private_request("GET", "/api/v5/account/balance")
           ^^^^^^^^^^^^^^^^^^^^^^^^^^^^^^^^^^^^^^^^^^^^^^^^^^^^^^^
  File "/home/ubuntu/crypto-trading-bot/exchange_api.py", line 160, in _private_request
    resp.raise_for_status()
  File "/home/ubuntu/crypto-trading-bot/.venv/lib/python3.12/site-packages/requests/models.py", line 1167, in raise_for_status
    raise HTTPError(http_error_msg, response=self)
requests.exceptions.HTTPError: 401 Client Error: Unauthorized for url: https://openapi.okx.com/api/v5/account/balance
2026-08-18 07:08:35,474 | INFO | crypto_bot | Bot started | pair=ROBO-USDT | mode=monitor | equity=1000.00
2026-08-18 07:08:36,004 | ERROR | crypto_bot | OKX startup self-check failed: 401 Client Error: Unauthorized for url: https://openapi.okx.com/api/v5/account/balance
Traceback (most recent call last):
  File "/home/ubuntu/crypto-trading-bot/app.py", line 197, in startup_check
    result = await asyncio.to_thread(
             ^^^^^^^^^^^^^^^^^^^^^^^^
  File "/usr/lib/python3.12/asyncio/threads.py", line 25, in to_thread
    return await loop.run_in_executor(None, func_call)
           ^^^^^^^^^^^^^^^^^^^^^^^^^^^^^^^^^^^^^^^^^^^
  File "/usr/lib/python3.12/concurrent/futures/thread.py", line 58, in run
    result = self.fn(*self.args, **self.kwargs)
             ^^^^^^^^^^^^^^^^^^^^^^^^^^^^^^^^^^
  File "/home/ubuntu/crypto-trading-bot/exchange_api.py", line 265, in startup_self_check
    results["api_credentials"] = self._check_api_credentials()
                                 ^^^^^^^^^^^^^^^^^^^^^^^^^^^^^
  File "/home/ubuntu/crypto-trading-bot/exchange_api.py", line 189, in _check_api_credentials
    data = self._private_request("GET", "/api/v5/account/balance")
           ^^^^^^^^^^^^^^^^^^^^^^^^^^^^^^^^^^^^^^^^^^^^^^^^^^^^^^^
  File "/home/ubuntu/crypto-trading-bot/exchange_api.py", line 160, in _private_request
    resp.raise_for_status()
  File "/home/ubuntu/crypto-trading-bot/.venv/lib/python3.12/site-packages/requests/models.py", line 1167, in raise_for_status
    raise HTTPError(http_error_msg, response=self)
requests.exceptions.HTTPError: 401 Client Error: Unauthorized for url: https://openapi.okx.com/api/v5/account/balance
2026-08-18 07:16:32,045 | INFO | crypto_bot | Bot started | pair=ROBO-USDT | mode=monitor | equity=1000.00
2026-08-18 07:16:32,574 | ERROR | crypto_bot | OKX startup self-check failed: 401 Client Error: Unauthorized for url: https://openapi.okx.com/api/v5/account/balance
Traceback (most recent call last):
  File "/home/ubuntu/crypto-trading-bot/app.py", line 197, in startup_check
    result = await asyncio.to_thread(
             ^^^^^^^^^^^^^^^^^^^^^^^^
  File "/usr/lib/python3.12/asyncio/threads.py", line 25, in to_thread
    return await loop.run_in_executor(None, func_call)
           ^^^^^^^^^^^^^^^^^^^^^^^^^^^^^^^^^^^^^^^^^^^
  File "/usr/lib/python3.12/concurrent/futures/thread.py", line 58, in run
    result = self.fn(*self.args, **self.kwargs)
             ^^^^^^^^^^^^^^^^^^^^^^^^^^^^^^^^^^
  File "/home/ubuntu/crypto-trading-bot/exchange_api.py", line 265, in startup_self_check
    results["api_credentials"] = self._check_api_credentials()
                                 ^^^^^^^^^^^^^^^^^^^^^^^^^^^^^
  File "/home/ubuntu/crypto-trading-bot/exchange_api.py", line 189, in _check_api_credentials
    data = self._private_request("GET", "/api/v5/account/balance")
           ^^^^^^^^^^^^^^^^^^^^^^^^^^^^^^^^^^^^^^^^^^^^^^^^^^^^^^^
  File "/home/ubuntu/crypto-trading-bot/exchange_api.py", line 160, in _private_request
    resp.raise_for_status()
  File "/home/ubuntu/crypto-trading-bot/.venv/lib/python3.12/site-packages/requests/models.py", line 1167, in raise_for_status
    raise HTTPError(http_error_msg, response=self)
requests.exceptions.HTTPError: 401 Client Error: Unauthorized for url: https://openapi.okx.com/api/v5/account/balance
2026-08-18 07:17:34,855 | INFO | crypto_bot | Bot started | pair=ROBO-USDT | mode=monitor | equity=1000.00
2026-08-18 07:17:35,351 | ERROR | crypto_bot | OKX startup self-check failed: 401 Client Error: Unauthorized for url: https://openapi.okx.com/api/v5/account/balance
Traceback (most recent call last):
  File "/home/ubuntu/crypto-trading-bot/app.py", line 197, in startup_check
    result = await asyncio.to_thread(
             ^^^^^^^^^^^^^^^^^^^^^^^^
  File "/usr/lib/python3.12/asyncio/threads.py", line 25, in to_thread
    return await loop.run_in_executor(None, func_call)
           ^^^^^^^^^^^^^^^^^^^^^^^^^^^^^^^^^^^^^^^^^^^
  File "/usr/lib/python3.12/concurrent/futures/thread.py", line 58, in run
    result = self.fn(*self.args, **self.kwargs)
             ^^^^^^^^^^^^^^^^^^^^^^^^^^^^^^^^^^
  File "/home/ubuntu/crypto-trading-bot/exchange_api.py", line 265, in startup_self_check
    results["api_credentials"] = self._check_api_credentials()
                                 ^^^^^^^^^^^^^^^^^^^^^^^^^^^^^
  File "/home/ubuntu/crypto-trading-bot/exchange_api.py", line 189, in _check_api_credentials
    data = self._private_request("GET", "/api/v5/account/balance")
           ^^^^^^^^^^^^^^^^^^^^^^^^^^^^^^^^^^^^^^^^^^^^^^^^^^^^^^^
  File "/home/ubuntu/crypto-trading-bot/exchange_api.py", line 160, in _private_request
    resp.raise_for_status()
  File "/home/ubuntu/crypto-trading-bot/.venv/lib/python3.12/site-packages/requests/models.py", line 1167, in raise_for_status
    raise HTTPError(http_error_msg, response=self)
requests.exceptions.HTTPError: 401 Client Error: Unauthorized for url: https://openapi.okx.com/api/v5/account/balance
2026-08-18 07:21:08,225 | INFO | crypto_bot | Bot started | pair=ROBO-USDT | mode=monitor | equity=1000.00
2026-08-18 07:21:08,690 | ERROR | crypto_bot | OKX startup self-check failed: 401 Client Error: Unauthorized for url: https://openapi.okx.com/api/v5/account/balance
Traceback (most recent call last):
  File "/home/ubuntu/crypto-trading-bot/app.py", line 197, in startup_check
    result = await asyncio.to_thread(
             ^^^^^^^^^^^^^^^^^^^^^^^^
  File "/usr/lib/python3.12/asyncio/threads.py", line 25, in to_thread
    return await loop.run_in_executor(None, func_call)
           ^^^^^^^^^^^^^^^^^^^^^^^^^^^^^^^^^^^^^^^^^^^
  File "/usr/lib/python3.12/concurrent/futures/thread.py", line 58, in run
    result = self.fn(*self.args, **self.kwargs)
             ^^^^^^^^^^^^^^^^^^^^^^^^^^^^^^^^^^
  File "/home/ubuntu/crypto-trading-bot/exchange_api.py", line 265, in startup_self_check
    results["api_credentials"] = self._check_api_credentials()
                                 ^^^^^^^^^^^^^^^^^^^^^^^^^^^^^
  File "/home/ubuntu/crypto-trading-bot/exchange_api.py", line 189, in _check_api_credentials
    data = self._private_request("GET", "/api/v5/account/balance")
           ^^^^^^^^^^^^^^^^^^^^^^^^^^^^^^^^^^^^^^^^^^^^^^^^^^^^^^^
  File "/home/ubuntu/crypto-trading-bot/exchange_api.py", line 160, in _private_request
    resp.raise_for_status()
  File "/home/ubuntu/crypto-trading-bot/.venv/lib/python3.12/site-packages/requests/models.py", line 1167, in raise_for_status
    raise HTTPError(http_error_msg, response=self)
requests.exceptions.HTTPError: 401 Client Error: Unauthorized for url: https://openapi.okx.com/api/v5/account/balance
2026-08-18 07:24:49,422 | INFO | crypto_bot | Bot started | pair=ROBO-USDT | mode=monitor | equity=1000.00
2026-08-18 07:24:49,884 | INFO | crypto_bot.exchange_api | startup_self_check passed: {'time_drift': 'time_ok (drift=0.056s)', 'instrument_tradable': 'instrument_ok (inst_id=ROBO-USDT, state=live)', 'instrument_whitelist': 'whitelist_ok (inst_id=ROBO-USDT)', 'api_credentials': 'credentials_ok (account balance fetched, code=0)'}
2026-08-18 07:24:49,885 | INFO | crypto_bot | OKX startup self-check passed: {'time_drift': 'time_ok (drift=0.056s)', 'instrument_tradable': 'instrument_ok (inst_id=ROBO-USDT, state=live)', 'instrument_whitelist': 'whitelist_ok (inst_id=ROBO-USDT)', 'api_credentials': 'credentials_ok (account balance fetched, code=0)'}
2026-08-18 07:24:49,885 | INFO | crypto_bot | 连接 OKX Public WS: wss://ws.okx.com:8443/ws/v5/public
2026-08-18 07:24:50,308 | INFO | crypto_bot | 已订阅 ROBO-USDT trades
2026-08-18 07:24:50,415 | INFO | crypto_bot | WS event: {'event': 'subscribe', 'arg': {'channel': 'trades', 'instId': 'ROBO-USDT'}, 'connId': '7fbf2bf5'}
2026-08-18 07:27:41,187 | INFO | crypto_bot | TRADE pair=ROBO-USDT time=2026-08-18T07:27:41.129000+00:00 price=0.01331000 size=1099.30000000
2026-08-18 07:31:37,406 | INFO | crypto_bot | TRADE pair=ROBO-USDT time=2026-08-18T07:31:37.350000+00:00 price=0.01331000 size=1215.00000000
2026-08-18 07:31:37,407 | INFO | crypto_bot | 1m CLOSED ts=2026-08-18T07:27:00+00:00 o=0.01331000 h=0.01331000 l=0.01331000 c=0.01331000 v=1099.30000000
2026-08-18 07:31:37,407 | INFO | crypto_bot | ENTRY signal=HOLD reason=trend_filter_not_passed meta={'regime': 'unknown'}
2026-08-18 07:31:37,407 | INFO | crypto_bot | 5m CLOSED ts=2026-08-18T07:25:00+00:00 o=0.01331000 h=0.01331000 l=0.01331000 c=0.01331000 v=1099.30000000
2026-08-18 07:31:37,407 | INFO | crypto_bot | TRADE pair=ROBO-USDT time=2026-08-18T07:31:37.350000+00:00 price=0.01332000 size=4898.10000000
2026-08-18 07:32:58,454 | INFO | crypto_bot | TRADE pair=ROBO-USDT time=2026-08-18T07:32:58.397000+00:00 price=0.01332000 size=32722.90000000
2026-08-18 07:32:58,454 | INFO | crypto_bot | 1m CLOSED ts=2026-08-18T07:31:00+00:00 o=0.01331000 h=0.01332000 l=0.01331000 c=0.01332000 v=6113.10000000
2026-08-18 07:32:58,454 | INFO | crypto_bot | ENTRY signal=HOLD reason=trend_filter_not_passed meta={'regime': 'unknown'}
2026-08-18 07:33:03,821 | INFO | crypto_bot | TRADE pair=ROBO-USDT time=2026-08-18T07:33:03.764000+00:00 price=0.01333000 size=294.50000000
2026-08-18 07:33:03,821 | INFO | crypto_bot | 1m CLOSED ts=2026-08-18T07:32:00+00:00 o=0.01332000 h=0.01332000 l=0.01332000 c=0.01332000 v=32722.90000000
2026-08-18 07:33:03,821 | INFO | crypto_bot | ENTRY signal=HOLD reason=trend_filter_not_passed meta={'regime': 'unknown'}
2026-08-18 07:33:03,822 | INFO | crypto_bot | TRADE pair=ROBO-USDT time=2026-08-18T07:33:03.764000+00:00 price=0.01333000 size=294.50000000
2026-08-18 07:33:03,822 | INFO | crypto_bot | TRADE pair=ROBO-USDT time=2026-08-18T07:33:03.765000+00:00 price=0.01333000 size=294.50000000
2026-08-18 07:33:10,570 | INFO | crypto_bot | TRADE pair=ROBO-USDT time=2026-08-18T07:33:10.505000+00:00 price=0.01334000 size=558.10000000
2026-08-18 07:36:55,909 | INFO | crypto_bot | TRADE pair=ROBO-USDT time=2026-08-18T07:36:55.853000+00:00 price=0.01333000 size=11000.00000000
2026-08-18 07:36:55,909 | INFO | crypto_bot | 1m CLOSED ts=2026-08-18T07:33:00+00:00 o=0.01333000 h=0.01334000 l=0.01333000 c=0.01334000 v=1441.60000000
2026-08-18 07:36:55,910 | INFO | crypto_bot | ENTRY signal=HOLD reason=trend_filter_not_passed meta={'regime': 'unknown'}
2026-08-18 07:36:55,910 | INFO | crypto_bot | 5m CLOSED ts=2026-08-18T07:30:00+00:00 o=0.01331000 h=0.01334000 l=0.01331000 c=0.01334000 v=40277.60000000
2026-08-18 07:37:22,981 | INFO | crypto_bot | TRADE pair=ROBO-USDT time=2026-08-18T07:37:22.925000+00:00 price=0.01334000 size=2203.40000000
2026-08-18 07:37:22,981 | INFO | crypto_bot | 1m CLOSED ts=2026-08-18T07:36:00+00:00 o=0.01333000 h=0.01333000 l=0.01333000 c=0.01333000 v=11000.00000000
2026-08-18 07:37:22,982 | INFO | crypto_bot | ENTRY signal=HOLD reason=trend_filter_not_passed meta={'regime': 'unknown'}
2026-08-18 07:37:22,982 | INFO | crypto_bot | TRADE pair=ROBO-USDT time=2026-08-18T07:37:22.926000+00:00 price=0.01334000 size=29304.50000000
2026-08-18 07:39:00,698 | INFO | crypto_bot | TRADE pair=ROBO-USDT time=2026-08-18T07:39:00.641000+00:00 price=0.01337000 size=15844.20000000
2026-08-18 07:39:00,698 | INFO | crypto_bot | 1m CLOSED ts=2026-08-18T07:37:00+00:00 o=0.01334000 h=0.01334000 l=0.01334000 c=0.01334000 v=31507.90000000
2026-08-18 07:39:00,698 | INFO | crypto_bot | ENTRY signal=HOLD reason=trend_filter_not_passed meta={'regime': 'unknown'}
2026-08-18 07:40:31,358 | INFO | crypto_bot | TRADE pair=ROBO-USDT time=2026-08-18T07:40:31.301000+00:00 price=0.01338000 size=48197.00000000
2026-08-18 07:40:31,359 | INFO | crypto_bot | 1m CLOSED ts=2026-08-18T07:39:00+00:00 o=0.01337000 h=0.01337000 l=0.01337000 c=0.01337000 v=15844.20000000
2026-08-18 07:40:31,359 | INFO | crypto_bot | ENTRY signal=HOLD reason=trend_filter_not_passed meta={'regime': 'unknown'}
2026-08-18 07:40:31,359 | INFO | crypto_bot | 5m CLOSED ts=2026-08-18T07:35:00+00:00 o=0.01333000 h=0.01337000 l=0.01333000 c=0.01337000 v=58352.10000000
2026-08-18 07:46:06,568 | INFO | crypto_bot | TRADE pair=ROBO-USDT time=2026-08-18T07:46:06.505000+00:00 price=0.01339000 size=2706.50000000
2026-08-18 07:46:06,568 | INFO | crypto_bot | 1m CLOSED ts=2026-08-18T07:40:00+00:00 o=0.01338000 h=0.01338000 l=0.01338000 c=0.01338000 v=48197.00000000
2026-08-18 07:46:06,568 | INFO | crypto_bot | ENTRY signal=HOLD reason=trend_filter_not_passed meta={'regime': 'unknown'}
2026-08-18 07:46:06,569 | INFO | crypto_bot | 5m CLOSED ts=2026-08-18T07:40:00+00:00 o=0.01338000 h=0.01338000 l=0.01338000 c=0.01338000 v=48197.00000000
2026-08-18 07:46:18,136 | INFO | crypto_bot | TRADE pair=ROBO-USDT time=2026-08-18T07:46:18.079000+00:00 price=0.01337000 size=368.30000000
2026-08-18 07:46:28,812 | INFO | crypto_bot | TRADE pair=ROBO-USDT time=2026-08-18T07:46:28.755000+00:00 price=0.01337000 size=56407.20000000
2026-08-18 07:46:28,815 | INFO | crypto_bot | TRADE pair=ROBO-USDT time=2026-08-18T07:46:28.759000+00:00 price=0.01337000 size=31507.90000000
2026-08-18 07:46:28,816 | INFO | crypto_bot | TRADE pair=ROBO-USDT time=2026-08-18T07:46:28.760000+00:00 price=0.01337000 size=11752.30000000
2026-08-18 07:53:22,174 | INFO | crypto_bot | TRADE pair=ROBO-USDT time=2026-08-18T07:53:22.117000+00:00 price=0.01333000 size=16029.20000000
2026-08-18 07:53:22,174 | INFO | crypto_bot | 1m CLOSED ts=2026-08-18T07:46:00+00:00 o=0.01339000 h=0.01339000 l=0.01337000 c=0.01337000 v=102742.20000000
2026-08-18 07:53:22,174 | INFO | crypto_bot | ENTRY signal=HOLD reason=trend_filter_not_passed meta={'regime': 'unknown'}
2026-08-18 07:53:22,175 | INFO | crypto_bot | 5m CLOSED ts=2026-08-18T07:45:00+00:00 o=0.01339000 h=0.01339000 l=0.01337000 c=0.01337000 v=102742.20000000
2026-08-18 07:53:36,811 | INFO | crypto_bot | TRADE pair=ROBO-USDT time=2026-08-18T07:53:36.754000+00:00 price=0.01333000 size=750.10000000
2026-08-18 07:53:36,811 | INFO | crypto_bot | TRADE pair=ROBO-USDT time=2026-08-18T07:53:36.754000+00:00 price=0.01332000 size=676.80000000
2026-08-18 07:53:42,377 | INFO | crypto_bot | TRADE pair=ROBO-USDT time=2026-08-18T07:53:42.320000+00:00 price=0.01332000 size=1356.40000000
2026-08-18 07:54:21,214 | INFO | crypto_bot | TRADE pair=ROBO-USDT time=2026-08-18T07:54:21.157000+00:00 price=0.01333000 size=4181.60000000
2026-08-18 07:54:21,214 | INFO | crypto_bot | 1m CLOSED ts=2026-08-18T07:53:00+00:00 o=0.01333000 h=0.01333000 l=0.01332000 c=0.01332000 v=18812.50000000
2026-08-18 07:54:21,214 | INFO | crypto_bot | ENTRY signal=HOLD reason=trend_filter_not_passed meta={'regime': 'unknown'}
2026-08-18 07:56:44,941 | INFO | crypto_bot | TRADE pair=ROBO-USDT time=2026-08-18T07:56:44.884000+00:00 price=0.01333000 size=10970.80000000
2026-08-18 07:56:44,941 | INFO | crypto_bot | 1m CLOSED ts=2026-08-18T07:54:00+00:00 o=0.01333000 h=0.01333000 l=0.01333000 c=0.01333000 v=4181.60000000
2026-08-18 07:56:44,941 | INFO | crypto_bot | ENTRY signal=HOLD reason=trend_filter_not_passed meta={'regime': 'unknown'}
2026-08-18 07:56:44,942 | INFO | crypto_bot | 5m CLOSED ts=2026-08-18T07:50:00+00:00 o=0.01333000 h=0.01333000 l=0.01332000 c=0.01333000 v=22994.10000000
2026-08-18 07:57:22,101 | INFO | crypto_bot | TRADE pair=ROBO-USDT time=2026-08-18T07:57:22.045000+00:00 price=0.01334000 size=31507.90000000
2026-08-18 07:57:22,101 | INFO | crypto_bot | 1m CLOSED ts=2026-08-18T07:56:00+00:00 o=0.01333000 h=0.01333000 l=0.01333000 c=0.01333000 v=10970.80000000
2026-08-18 07:57:22,102 | INFO | crypto_bot | ENTRY signal=HOLD reason=trend_filter_not_passed meta={'regime': 'unknown'}
2026-08-18 07:57:22,110 | INFO | crypto_bot | TRADE pair=ROBO-USDT time=2026-08-18T07:57:22.053000+00:00 price=0.01335000 size=321.30000000
2026-08-18 07:57:22,111 | INFO | crypto_bot | TRADE pair=ROBO-USDT time=2026-08-18T07:57:22.054000+00:00 price=0.01335000 size=4041.20000000
2026-08-18 07:57:22,112 | INFO | crypto_bot | TRADE pair=ROBO-USDT time=2026-08-18T07:57:22.055000+00:00 price=0.01335000 size=4363.30000000
2026-08-18 08:00:23,905 | INFO | crypto_bot | TRADE pair=ROBO-USDT time=2026-08-18T08:00:23.804000+00:00 price=0.01333000 size=31507.90000000
2026-08-18 08:00:23,905 | INFO | crypto_bot | 1m CLOSED ts=2026-08-18T07:57:00+00:00 o=0.01334000 h=0.01335000 l=0.01334000 c=0.01335000 v=40233.70000000
2026-08-18 08:00:23,905 | INFO | crypto_bot | ENTRY signal=HOLD reason=trend_filter_not_passed meta={'regime': 'unknown'}
2026-08-18 08:00:23,906 | INFO | crypto_bot | 5m CLOSED ts=2026-08-18T07:55:00+00:00 o=0.01333000 h=0.01335000 l=0.01333000 c=0.01335000 v=51204.50000000
2026-08-18 08:00:23,964 | INFO | crypto_bot | TRADE pair=ROBO-USDT time=2026-08-18T08:00:23.864000+00:00 price=0.01333000 size=78290.50000000
2026-08-18 08:00:24,065 | INFO | crypto_bot | TRADE pair=ROBO-USDT time=2026-08-18T08:00:23.949000+00:00 price=0.01334000 size=38291.70000000
2026-08-18 08:00:24,140 | INFO | crypto_bot | TRADE pair=ROBO-USDT time=2026-08-18T08:00:24.015000+00:00 price=0.01334000 size=31507.90000000
2026-08-18 08:00:24,142 | INFO | crypto_bot | TRADE pair=ROBO-USDT time=2026-08-18T08:00:24.023000+00:00 price=0.01334000 size=17598.00000000
2026-08-18 08:00:24,148 | INFO | crypto_bot | TRADE pair=ROBO-USDT time=2026-08-18T08:00:24.030000+00:00 price=0.01334000 size=13909.90000000
2026-08-18 08:00:33,481 | INFO | crypto_bot | TRADE pair=ROBO-USDT time=2026-08-18T08:00:33.424000+00:00 price=0.01332000 size=2703.70000000
2026-08-18 08:01:40,234 | INFO | crypto_bot | TRADE pair=ROBO-USDT time=2026-08-18T08:01:40.177000+00:00 price=0.01333000 size=1215.00000000
2026-08-18 08:01:40,234 | INFO | crypto_bot | 1m CLOSED ts=2026-08-18T08:00:00+00:00 o=0.01333000 h=0.01334000 l=0.01332000 c=0.01332000 v=213809.60000000
2026-08-18 08:01:40,234 | INFO | crypto_bot | ENTRY signal=HOLD reason=trend_filter_not_passed meta={'regime': 'unknown'}
2026-08-18 08:01:40,235 | INFO | crypto_bot | TRADE pair=ROBO-USDT time=2026-08-18T08:01:40.177000+00:00 price=0.01334000 size=73748.40000000
2026-08-18 08:01:57,126 | INFO | crypto_bot | TRADE pair=ROBO-USDT time=2026-08-18T08:01:57.070000+00:00 price=0.01334000 size=7824.30000000
2026-08-18 08:06:08,354 | INFO | crypto_bot | TRADE pair=ROBO-USDT time=2026-08-18T08:06:08.298000+00:00 price=0.01333000 size=811.30000000
2026-08-18 08:06:08,354 | INFO | crypto_bot | 1m CLOSED ts=2026-08-18T08:01:00+00:00 o=0.01333000 h=0.01334000 l=0.01333000 c=0.01334000 v=82787.70000000
2026-08-18 08:06:08,355 | INFO | crypto_bot | ENTRY signal=HOLD reason=trend_filter_not_passed meta={'regime': 'unknown'}
2026-08-18 08:06:08,355 | INFO | crypto_bot | 5m CLOSED ts=2026-08-18T08:00:00+00:00 o=0.01333000 h=0.01334000 l=0.01332000 c=0.01334000 v=296597.30000000
2026-08-18 08:06:33,351 | INFO | crypto_bot | TRADE pair=ROBO-USDT time=2026-08-18T08:06:33.294000+00:00 price=0.01333000 size=31507.90000000
2026-08-18 08:06:33,371 | INFO | crypto_bot | TRADE pair=ROBO-USDT time=2026-08-18T08:06:33.315000+00:00 price=0.01334000 size=1215.00000000
2026-08-18 08:06:33,969 | INFO | crypto_bot | TRADE pair=ROBO-USDT time=2026-08-18T08:06:33.911000+00:00 price=0.01334000 size=15604.90000000
2026-08-18 08:06:33,972 | INFO | crypto_bot | TRADE pair=ROBO-USDT time=2026-08-18T08:06:33.916000+00:00 price=0.01333000 size=24227.80000000
2026-08-18 08:06:59,410 | INFO | crypto_bot | TRADE pair=ROBO-USDT time=2026-08-18T08:06:59.354000+00:00 price=0.01333000 size=35982.10000000
2026-08-18 08:08:00,751 | INFO | crypto_bot | TRADE pair=ROBO-USDT time=2026-08-18T08:08:00.695000+00:00 price=0.01333000 size=1215.00000000
2026-08-18 08:08:00,752 | INFO | crypto_bot | 1m CLOSED ts=2026-08-18T08:06:00+00:00 o=0.01333000 h=0.01334000 l=0.01333000 c=0.01333000 v=109349.00000000
2026-08-18 08:08:00,752 | INFO | crypto_bot | ENTRY signal=HOLD reason=trend_filter_not_passed meta={'regime': 'unknown'}
2026-08-18 08:09:26,443 | INFO | crypto_bot | TRADE pair=ROBO-USDT time=2026-08-18T08:09:26.384000+00:00 price=0.01334000 size=52610.70000000
2026-08-18 08:09:26,443 | INFO | crypto_bot | 1m CLOSED ts=2026-08-18T08:08:00+00:00 o=0.01333000 h=0.01333000 l=0.01333000 c=0.01333000 v=1215.00000000
2026-08-18 08:09:26,444 | INFO | crypto_bot | ENTRY signal=HOLD reason=trend_filter_not_passed meta={'regime': 'unknown'}
2026-08-18 08:09:26,473 | INFO | crypto_bot | TRADE pair=ROBO-USDT time=2026-08-18T08:09:26.404000+00:00 price=0.01333000 size=25822.70000000
2026-08-18 08:10:00,698 | INFO | crypto_bot | TRADE pair=ROBO-USDT time=2026-08-18T08:10:00.642000+00:00 price=0.01333000 size=14819.00000000
2026-08-18 08:10:00,699 | INFO | crypto_bot | 1m CLOSED ts=2026-08-18T08:09:00+00:00 o=0.01334000 h=0.01334000 l=0.01333000 c=0.01333000 v=78433.40000000
2026-08-18 08:10:00,699 | INFO | crypto_bot | ENTRY signal=HOLD reason=trend_filter_not_passed meta={'regime': 'unknown'}
2026-08-18 08:10:00,699 | INFO | crypto_bot | 5m CLOSED ts=2026-08-18T08:05:00+00:00 o=0.01333000 h=0.01334000 l=0.01333000 c=0.01333000 v=188997.40000000
2026-08-18 08:10:27,429 | INFO | crypto_bot | TRADE pair=ROBO-USDT time=2026-08-18T08:10:27.372000+00:00 price=0.01333000 size=37197.10000000
2026-08-18 08:10:27,429 | INFO | crypto_bot | TRADE pair=ROBO-USDT time=2026-08-18T08:10:27.373000+00:00 price=0.01333000 size=35982.10000000
2026-08-18 08:10:27,430 | INFO | crypto_bot | TRADE pair=ROBO-USDT time=2026-08-18T08:10:27.373000+00:00 price=0.01333000 size=5397.40000000
2026-08-18 08:10:57,911 | INFO | crypto_bot | TRADE pair=ROBO-USDT time=2026-08-18T08:10:57.855000+00:00 price=0.01337000 size=15336.40000000
2026-08-18 08:10:57,913 | INFO | crypto_bot | TRADE pair=ROBO-USDT time=2026-08-18T08:10:57.856000+00:00 price=0.01338000 size=37439.10000000
2026-08-18 08:11:05,272 | INFO | crypto_bot | TRADE pair=ROBO-USDT time=2026-08-18T08:11:05.215000+00:00 price=0.01339000 size=37383.10000000
2026-08-18 08:11:05,272 | INFO | crypto_bot | 1m CLOSED ts=2026-08-18T08:10:00+00:00 o=0.01333000 h=0.01338000 l=0.01333000 c=0.01338000 v=146171.10000000
2026-08-18 08:11:05,272 | INFO | crypto_bot | ENTRY signal=HOLD reason=trend_filter_not_passed meta={'regime': 'unknown'}
2026-08-18 08:11:05,275 | INFO | crypto_bot | TRADE pair=ROBO-USDT time=2026-08-18T08:11:05.219000+00:00 price=0.01339000 size=4349.50000000
2026-08-18 08:11:05,276 | INFO | crypto_bot | TRADE pair=ROBO-USDT time=2026-08-18T08:11:05.219000+00:00 price=0.01339000 size=18744.40000000
2026-08-18 08:11:05,277 | INFO | crypto_bot | TRADE pair=ROBO-USDT time=2026-08-18T08:11:05.221000+00:00 price=0.01338000 size=59076.00000000
2026-08-18 08:11:05,293 | INFO | crypto_bot | TRADE pair=ROBO-USDT time=2026-08-18T08:11:05.237000+00:00 price=0.01336000 size=35982.10000000
2026-08-18 08:11:05,341 | INFO | crypto_bot | TRADE pair=ROBO-USDT time=2026-08-18T08:11:05.284000+00:00 price=0.01338000 size=24308.90000000
2026-08-18 08:11:05,341 | INFO | crypto_bot | TRADE pair=ROBO-USDT time=2026-08-18T08:11:05.285000+00:00 price=0.01336000 size=35982.10000000
2026-08-18 08:11:05,342 | INFO | crypto_bot | TRADE pair=ROBO-USDT time=2026-08-18T08:11:05.286000+00:00 price=0.01337000 size=52552.00000000
2026-08-18 08:11:05,350 | INFO | crypto_bot | TRADE pair=ROBO-USDT time=2026-08-18T08:11:05.293000+00:00 price=0.01337000 size=6084.10000000
2026-08-18 08:11:07,059 | INFO | crypto_bot | TRADE pair=ROBO-USDT time=2026-08-18T08:11:06.998000+00:00 price=0.01335000 size=14728.50000000
2026-08-18 08:11:22,272 | INFO | crypto_bot | TRADE pair=ROBO-USDT time=2026-08-18T08:11:22.203000+00:00 price=0.01336000 size=58937.80000000
2026-08-18 08:11:22,272 | INFO | crypto_bot | TRADE pair=ROBO-USDT time=2026-08-18T08:11:22.211000+00:00 price=0.01337000 size=37453.10000000
2026-08-18 08:11:22,273 | INFO | crypto_bot | TRADE pair=ROBO-USDT time=2026-08-18T08:11:22.215000+00:00 price=0.01336000 size=4356.00000000
2026-08-18 08:11:22,273 | INFO | crypto_bot | TRADE pair=ROBO-USDT time=2026-08-18T08:11:22.216000+00:00 price=0.01338000 size=4039.80000000
2026-08-18 08:11:22,273 | INFO | crypto_bot | TRADE pair=ROBO-USDT time=2026-08-18T08:11:22.216000+00:00 price=0.01339000 size=6605.30000000
2026-08-18 08:11:22,284 | INFO | crypto_bot | TRADE pair=ROBO-USDT time=2026-08-18T08:11:22.228000+00:00 price=0.01336000 size=19903.20000000
2026-08-18 08:11:22,420 | INFO | crypto_bot | TRADE pair=ROBO-USDT time=2026-08-18T08:11:22.364000+00:00 price=0.01335000 size=4477.70000000
2026-08-18 08:11:22,421 | INFO | crypto_bot | TRADE pair=ROBO-USDT time=2026-08-18T08:11:22.364000+00:00 price=0.01335000 size=27000.00000000
2026-08-18 08:11:22,426 | INFO | crypto_bot | TRADE pair=ROBO-USDT time=2026-08-18T08:11:22.369000+00:00 price=0.01336000 size=26782.00000000
2026-08-18 08:11:23,320 | INFO | crypto_bot | TRADE pair=ROBO-USDT time=2026-08-18T08:11:23.263000+00:00 price=0.01339000 size=22824.80000000
2026-08-18 08:11:23,349 | INFO | crypto_bot | TRADE pair=ROBO-USDT time=2026-08-18T08:11:23.292000+00:00 price=0.01340000 size=25592.30000000
2026-08-18 08:11:24,089 | INFO | crypto_bot | TRADE pair=ROBO-USDT time=2026-08-18T08:11:24.032000+00:00 price=0.01339000 size=4175.20000000
2026-08-18 08:11:25,083 | INFO | crypto_bot | TRADE pair=ROBO-USDT time=2026-08-18T08:11:25.027000+00:00 price=0.01340000 size=4486.00000000
2026-08-18 08:11:25,090 | INFO | crypto_bot | TRADE pair=ROBO-USDT time=2026-08-18T08:11:25.033000+00:00 price=0.01340000 size=1080.20000000
2026-08-18 08:11:25,090 | INFO | crypto_bot | TRADE pair=ROBO-USDT time=2026-08-18T08:11:25.033000+00:00 price=0.01340000 size=1080.20000000
2026-08-18 08:11:26,920 | INFO | crypto_bot | TRADE pair=ROBO-USDT time=2026-08-18T08:11:26.864000+00:00 price=0.01338000 size=538.50000000
2026-08-18 08:11:26,920 | INFO | crypto_bot | TRADE pair=ROBO-USDT time=2026-08-18T08:11:26.864000+00:00 price=0.01338000 size=16277.40000000
2026-08-18 08:11:30,634 | INFO | crypto_bot | TRADE pair=ROBO-USDT time=2026-08-18T08:11:30.577000+00:00 price=0.01340000 size=48288.90000000
2026-08-18 08:11:30,635 | INFO | crypto_bot | TRADE pair=ROBO-USDT time=2026-08-18T08:11:30.577000+00:00 price=0.01340000 size=18876.10000000
2026-08-18 08:11:30,638 | INFO | crypto_bot | TRADE pair=ROBO-USDT time=2026-08-18T08:11:30.582000+00:00 price=0.01340000 size=4349.50000000
2026-08-18 08:11:30,641 | INFO | crypto_bot | TRADE pair=ROBO-USDT time=2026-08-18T08:11:30.585000+00:00 price=0.01340000 size=4350.20000000
2026-08-18 08:11:30,657 | INFO | crypto_bot | TRADE pair=ROBO-USDT time=2026-08-18T08:11:30.600000+00:00 price=0.01341000 size=40021.90000000
2026-08-18 08:11:30,657 | INFO | crypto_bot | TRADE pair=ROBO-USDT time=2026-08-18T08:11:30.600000+00:00 price=0.01342000 size=25447.50000000
2026-08-18 08:11:30,674 | INFO | crypto_bot | TRADE pair=ROBO-USDT time=2026-08-18T08:11:30.607000+00:00 price=0.01341000 size=8679.00000000
2026-08-18 08:11:30,674 | INFO | crypto_bot | TRADE pair=ROBO-USDT time=2026-08-18T08:11:30.607000+00:00 price=0.01341000 size=13225.80000000
2026-08-18 08:11:30,703 | INFO | crypto_bot | TRADE pair=ROBO-USDT time=2026-08-18T08:11:30.647000+00:00 price=0.01340000 size=3325.80000000
2026-08-18 08:11:30,975 | INFO | crypto_bot | TRADE pair=ROBO-USDT time=2026-08-18T08:11:30.912000+00:00 price=0.01341000 size=1494.70000000
2026-08-18 08:11:31,102 | INFO | crypto_bot | TRADE pair=ROBO-USDT time=2026-08-18T08:11:31.045000+00:00 price=0.01341000 size=22447.00000000
2026-08-18 08:11:33,791 | INFO | crypto_bot | TRADE pair=ROBO-USDT time=2026-08-18T08:11:33.735000+00:00 price=0.01339000 size=1250.60000000
2026-08-18 08:11:40,003 | INFO | crypto_bot | TRADE pair=ROBO-USDT time=2026-08-18T08:11:39.947000+00:00 price=0.01340000 size=4039.80000000
2026-08-18 08:11:40,007 | INFO | crypto_bot | TRADE pair=ROBO-USDT time=2026-08-18T08:11:39.951000+00:00 price=0.01340000 size=4343.00000000
2026-08-18 08:11:40,377 | INFO | crypto_bot | TRADE pair=ROBO-USDT time=2026-08-18T08:11:40.320000+00:00 price=0.01343000 size=113.50000000
2026-08-18 08:11:40,377 | INFO | crypto_bot | TRADE pair=ROBO-USDT time=2026-08-18T08:11:40.321000+00:00 price=0.01343000 size=73917.70000000
2026-08-18 08:11:40,388 | INFO | crypto_bot | TRADE pair=ROBO-USDT time=2026-08-18T08:11:40.332000+00:00 price=0.01341000 size=20609.50000000
2026-08-18 08:11:40,693 | INFO | crypto_bot | TRADE pair=ROBO-USDT time=2026-08-18T08:11:40.637000+00:00 price=0.01342000 size=22902.00000000
2026-08-18 08:11:43,125 | INFO | crypto_bot | TRADE pair=ROBO-USDT time=2026-08-18T08:11:43.068000+00:00 price=0.01342000 size=493.90000000
2026-08-18 08:11:45,630 | INFO | crypto_bot | TRADE pair=ROBO-USDT time=2026-08-18T08:11:45.566000+00:00 price=0.01344000 size=22150.20000000
2026-08-18 08:11:45,630 | INFO | crypto_bot | TRADE pair=ROBO-USDT time=2026-08-18T08:11:45.568000+00:00 price=0.01346000 size=37230.00000000
2026-08-18 08:11:45,630 | INFO | crypto_bot | TRADE pair=ROBO-USDT time=2026-08-18T08:11:45.572000+00:00 price=0.01345000 size=4330.10000000
2026-08-18 08:11:45,631 | INFO | crypto_bot | TRADE pair=ROBO-USDT time=2026-08-18T08:11:45.574000+00:00 price=0.01347000 size=130.60000000
2026-08-18 08:11:45,631 | INFO | crypto_bot | TRADE pair=ROBO-USDT time=2026-08-18T08:11:45.574000+00:00 price=0.01348000 size=1215.00000000
2026-08-18 08:11:45,631 | INFO | crypto_bot | TRADE pair=ROBO-USDT time=2026-08-18T08:11:45.574000+00:00 price=0.01345000 size=4330.80000000
2026-08-18 08:11:45,633 | INFO | crypto_bot | TRADE pair=ROBO-USDT time=2026-08-18T08:11:45.577000+00:00 price=0.01347000 size=4039.80000000
2026-08-18 08:11:45,633 | INFO | crypto_bot | TRADE pair=ROBO-USDT time=2026-08-18T08:11:45.577000+00:00 price=0.01348000 size=7566.40000000
2026-08-18 08:11:45,652 | INFO | crypto_bot | TRADE pair=ROBO-USDT time=2026-08-18T08:11:45.596000+00:00 price=0.01346000 size=28077.90000000
2026-08-18 08:11:45,706 | INFO | crypto_bot | TRADE pair=ROBO-USDT time=2026-08-18T08:11:45.650000+00:00 price=0.01345000 size=11430.30000000
2026-08-18 08:11:45,790 | INFO | crypto_bot | TRADE pair=ROBO-USDT time=2026-08-18T08:11:45.733000+00:00 price=0.01345000 size=27000.00000000
2026-08-18 08:11:45,844 | INFO | crypto_bot | TRADE pair=ROBO-USDT time=2026-08-18T08:11:45.785000+00:00 price=0.01345000 size=4990.20000000
2026-08-18 08:11:47,172 | INFO | crypto_bot | TRADE pair=ROBO-USDT time=2026-08-18T08:11:47.116000+00:00 price=0.01344000 size=46550.70000000
2026-08-18 08:11:47,850 | INFO | crypto_bot | TRADE pair=ROBO-USDT time=2026-08-18T08:11:47.793000+00:00 price=0.01342000 size=8296.00000000
2026-08-18 08:11:52,716 | INFO | crypto_bot | TRADE pair=ROBO-USDT time=2026-08-18T08:11:52.660000+00:00 price=0.01342000 size=4039.80000000
2026-08-18 08:11:52,717 | INFO | crypto_bot | TRADE pair=ROBO-USDT time=2026-08-18T08:11:52.660000+00:00 price=0.01343000 size=17787.80000000
2026-08-18 08:11:52,717 | INFO | crypto_bot | TRADE pair=ROBO-USDT time=2026-08-18T08:11:52.660000+00:00 price=0.01344000 size=18159.40000000
2026-08-18 08:11:59,751 | INFO | crypto_bot | TRADE pair=ROBO-USDT time=2026-08-18T08:11:59.694000+00:00 price=0.01342000 size=3957.00000000
2026-08-18 08:11:59,752 | INFO | crypto_bot | TRADE pair=ROBO-USDT time=2026-08-18T08:11:59.695000+00:00 price=0.01342000 size=33879.80000000
2026-08-18 08:12:19,194 | INFO | crypto_bot | TRADE pair=ROBO-USDT time=2026-08-18T08:12:19.137000+00:00 price=0.01342000 size=101.40000000
2026-08-18 08:12:19,194 | INFO | crypto_bot | 1m CLOSED ts=2026-08-18T08:11:00+00:00 o=0.01339000 h=0.01348000 l=0.01335000 c=0.01342000 v=1158138.40000000
2026-08-18 08:12:19,194 | INFO | crypto_bot | ENTRY signal=HOLD reason=trend_filter_not_passed meta={'regime': 'unknown'}
2026-08-18 08:12:39,434 | INFO | crypto_bot | TRADE pair=ROBO-USDT time=2026-08-18T08:12:39.377000+00:00 price=0.01344000 size=25800.00000000
2026-08-18 08:12:49,636 | INFO | crypto_bot | TRADE pair=ROBO-USDT time=2026-08-18T08:12:49.580000+00:00 price=0.01346000 size=31755.70000000
2026-08-18 08:12:49,640 | INFO | crypto_bot | TRADE pair=ROBO-USDT time=2026-08-18T08:12:49.584000+00:00 price=0.01346000 size=244.50000000
2026-08-18 08:12:49,641 | INFO | crypto_bot | TRADE pair=ROBO-USDT time=2026-08-18T08:12:49.584000+00:00 price=0.01346000 size=4082.40000000
2026-08-18 08:12:49,641 | INFO | crypto_bot | TRADE pair=ROBO-USDT time=2026-08-18T08:12:49.585000+00:00 price=0.01346000 size=4327.60000000
2026-08-18 08:12:49,733 | INFO | crypto_bot | TRADE pair=ROBO-USDT time=2026-08-18T08:12:49.676000+00:00 price=0.01347000 size=4039.80000000
2026-08-18 08:12:49,740 | INFO | crypto_bot | TRADE pair=ROBO-USDT time=2026-08-18T08:12:49.683000+00:00 price=0.01347000 size=2401.20000000
2026-08-18 08:12:49,787 | INFO | crypto_bot | TRADE pair=ROBO-USDT time=2026-08-18T08:12:49.731000+00:00 price=0.01346000 size=17234.90000000
2026-08-18 08:12:49,788 | INFO | crypto_bot | TRADE pair=ROBO-USDT time=2026-08-18T08:12:49.732000+00:00 price=0.01346000 size=26460.40000000
2026-08-18 08:13:04,790 | INFO | crypto_bot | TRADE pair=ROBO-USDT time=2026-08-18T08:13:04.733000+00:00 price=0.01349000 size=113.50000000
2026-08-18 08:13:04,790 | INFO | crypto_bot | 1m CLOSED ts=2026-08-18T08:12:00+00:00 o=0.01342000 h=0.01347000 l=0.01342000 c=0.01346000 v=116447.90000000
2026-08-18 08:13:04,790 | INFO | crypto_bot | ENTRY signal=HOLD reason=trend_filter_not_passed meta={'regime': 'unknown'}
2026-08-18 08:13:05,002 | INFO | crypto_bot | TRADE pair=ROBO-USDT time=2026-08-18T08:13:04.945000+00:00 price=0.01350000 size=1101.50000000
2026-08-18 08:13:06,289 | INFO | crypto_bot | TRADE pair=ROBO-USDT time=2026-08-18T08:13:06.232000+00:00 price=0.01350000 size=28.30000000
2026-08-18 08:13:10,310 | INFO | crypto_bot | TRADE pair=ROBO-USDT time=2026-08-18T08:13:10.253000+00:00 price=0.01352000 size=15487.30000000
2026-08-18 08:13:13,784 | INFO | crypto_bot | TRADE pair=ROBO-USDT time=2026-08-18T08:13:13.728000+00:00 price=0.01351000 size=39052.30000000
2026-08-18 08:13:13,785 | INFO | crypto_bot | TRADE pair=ROBO-USDT time=2026-08-18T08:13:13.728000+00:00 price=0.01351000 size=23625.80000000
2026-08-18 08:13:13,785 | INFO | crypto_bot | TRADE pair=ROBO-USDT time=2026-08-18T08:13:13.729000+00:00 price=0.01351000 size=62664.10000000
2026-08-18 08:13:20,273 | INFO | crypto_bot | TRADE pair=ROBO-USDT time=2026-08-18T08:13:20.217000+00:00 price=0.01352000 size=21487.90000000
2026-08-18 08:13:20,641 | INFO | crypto_bot | TRADE pair=ROBO-USDT time=2026-08-18T08:13:20.584000+00:00 price=0.01353000 size=346.20000000
2026-08-18 08:13:29,325 | INFO | crypto_bot | TRADE pair=ROBO-USDT time=2026-08-18T08:13:29.268000+00:00 price=0.01354000 size=252.30000000
2026-08-18 08:13:35,416 | INFO | crypto_bot | TRADE pair=ROBO-USDT time=2026-08-18T08:13:35.359000+00:00 price=0.01356000 size=2745.60000000
2026-08-18 08:13:35,419 | INFO | crypto_bot | TRADE pair=ROBO-USDT time=2026-08-18T08:13:35.363000+00:00 price=0.01354000 size=362.60000000
2026-08-18 08:13:37,759 | INFO | crypto_bot | TRADE pair=ROBO-USDT time=2026-08-18T08:13:37.702000+00:00 price=0.01354000 size=52205.30000000
2026-08-18 08:14:03,087 | INFO | crypto_bot | TRADE pair=ROBO-USDT time=2026-08-18T08:14:03.030000+00:00 price=0.01353000 size=21699.50000000
2026-08-18 08:14:03,087 | INFO | crypto_bot | 1m CLOSED ts=2026-08-18T08:13:00+00:00 o=0.01349000 h=0.01356000 l=0.01349000 c=0.01354000 v=219472.70000000
2026-08-18 08:14:03,087 | INFO | crypto_bot | ENTRY signal=HOLD reason=trend_filter_not_passed meta={'regime': 'unknown'}
2026-08-18 08:14:09,150 | INFO | crypto_bot | TRADE pair=ROBO-USDT time=2026-08-18T08:14:09.093000+00:00 price=0.01352000 size=35982.10000000
2026-08-18 08:14:09,150 | INFO | crypto_bot | TRADE pair=ROBO-USDT time=2026-08-18T08:14:09.093000+00:00 price=0.01351000 size=35982.10000000
2026-08-18 08:14:09,150 | INFO | crypto_bot | TRADE pair=ROBO-USDT time=2026-08-18T08:14:09.093000+00:00 price=0.01350000 size=66831.00000000
2026-08-18 08:14:09,151 | INFO | crypto_bot | TRADE pair=ROBO-USDT time=2026-08-18T08:14:09.093000+00:00 price=0.01350000 size=24587.50000000
2026-08-18 08:14:09,151 | INFO | crypto_bot | TRADE pair=ROBO-USDT time=2026-08-18T08:14:09.093000+00:00 price=0.01350000 size=3192.10000000
2026-08-18 08:14:09,151 | INFO | crypto_bot | TRADE pair=ROBO-USDT time=2026-08-18T08:14:09.094000+00:00 price=0.01349000 size=1756.50000000
2026-08-18 08:14:09,248 | INFO | crypto_bot | TRADE pair=ROBO-USDT time=2026-08-18T08:14:09.192000+00:00 price=0.01349000 size=4308.30000000
2026-08-18 08:14:14,094 | INFO | crypto_bot | TRADE pair=ROBO-USDT time=2026-08-18T08:14:14.038000+00:00 price=0.01348000 size=12614.60000000
2026-08-18 08:14:23,575 | INFO | crypto_bot | TRADE pair=ROBO-USDT time=2026-08-18T08:14:23.518000+00:00 price=0.01348000 size=36757.20000000
2026-08-18 08:14:23,575 | INFO | crypto_bot | TRADE pair=ROBO-USDT time=2026-08-18T08:14:23.518000+00:00 price=0.01349000 size=18391.60000000
2026-08-18 08:14:23,575 | INFO | crypto_bot | TRADE pair=ROBO-USDT time=2026-08-18T08:14:23.518000+00:00 price=0.01349000 size=18031.50000000
2026-08-18 08:14:23,575 | INFO | crypto_bot | TRADE pair=ROBO-USDT time=2026-08-18T08:14:23.518000+00:00 price=0.01350000 size=53587.60000000
2026-08-18 08:14:23,575 | INFO | crypto_bot | TRADE pair=ROBO-USDT time=2026-08-18T08:14:23.518000+00:00 price=0.01350000 size=5722.10000000
2026-08-18 08:14:23,576 | INFO | crypto_bot | TRADE pair=ROBO-USDT time=2026-08-18T08:14:23.519000+00:00 price=0.01351000 size=18059.10000000
2026-08-18 08:14:23,580 | INFO | crypto_bot | TRADE pair=ROBO-USDT time=2026-08-18T08:14:23.523000+00:00 price=0.01350000 size=4317.20000000
2026-08-18 08:14:23,581 | INFO | crypto_bot | TRADE pair=ROBO-USDT time=2026-08-18T08:14:23.524000+00:00 price=0.01350000 size=4317.90000000
2026-08-18 08:14:23,846 | INFO | crypto_bot | TRADE pair=ROBO-USDT time=2026-08-18T08:14:23.790000+00:00 price=0.01351000 size=2721.30000000
2026-08-18 08:14:34,108 | INFO | crypto_bot | TRADE pair=ROBO-USDT time=2026-08-18T08:14:34.052000+00:00 price=0.01349000 size=6197.30000000
2026-08-18 08:14:52,128 | INFO | crypto_bot | TRADE pair=ROBO-USDT time=2026-08-18T08:14:52.071000+00:00 price=0.01350000 size=4039.80000000
2026-08-18 08:15:16,136 | INFO | crypto_bot | TRADE pair=ROBO-USDT time=2026-08-18T08:15:16.077000+00:00 price=0.01351000 size=908.80000000
2026-08-18 08:15:16,136 | INFO | crypto_bot | 1m CLOSED ts=2026-08-18T08:14:00+00:00 o=0.01353000 h=0.01353000 l=0.01348000 c=0.01350000 v=379096.30000000
2026-08-18 08:15:16,136 | INFO | crypto_bot | ENTRY signal=HOLD reason=trend_filter_not_passed meta={'regime': 'unknown'}
2026-08-18 08:15:16,137 | INFO | crypto_bot | 5m CLOSED ts=2026-08-18T08:10:00+00:00 o=0.01333000 h=0.01356000 l=0.01333000 c=0.01350000 v=2019326.40000000
2026-08-18 08:15:30,758 | INFO | crypto_bot | TRADE pair=ROBO-USDT time=2026-08-18T08:15:30.701000+00:00 price=0.01351000 size=21252.90000000
2026-08-18 08:15:30,758 | INFO | crypto_bot | TRADE pair=ROBO-USDT time=2026-08-18T08:15:30.701000+00:00 price=0.01352000 size=21528.90000000
2026-08-18 08:15:30,758 | INFO | crypto_bot | TRADE pair=ROBO-USDT time=2026-08-18T08:15:30.702000+00:00 price=0.01354000 size=6374.00000000
2026-08-18 08:15:30,768 | INFO | crypto_bot | TRADE pair=ROBO-USDT time=2026-08-18T08:15:30.706000+00:00 price=0.01352000 size=4307.60000000
2026-08-18 08:15:30,768 | INFO | crypto_bot | TRADE pair=ROBO-USDT time=2026-08-18T08:15:30.707000+00:00 price=0.01354000 size=12898.00000000
2026-08-18 08:15:30,770 | INFO | crypto_bot | TRADE pair=ROBO-USDT time=2026-08-18T08:15:30.711000+00:00 price=0.01352000 size=36919.40000000
2026-08-18 08:15:49,938 | INFO | crypto_bot | TRADE pair=ROBO-USDT time=2026-08-18T08:15:49.881000+00:00 price=0.01351000 size=49961.40000000
2026-08-18 08:17:16,023 | INFO | crypto_bot | TRADE pair=ROBO-USDT time=2026-08-18T08:17:15.966000+00:00 price=0.01346000 size=1486.10000000
2026-08-18 08:17:16,024 | INFO | crypto_bot | 1m CLOSED ts=2026-08-18T08:15:00+00:00 o=0.01351000 h=0.01354000 l=0.01351000 c=0.01351000 v=154151.00000000
2026-08-18 08:17:16,024 | INFO | crypto_bot | ENTRY signal=HOLD reason=trend_filter_not_passed meta={'regime': 'unknown'}
2026-08-18 08:17:39,574 | INFO | crypto_bot | TRADE pair=ROBO-USDT time=2026-08-18T08:17:39.517000+00:00 price=0.01347000 size=35982.10000000
2026-08-18 08:17:52,142 | INFO | crypto_bot | TRADE pair=ROBO-USDT time=2026-08-18T08:17:52.085000+00:00 price=0.01349000 size=9500.00000000
2026-08-18 08:17:52,494 | INFO | crypto_bot | TRADE pair=ROBO-USDT time=2026-08-18T08:17:52.438000+00:00 price=0.01347000 size=2074.60000000
2026-08-18 08:18:00,676 | INFO | crypto_bot | TRADE pair=ROBO-USDT time=2026-08-18T08:18:00.620000+00:00 price=0.01347000 size=13269.40000000
2026-08-18 08:18:00,677 | INFO | crypto_bot | 1m CLOSED ts=2026-08-18T08:17:00+00:00 o=0.01346000 h=0.01349000 l=0.01346000 c=0.01347000 v=49042.80000000
2026-08-18 08:18:00,677 | INFO | crypto_bot | ENTRY signal=HOLD reason=trend_filter_not_passed meta={'regime': 'unknown'}
2026-08-18 08:18:01,623 | INFO | crypto_bot | TRADE pair=ROBO-USDT time=2026-08-18T08:18:01.566000+00:00 price=0.01349000 size=17823.20000000
2026-08-18 08:18:02,258 | INFO | crypto_bot | TRADE pair=ROBO-USDT time=2026-08-18T08:18:02.202000+00:00 price=0.01349000 size=51398.60000000
2026-08-18 08:18:11,697 | INFO | crypto_bot | TRADE pair=ROBO-USDT time=2026-08-18T08:18:11.640000+00:00 price=0.01349000 size=9750.20000000
2026-08-18 08:19:21,333 | INFO | crypto_bot | TRADE pair=ROBO-USDT time=2026-08-18T08:19:21.275000+00:00 price=0.01348000 size=17760.70000000
2026-08-18 08:19:21,333 | INFO | crypto_bot | 1m CLOSED ts=2026-08-18T08:18:00+00:00 o=0.01347000 h=0.01349000 l=0.01347000 c=0.01349000 v=92241.40000000
2026-08-18 08:19:21,333 | INFO | crypto_bot | ENTRY signal=HOLD reason=trend_filter_not_passed meta={'regime': 'unknown'}
2026-08-18 08:19:25,949 | INFO | crypto_bot | TRADE pair=ROBO-USDT time=2026-08-18T08:19:25.892000+00:00 price=0.01348000 size=17760.70000000
2026-08-18 08:19:39,967 | INFO | crypto_bot | TRADE pair=ROBO-USDT time=2026-08-18T08:19:39.910000+00:00 price=0.01349000 size=17760.70000000
2026-08-18 08:19:57,099 | INFO | crypto_bot | TRADE pair=ROBO-USDT time=2026-08-18T08:19:57.042000+00:00 price=0.01349000 size=29612.60000000
2026-08-18 08:19:57,099 | INFO | crypto_bot | TRADE pair=ROBO-USDT time=2026-08-18T08:19:57.042000+00:00 price=0.01350000 size=16411.50000000
2026-08-18 08:19:57,447 | INFO | crypto_bot | TRADE pair=ROBO-USDT time=2026-08-18T08:19:57.390000+00:00 price=0.01349000 size=35982.10000000
2026-08-18 08:20:23,651 | INFO | crypto_bot | TRADE pair=ROBO-USDT time=2026-08-18T08:20:23.594000+00:00 price=0.01349000 size=16156.00000000
2026-08-18 08:20:23,651 | INFO | crypto_bot | 1m CLOSED ts=2026-08-18T08:19:00+00:00 o=0.01348000 h=0.01350000 l=0.01348000 c=0.01349000 v=135288.30000000
2026-08-18 08:20:23,651 | INFO | crypto_bot | ENTRY signal=HOLD reason=trend_filter_not_passed meta={'regime': 'unknown'}
2026-08-18 08:20:23,652 | INFO | crypto_bot | 5m CLOSED ts=2026-08-18T08:15:00+00:00 o=0.01351000 h=0.01354000 l=0.01346000 c=0.01349000 v=430723.50000000
2026-08-18 08:20:31,193 | INFO | crypto_bot | TRADE pair=ROBO-USDT time=2026-08-18T08:20:31.137000+00:00 price=0.01350000 size=8408.10000000
2026-08-18 08:20:50,508 | INFO | crypto_bot | TRADE pair=ROBO-USDT time=2026-08-18T08:20:50.451000+00:00 price=0.01350000 size=38134.60000000
2026-08-18 08:20:50,509 | INFO | crypto_bot | TRADE pair=ROBO-USDT time=2026-08-18T08:20:50.452000+00:00 price=0.01351000 size=37105.70000000
2026-08-18 08:20:50,509 | INFO | crypto_bot | TRADE pair=ROBO-USDT time=2026-08-18T08:20:50.452000+00:00 price=0.01352000 size=20000.00000000
2026-08-18 08:20:50,511 | INFO | crypto_bot | TRADE pair=ROBO-USDT time=2026-08-18T08:20:50.454000+00:00 price=0.01353000 size=1215.00000000
2026-08-18 08:20:50,519 | INFO | crypto_bot | TRADE pair=ROBO-USDT time=2026-08-18T08:20:50.460000+00:00 price=0.01351000 size=4310.80000000
2026-08-18 08:20:50,874 | INFO | crypto_bot | TRADE pair=ROBO-USDT time=2026-08-18T08:20:50.817000+00:00 price=0.01355000 size=342.10000000
2026-08-18 08:20:50,880 | INFO | crypto_bot | TRADE pair=ROBO-USDT time=2026-08-18T08:20:50.824000+00:00 price=0.01353000 size=18861.50000000
2026-08-18 08:21:04,272 | INFO | crypto_bot | TRADE pair=ROBO-USDT time=2026-08-18T08:21:04.214000+00:00 price=0.01351000 size=1215.00000000
2026-08-18 08:21:04,272 | INFO | crypto_bot | 1m CLOSED ts=2026-08-18T08:20:00+00:00 o=0.01349000 h=0.01355000 l=0.01349000 c=0.01353000 v=144533.80000000
2026-08-18 08:21:04,272 | INFO | crypto_bot | ENTRY signal=HOLD reason=trend_filter_not_passed meta={'regime': 'unknown'}
2026-08-18 08:21:04,273 | INFO | crypto_bot | TRADE pair=ROBO-USDT time=2026-08-18T08:21:04.214000+00:00 price=0.01351000 size=57420.90000000
2026-08-18 08:21:04,273 | INFO | crypto_bot | TRADE pair=ROBO-USDT time=2026-08-18T08:21:04.215000+00:00 price=0.01350000 size=36927.60000000
2026-08-18 08:21:04,273 | INFO | crypto_bot | TRADE pair=ROBO-USDT time=2026-08-18T08:21:04.215000+00:00 price=0.01349000 size=17607.30000000
2026-08-18 08:21:04,273 | INFO | crypto_bot | TRADE pair=ROBO-USDT time=2026-08-18T08:21:04.215000+00:00 price=0.01348000 size=1639.00000000
2026-08-18 08:21:04,273 | INFO | crypto_bot | TRADE pair=ROBO-USDT time=2026-08-18T08:21:04.217000+00:00 price=0.01347000 size=12504.80000000
2026-08-18 08:21:04,274 | INFO | crypto_bot | TRADE pair=ROBO-USDT time=2026-08-18T08:21:04.218000+00:00 price=0.01350000 size=2242.40000000
2026-08-18 08:21:04,275 | INFO | crypto_bot | TRADE pair=ROBO-USDT time=2026-08-18T08:21:04.218000+00:00 price=0.01351000 size=20186.80000000
2026-08-18 08:21:04,276 | INFO | crypto_bot | TRADE pair=ROBO-USDT time=2026-08-18T08:21:04.219000+00:00 price=0.01347000 size=21198.40000000
2026-08-18 08:21:04,276 | INFO | crypto_bot | TRADE pair=ROBO-USDT time=2026-08-18T08:21:04.219000+00:00 price=0.01346000 size=9997.90000000
2026-08-18 08:21:51,480 | INFO | crypto_bot | TRADE pair=ROBO-USDT time=2026-08-18T08:21:51.423000+00:00 price=0.01348000 size=17484.50000000
2026-08-18 08:21:59,431 | INFO | crypto_bot | TRADE pair=ROBO-USDT time=2026-08-18T08:21:59.374000+00:00 price=0.01346000 size=2129.90000000
2026-08-18 08:23:12,755 | INFO | crypto_bot | TRADE pair=ROBO-USDT time=2026-08-18T08:23:12.698000+00:00 price=0.01350000 size=123.00000000
2026-08-18 08:23:12,755 | INFO | crypto_bot | 1m CLOSED ts=2026-08-18T08:21:00+00:00 o=0.01351000 h=0.01351000 l=0.01346000 c=0.01346000 v=200554.50000000
2026-08-18 08:23:12,755 | INFO | crypto_bot | ENTRY signal=HOLD reason=trend_filter_not_passed meta={'regime': 'unknown'}
2026-08-18 08:23:12,756 | INFO | crypto_bot | TRADE pair=ROBO-USDT time=2026-08-18T08:23:12.698000+00:00 price=0.01351000 size=7279.00000000
2026-08-18 08:23:15,154 | INFO | crypto_bot | TRADE pair=ROBO-USDT time=2026-08-18T08:23:15.097000+00:00 price=0.01351000 size=50806.90000000
2026-08-18 08:23:15,154 | INFO | crypto_bot | TRADE pair=ROBO-USDT time=2026-08-18T08:23:15.097000+00:00 price=0.01352000 size=36142.40000000
2026-08-18 08:23:15,155 | INFO | crypto_bot | TRADE pair=ROBO-USDT time=2026-08-18T08:23:15.099000+00:00 price=0.01353000 size=47990.20000000
2026-08-18 08:23:15,167 | INFO | crypto_bot | TRADE pair=ROBO-USDT time=2026-08-18T08:23:15.103000+00:00 price=0.01353000 size=4307.60000000
2026-08-18 08:23:32,186 | INFO | crypto_bot | TRADE pair=ROBO-USDT time=2026-08-18T08:23:32.128000+00:00 price=0.01352000 size=35982.10000000
2026-08-18 08:23:32,186 | INFO | crypto_bot | TRADE pair=ROBO-USDT time=2026-08-18T08:23:32.129000+00:00 price=0.01351000 size=3268.60000000
2026-08-18 08:23:32,186 | INFO | crypto_bot | TRADE pair=ROBO-USDT time=2026-08-18T08:23:32.129000+00:00 price=0.01351000 size=107055.10000000
2026-08-18 08:23:32,186 | INFO | crypto_bot | TRADE pair=ROBO-USDT time=2026-08-18T08:23:32.129000+00:00 price=0.01351000 size=38620.30000000
2026-08-18 08:23:32,186 | INFO | crypto_bot | TRADE pair=ROBO-USDT time=2026-08-18T08:23:32.129000+00:00 price=0.01350000 size=35982.10000000
2026-08-18 08:23:32,187 | INFO | crypto_bot | TRADE pair=ROBO-USDT time=2026-08-18T08:23:32.129000+00:00 price=0.01349000 size=37621.90000000
2026-08-18 08:23:32,196 | INFO | crypto_bot | TRADE pair=ROBO-USDT time=2026-08-18T08:23:32.139000+00:00 price=0.01350000 size=1477.10000000
2026-08-18 08:23:32,272 | INFO | crypto_bot | TRADE pair=ROBO-USDT time=2026-08-18T08:23:32.215000+00:00 price=0.01349000 size=1478.30000000
2026-08-18 08:23:32,491 | INFO | crypto_bot | TRADE pair=ROBO-USDT time=2026-08-18T08:23:32.434000+00:00 price=0.01350000 size=52440.50000000
2026-08-18 08:23:37,673 | INFO | crypto_bot | TRADE pair=ROBO-USDT time=2026-08-18T08:23:37.616000+00:00 price=0.01348000 size=17939.50000000
2026-08-18 08:23:38,163 | INFO | crypto_bot | TRADE pair=ROBO-USDT time=2026-08-18T08:23:38.093000+00:00 price=0.01349000 size=35982.10000000
2026-08-18 08:23:38,163 | INFO | crypto_bot | TRADE pair=ROBO-USDT time=2026-08-18T08:23:38.093000+00:00 price=0.01350000 size=27835.00000000
2026-08-18 08:23:38,163 | INFO | crypto_bot | TRADE pair=ROBO-USDT time=2026-08-18T08:23:38.093000+00:00 price=0.01352000 size=10324.10000000
2026-08-18 08:23:38,163 | INFO | crypto_bot | TRADE pair=ROBO-USDT time=2026-08-18T08:23:38.093000+00:00 price=0.01352000 size=62883.40000000
2026-08-18 08:23:38,164 | INFO | crypto_bot | TRADE pair=ROBO-USDT time=2026-08-18T08:23:38.093000+00:00 price=0.01353000 size=3777.00000000
2026-08-18 08:23:38,164 | INFO | crypto_bot | TRADE pair=ROBO-USDT time=2026-08-18T08:23:38.095000+00:00 price=0.01353000 size=20753.10000000
2026-08-18 08:23:38,164 | INFO | crypto_bot | TRADE pair=ROBO-USDT time=2026-08-18T08:23:38.095000+00:00 price=0.01354000 size=16444.00000000
2026-08-18 08:23:38,164 | INFO | crypto_bot | TRADE pair=ROBO-USDT time=2026-08-18T08:23:38.097000+00:00 price=0.01352000 size=4314.00000000
2026-08-18 08:23:38,164 | INFO | crypto_bot | TRADE pair=ROBO-USDT time=2026-08-18T08:23:38.099000+00:00 price=0.01352000 size=444.90000000
2026-08-18 08:23:38,164 | INFO | crypto_bot | TRADE pair=ROBO-USDT time=2026-08-18T08:23:38.099000+00:00 price=0.01352000 size=4947.50000000
2026-08-18 08:23:38,168 | INFO | crypto_bot | TRADE pair=ROBO-USDT time=2026-08-18T08:23:38.103000+00:00 price=0.01354000 size=18307.20000000
2026-08-18 08:23:43,604 | INFO | crypto_bot | TRADE pair=ROBO-USDT time=2026-08-18T08:23:43.547000+00:00 price=0.01355000 size=35800.00000000
2026-08-18 08:23:43,604 | INFO | crypto_bot | TRADE pair=ROBO-USDT time=2026-08-18T08:23:43.547000+00:00 price=0.01356000 size=113.50000000
2026-08-18 08:23:43,604 | INFO | crypto_bot | TRADE pair=ROBO-USDT time=2026-08-18T08:23:43.547000+00:00 price=0.01358000 size=38397.90000000
2026-08-18 08:23:43,604 | INFO | crypto_bot | TRADE pair=ROBO-USDT time=2026-08-18T08:23:43.547000+00:00 price=0.01358000 size=14667.20000000
2026-08-18 08:23:43,605 | INFO | crypto_bot | TRADE pair=ROBO-USDT time=2026-08-18T08:23:43.548000+00:00 price=0.01360000 size=35561.60000000
2026-08-18 08:23:43,605 | INFO | crypto_bot | TRADE pair=ROBO-USDT time=2026-08-18T08:23:43.548000+00:00 price=0.01359000 size=20461.40000000
2026-08-18 08:23:43,605 | INFO | crypto_bot | TRADE pair=ROBO-USDT time=2026-08-18T08:23:43.548000+00:00 price=0.01360000 size=2098.30000000
2026-08-18 08:23:43,609 | INFO | crypto_bot | TRADE pair=ROBO-USDT time=2026-08-18T08:23:43.550000+00:00 price=0.01361000 size=1345.60000000
2026-08-18 08:23:43,609 | INFO | crypto_bot | TRADE pair=ROBO-USDT time=2026-08-18T08:23:43.551000+00:00 price=0.01360000 size=4444.90000000
2026-08-18 08:23:43,609 | INFO | crypto_bot | TRADE pair=ROBO-USDT time=2026-08-18T08:23:43.551000+00:00 price=0.01360000 size=6634.80000000
2026-08-18 08:23:43,609 | INFO | crypto_bot | TRADE pair=ROBO-USDT time=2026-08-18T08:23:43.552000+00:00 price=0.01359000 size=8815.60000000
2026-08-18 08:23:43,610 | INFO | crypto_bot | TRADE pair=ROBO-USDT time=2026-08-18T08:23:43.552000+00:00 price=0.01359000 size=4406.70000000
2026-08-18 08:23:43,610 | INFO | crypto_bot | TRADE pair=ROBO-USDT time=2026-08-18T08:23:43.552000+00:00 price=0.01359000 size=8815.60000000
2026-08-18 08:23:43,610 | INFO | crypto_bot | TRADE pair=ROBO-USDT time=2026-08-18T08:23:43.552000+00:00 price=0.01359000 size=4406.70000000
2026-08-18 08:23:43,610 | INFO | crypto_bot | TRADE pair=ROBO-USDT time=2026-08-18T08:23:43.553000+00:00 price=0.01359000 size=5372.60000000
2026-08-18 08:23:43,610 | INFO | crypto_bot | TRADE pair=ROBO-USDT time=2026-08-18T08:23:43.553000+00:00 price=0.01359000 size=6991.50000000
2026-08-18 08:23:43,611 | INFO | crypto_bot | TRADE pair=ROBO-USDT time=2026-08-18T08:23:43.553000+00:00 price=0.01358000 size=11723.40000000
2026-08-18 08:23:43,611 | INFO | crypto_bot | TRADE pair=ROBO-USDT time=2026-08-18T08:23:43.553000+00:00 price=0.01358000 size=16016.50000000
2026-08-18 08:23:43,611 | INFO | crypto_bot | TRADE pair=ROBO-USDT time=2026-08-18T08:23:43.553000+00:00 price=0.01358000 size=18714.90000000
2026-08-18 08:23:43,611 | INFO | crypto_bot | TRADE pair=ROBO-USDT time=2026-08-18T08:23:43.554000+00:00 price=0.01361000 size=6612.10000000
2026-08-18 08:23:43,611 | INFO | crypto_bot | TRADE pair=ROBO-USDT time=2026-08-18T08:23:43.554000+00:00 price=0.01361000 size=13709.80000000
2026-08-18 08:23:43,612 | INFO | crypto_bot | TRADE pair=ROBO-USDT time=2026-08-18T08:23:43.555000+00:00 price=0.01359000 size=6447.20000000
2026-08-18 08:23:43,613 | INFO | crypto_bot | TRADE pair=ROBO-USDT time=2026-08-18T08:23:43.555000+00:00 price=0.01361000 size=1215.00000000
2026-08-18 08:23:43,613 | INFO | crypto_bot | TRADE pair=ROBO-USDT time=2026-08-18T08:23:43.555000+00:00 price=0.01362000 size=3030.80000000
2026-08-18 08:23:43,613 | INFO | crypto_bot | TRADE pair=ROBO-USDT time=2026-08-18T08:23:43.556000+00:00 price=0.01359000 size=12332.90000000
2026-08-18 08:23:43,613 | INFO | crypto_bot | TRADE pair=ROBO-USDT time=2026-08-18T08:23:43.556000+00:00 price=0.01359000 size=4961.30000000
2026-08-18 08:23:43,613 | INFO | crypto_bot | TRADE pair=ROBO-USDT time=2026-08-18T08:23:43.556000+00:00 price=0.01361000 size=16043.90000000
2026-08-18 08:23:43,613 | INFO | crypto_bot | TRADE pair=ROBO-USDT time=2026-08-18T08:23:43.556000+00:00 price=0.01359000 size=29534.90000000
2026-08-18 08:23:43,617 | INFO | crypto_bot | TRADE pair=ROBO-USDT time=2026-08-18T08:23:43.556000+00:00 price=0.01359000 size=2705.80000000
2026-08-18 08:23:43,617 | INFO | crypto_bot | TRADE pair=ROBO-USDT time=2026-08-18T08:23:43.557000+00:00 price=0.01361000 size=4393.50000000
2026-08-18 08:23:43,617 | INFO | crypto_bot | TRADE pair=ROBO-USDT time=2026-08-18T08:23:43.557000+00:00 price=0.01361000 size=24.00000000
2026-08-18 08:23:43,618 | INFO | crypto_bot | TRADE pair=ROBO-USDT time=2026-08-18T08:23:43.557000+00:00 price=0.01362000 size=4943.70000000
2026-08-18 08:23:43,618 | INFO | crypto_bot | TRADE pair=ROBO-USDT time=2026-08-18T08:23:43.558000+00:00 price=0.01361000 size=4948.60000000
2026-08-18 08:23:43,618 | INFO | crypto_bot | TRADE pair=ROBO-USDT time=2026-08-18T08:23:43.558000+00:00 price=0.01361000 size=1849.00000000
2026-08-18 08:23:43,618 | INFO | crypto_bot | TRADE pair=ROBO-USDT time=2026-08-18T08:23:43.558000+00:00 price=0.01362000 size=15517.70000000
2026-08-18 08:23:43,618 | INFO | crypto_bot | TRADE pair=ROBO-USDT time=2026-08-18T08:23:43.558000+00:00 price=0.01358000 size=1215.00000000
2026-08-18 08:23:43,618 | INFO | crypto_bot | TRADE pair=ROBO-USDT time=2026-08-18T08:23:43.558000+00:00 price=0.01357000 size=1429.70000000
2026-08-18 08:23:43,618 | INFO | crypto_bot | TRADE pair=ROBO-USDT time=2026-08-18T08:23:43.559000+00:00 price=0.01360000 size=4039.80000000
2026-08-18 08:23:43,618 | INFO | crypto_bot | TRADE pair=ROBO-USDT time=2026-08-18T08:23:43.559000+00:00 price=0.01357000 size=2041.00000000
2026-08-18 08:23:43,709 | INFO | crypto_bot | TRADE pair=ROBO-USDT time=2026-08-18T08:23:43.560000+00:00 price=0.01361000 size=1322.60000000
2026-08-18 08:23:43,709 | INFO | crypto_bot | TRADE pair=ROBO-USDT time=2026-08-18T08:23:43.560000+00:00 price=0.01361000 size=20461.40000000
2026-08-18 08:23:43,709 | INFO | crypto_bot | TRADE pair=ROBO-USDT time=2026-08-18T08:23:43.561000+00:00 price=0.01361000 size=2255.80000000
2026-08-18 08:23:43,709 | INFO | crypto_bot | TRADE pair=ROBO-USDT time=2026-08-18T08:23:43.561000+00:00 price=0.01362000 size=13807.00000000
2026-08-18 08:23:43,709 | INFO | crypto_bot | TRADE pair=ROBO-USDT time=2026-08-18T08:23:43.564000+00:00 price=0.01358000 size=4966.90000000
2026-08-18 08:23:43,709 | INFO | crypto_bot | TRADE pair=ROBO-USDT time=2026-08-18T08:23:43.566000+00:00 price=0.01362000 size=43851.50000000
2026-08-18 08:23:43,710 | INFO | crypto_bot | TRADE pair=ROBO-USDT time=2026-08-18T08:23:43.566000+00:00 price=0.01358000 size=4690.20000000
2026-08-18 08:23:43,710 | INFO | crypto_bot | TRADE pair=ROBO-USDT time=2026-08-18T08:23:43.608000+00:00 price=0.01360000 size=18759.90000000
2026-08-18 08:23:43,710 | INFO | crypto_bot | TRADE pair=ROBO-USDT time=2026-08-18T08:23:43.613000+00:00 price=0.01359000 size=15903.70000000
2026-08-18 08:23:43,710 | INFO | crypto_bot | TRADE pair=ROBO-USDT time=2026-08-18T08:23:43.623000+00:00 price=0.01359000 size=10345.30000000
2026-08-18 08:23:43,710 | INFO | crypto_bot | TRADE pair=ROBO-USDT time=2026-08-18T08:23:43.623000+00:00 price=0.01361000 size=16986.50000000
2026-08-18 08:23:43,710 | INFO | crypto_bot | TRADE pair=ROBO-USDT time=2026-08-18T08:23:43.623000+00:00 price=0.01359000 size=25636.80000000
2026-08-18 08:23:43,710 | INFO | crypto_bot | TRADE pair=ROBO-USDT time=2026-08-18T08:23:43.632000+00:00 price=0.01359000 size=1363.20000000
2026-08-18 08:23:43,710 | INFO | crypto_bot | TRADE pair=ROBO-USDT time=2026-08-18T08:23:43.633000+00:00 price=0.01359000 size=16763.60000000
2026-08-18 08:23:43,711 | INFO | crypto_bot | TRADE pair=ROBO-USDT time=2026-08-18T08:23:43.635000+00:00 price=0.01359000 size=5456.40000000
2026-08-18 08:23:43,711 | INFO | crypto_bot | TRADE pair=ROBO-USDT time=2026-08-18T08:23:43.646000+00:00 price=0.01360000 size=4039.80000000
2026-08-18 08:23:43,711 | INFO | crypto_bot | TRADE pair=ROBO-USDT time=2026-08-18T08:23:43.646000+00:00 price=0.01361000 size=16540.40000000
2026-08-18 08:23:43,875 | INFO | crypto_bot | TRADE pair=ROBO-USDT time=2026-08-18T08:23:43.810000+00:00 price=0.01360000 size=2832.70000000
2026-08-18 08:23:43,875 | INFO | crypto_bot | TRADE pair=ROBO-USDT time=2026-08-18T08:23:43.811000+00:00 price=0.01360000 size=1207.10000000
2026-08-18 08:23:43,875 | INFO | crypto_bot | TRADE pair=ROBO-USDT time=2026-08-18T08:23:43.811000+00:00 price=0.01361000 size=113.90000000
2026-08-18 08:23:43,876 | INFO | crypto_bot | TRADE pair=ROBO-USDT time=2026-08-18T08:23:43.812000+00:00 price=0.01361000 size=37083.20000000
2026-08-18 08:23:43,876 | INFO | crypto_bot | TRADE pair=ROBO-USDT time=2026-08-18T08:23:43.812000+00:00 price=0.01362000 size=1888.50000000
2026-08-18 08:23:43,876 | INFO | crypto_bot | TRADE pair=ROBO-USDT time=2026-08-18T08:23:43.813000+00:00 price=0.01362000 size=1227.00000000
2026-08-18 08:23:43,876 | INFO | crypto_bot | TRADE pair=ROBO-USDT time=2026-08-18T08:23:43.813000+00:00 price=0.01362000 size=1753.00000000
2026-08-18 08:23:43,876 | INFO | crypto_bot | TRADE pair=ROBO-USDT time=2026-08-18T08:23:43.819000+00:00 price=0.01361000 size=1888.50000000
2026-08-18 08:23:43,897 | INFO | crypto_bot | TRADE pair=ROBO-USDT time=2026-08-18T08:23:43.841000+00:00 price=0.01361000 size=1201.00000000
2026-08-18 08:23:43,939 | INFO | crypto_bot | TRADE pair=ROBO-USDT time=2026-08-18T08:23:43.879000+00:00 price=0.01360000 size=1477.10000000
2026-08-18 08:23:43,939 | INFO | crypto_bot | TRADE pair=ROBO-USDT time=2026-08-18T08:23:43.879000+00:00 price=0.01360000 size=2562.70000000
2026-08-18 08:23:43,940 | INFO | crypto_bot | TRADE pair=ROBO-USDT time=2026-08-18T08:23:43.879000+00:00 price=0.01361000 size=270.00000000
2026-08-18 08:23:43,996 | INFO | crypto_bot | TRADE pair=ROBO-USDT time=2026-08-18T08:23:43.939000+00:00 price=0.01360000 size=1321.00000000
2026-08-18 08:23:44,005 | INFO | crypto_bot | TRADE pair=ROBO-USDT time=2026-08-18T08:23:43.947000+00:00 price=0.01360000 size=1039.70000000
2026-08-18 08:23:44,006 | INFO | crypto_bot | TRADE pair=ROBO-USDT time=2026-08-18T08:23:43.947000+00:00 price=0.01361000 size=437.60000000
2026-08-18 08:23:44,012 | INFO | crypto_bot | TRADE pair=ROBO-USDT time=2026-08-18T08:23:43.956000+00:00 price=0.01361000 size=1477.00000000
2026-08-18 08:23:45,095 | INFO | crypto_bot | TRADE pair=ROBO-USDT time=2026-08-18T08:23:45.038000+00:00 price=0.01363000 size=27523.30000000
2026-08-18 08:23:45,095 | INFO | crypto_bot | TRADE pair=ROBO-USDT time=2026-08-18T08:23:45.038000+00:00 price=0.01364000 size=581.70000000
2026-08-18 08:23:45,099 | INFO | crypto_bot | TRADE pair=ROBO-USDT time=2026-08-18T08:23:45.042000+00:00 price=0.01363000 size=531.10000000
2026-08-18 08:23:45,100 | INFO | crypto_bot | TRADE pair=ROBO-USDT time=2026-08-18T08:23:45.043000+00:00 price=0.01364000 size=4271.10000000
2026-08-18 08:23:45,335 | INFO | crypto_bot | TRADE pair=ROBO-USDT time=2026-08-18T08:23:45.278000+00:00 price=0.01364000 size=2850.80000000
2026-08-18 08:23:45,628 | INFO | crypto_bot | TRADE pair=ROBO-USDT time=2026-08-18T08:23:45.572000+00:00 price=0.01365000 size=459.40000000
2026-08-18 08:23:45,629 | INFO | crypto_bot | TRADE pair=ROBO-USDT time=2026-08-18T08:23:45.572000+00:00 price=0.01365000 size=1661.80000000
2026-08-18 08:23:46,220 | INFO | crypto_bot | TRADE pair=ROBO-USDT time=2026-08-18T08:23:46.162000+00:00 price=0.01363000 size=6363.60000000
2026-08-18 08:23:47,066 | INFO | crypto_bot | TRADE pair=ROBO-USDT time=2026-08-18T08:23:47.004000+00:00 price=0.01364000 size=696.80000000
2026-08-18 08:23:47,471 | INFO | crypto_bot | TRADE pair=ROBO-USDT time=2026-08-18T08:23:47.405000+00:00 price=0.01364000 size=3561.80000000
2026-08-18 08:23:50,253 | INFO | crypto_bot | TRADE pair=ROBO-USDT time=2026-08-18T08:23:50.196000+00:00 price=0.01364000 size=9471.80000000
2026-08-18 08:24:00,670 | INFO | crypto_bot | TRADE pair=ROBO-USDT time=2026-08-18T08:24:00.604000+00:00 price=0.01361000 size=23942.80000000
2026-08-18 08:24:00,670 | INFO | crypto_bot | 1m CLOSED ts=2026-08-18T08:23:00+00:00 o=0.01350000 h=0.01365000 l=0.01348000 c=0.01364000 v=1405215.50000000
2026-08-18 08:24:00,670 | INFO | crypto_bot | ENTRY signal=HOLD reason=trend_filter_not_passed meta={'regime': 'unknown'}
2026-08-18 08:24:17,626 | INFO | crypto_bot | TRADE pair=ROBO-USDT time=2026-08-18T08:24:17.569000+00:00 price=0.01365000 size=20000.00000000
2026-08-18 08:24:17,632 | INFO | crypto_bot | TRADE pair=ROBO-USDT time=2026-08-18T08:24:17.575000+00:00 price=0.01364000 size=4269.70000000
2026-08-18 08:24:20,448 | INFO | crypto_bot | TRADE pair=ROBO-USDT time=2026-08-18T08:24:20.391000+00:00 price=0.01363000 size=13998.00000000
2026-08-18 08:24:28,745 | INFO | crypto_bot | TRADE pair=ROBO-USDT time=2026-08-18T08:24:28.688000+00:00 price=0.01368000 size=36913.00000000
2026-08-18 08:24:28,746 | INFO | crypto_bot | TRADE pair=ROBO-USDT time=2026-08-18T08:24:28.688000+00:00 price=0.01369000 size=47735.30000000
2026-08-18 08:24:28,746 | INFO | crypto_bot | TRADE pair=ROBO-USDT time=2026-08-18T08:24:28.688000+00:00 price=0.01370000 size=3007.40000000
2026-08-18 08:24:28,747 | INFO | crypto_bot | TRADE pair=ROBO-USDT time=2026-08-18T08:24:28.691000+00:00 price=0.01369000 size=4260.30000000
2026-08-18 08:24:28,750 | INFO | crypto_bot | TRADE pair=ROBO-USDT time=2026-08-18T08:24:28.693000+00:00 price=0.01370000 size=5325.40000000
2026-08-18 08:24:28,750 | INFO | crypto_bot | TRADE pair=ROBO-USDT time=2026-08-18T08:24:28.693000+00:00 price=0.01371000 size=3041.40000000
2026-08-18 08:24:29,173 | INFO | crypto_bot | TRADE pair=ROBO-USDT time=2026-08-18T08:24:29.115000+00:00 price=0.01373000 size=961.10000000
2026-08-18 08:24:31,789 | INFO | crypto_bot | TRADE pair=ROBO-USDT time=2026-08-18T08:24:31.732000+00:00 price=0.01371000 size=26480.40000000
2026-08-18 08:24:32,070 | INFO | crypto_bot | TRADE pair=ROBO-USDT time=2026-08-18T08:24:32.014000+00:00 price=0.01370000 size=5537.00000000
2026-08-18 08:24:32,071 | INFO | crypto_bot | TRADE pair=ROBO-USDT time=2026-08-18T08:24:32.014000+00:00 price=0.01370000 size=33137.70000000
2026-08-18 08:24:32,073 | INFO | crypto_bot | TRADE pair=ROBO-USDT time=2026-08-18T08:24:32.017000+00:00 price=0.01370000 size=2604.80000000
2026-08-18 08:24:32,133 | INFO | crypto_bot | TRADE pair=ROBO-USDT time=2026-08-18T08:24:32.076000+00:00 price=0.01371000 size=18257.50000000
2026-08-18 08:24:32,134 | INFO | crypto_bot | TRADE pair=ROBO-USDT time=2026-08-18T08:24:32.077000+00:00 price=0.01371000 size=27591.20000000
2026-08-18 08:24:36,813 | INFO | crypto_bot | TRADE pair=ROBO-USDT time=2026-08-18T08:24:36.755000+00:00 price=0.01369000 size=391.30000000
2026-08-18 08:24:55,317 | INFO | crypto_bot | TRADE pair=ROBO-USDT time=2026-08-18T08:24:55.259000+00:00 price=0.01368000 size=1711.50000000
2026-08-18 08:25:00,651 | INFO | crypto_bot | TRADE pair=ROBO-USDT time=2026-08-18T08:25:00.593000+00:00 price=0.01367000 size=13101.00000000
2026-08-18 08:25:00,651 | INFO | crypto_bot | 1m CLOSED ts=2026-08-18T08:24:00+00:00 o=0.01361000 h=0.01373000 l=0.01361000 c=0.01368000 v=279165.80000000
2026-08-18 08:25:00,651 | INFO | crypto_bot | ENTRY signal=HOLD reason=trend_filter_not_passed meta={'regime': 'unknown'}
2026-08-18 08:25:00,651 | INFO | crypto_bot | 5m CLOSED ts=2026-08-18T08:20:00+00:00 o=0.01349000 h=0.01373000 l=0.01346000 c=0.01368000 v=2029469.60000000
2026-08-18 08:25:25,455 | INFO | crypto_bot | TRADE pair=ROBO-USDT time=2026-08-18T08:25:25.398000+00:00 price=0.01370000 size=129.40000000
2026-08-18 08:25:27,516 | INFO | crypto_bot | TRADE pair=ROBO-USDT time=2026-08-18T08:25:27.459000+00:00 price=0.01371000 size=12361.30000000
2026-08-18 08:26:31,337 | INFO | crypto_bot | TRADE pair=ROBO-USDT time=2026-08-18T08:26:31.280000+00:00 price=0.01366000 size=44951.10000000
2026-08-18 08:26:31,337 | INFO | crypto_bot | 1m CLOSED ts=2026-08-18T08:25:00+00:00 o=0.01367000 h=0.01371000 l=0.01367000 c=0.01371000 v=25591.70000000
2026-08-18 08:26:31,337 | INFO | crypto_bot | ENTRY signal=HOLD reason=trend_filter_not_passed meta={'regime': 'unknown'}
2026-08-18 08:26:31,344 | INFO | crypto_bot | TRADE pair=ROBO-USDT time=2026-08-18T08:26:31.287000+00:00 price=0.01367000 size=6127.40000000
2026-08-18 08:26:52,868 | INFO | crypto_bot | TRADE pair=ROBO-USDT time=2026-08-18T08:26:52.804000+00:00 price=0.01367000 size=259.60000000
2026-08-18 08:26:53,667 | INFO | crypto_bot | TRADE pair=ROBO-USDT time=2026-08-18T08:26:53.603000+00:00 price=0.01369000 size=19072.40000000
2026-08-18 08:27:12,099 | INFO | crypto_bot | TRADE pair=ROBO-USDT time=2026-08-18T08:27:12.042000+00:00 price=0.01369000 size=4580.60000000
2026-08-18 08:27:12,099 | INFO | crypto_bot | 1m CLOSED ts=2026-08-18T08:26:00+00:00 o=0.01366000 h=0.01369000 l=0.01366000 c=0.01369000 v=70410.50000000
2026-08-18 08:27:12,099 | INFO | crypto_bot | ENTRY signal=HOLD reason=trend_filter_not_passed meta={'regime': 'unknown'}
2026-08-18 08:27:25,646 | INFO | crypto_bot | TRADE pair=ROBO-USDT time=2026-08-18T08:27:25.589000+00:00 price=0.01370000 size=254.20000000
2026-08-18 08:27:25,646 | INFO | crypto_bot | TRADE pair=ROBO-USDT time=2026-08-18T08:27:25.589000+00:00 price=0.01373000 size=36536.30000000
2026-08-18 08:27:25,650 | INFO | crypto_bot | TRADE pair=ROBO-USDT time=2026-08-18T08:27:25.593000+00:00 price=0.01372000 size=4244.70000000
2026-08-18 08:27:25,650 | INFO | crypto_bot | TRADE pair=ROBO-USDT time=2026-08-18T08:27:25.594000+00:00 price=0.01375000 size=19743.00000000
2026-08-18 08:27:25,653 | INFO | crypto_bot | TRADE pair=ROBO-USDT time=2026-08-18T08:27:25.597000+00:00 price=0.01373000 size=20000.00000000
2026-08-18 08:27:48,515 | INFO | crypto_bot | TRADE pair=ROBO-USDT time=2026-08-18T08:27:48.458000+00:00 price=0.01370000 size=79246.50000000
2026-08-18 08:27:48,973 | INFO | crypto_bot | TRADE pair=ROBO-USDT time=2026-08-18T08:27:48.916000+00:00 price=0.01371000 size=24547.30000000
2026-08-18 08:28:20,336 | INFO | crypto_bot | TRADE pair=ROBO-USDT time=2026-08-18T08:28:20.279000+00:00 price=0.01369000 size=113.60000000
2026-08-18 08:28:20,337 | INFO | crypto_bot | 1m CLOSED ts=2026-08-18T08:27:00+00:00 o=0.01369000 h=0.01375000 l=0.01369000 c=0.01371000 v=189152.60000000
2026-08-18 08:28:20,337 | INFO | crypto_bot | ENTRY signal=HOLD reason=trend_filter_not_passed meta={'regime': 'unknown'}
2026-08-18 08:28:20,337 | INFO | crypto_bot | TRADE pair=ROBO-USDT time=2026-08-18T08:28:20.279000+00:00 price=0.01368000 size=15198.10000000
2026-08-18 08:28:30,878 | INFO | crypto_bot | TRADE pair=ROBO-USDT time=2026-08-18T08:28:30.821000+00:00 price=0.01369000 size=26480.40000000
2026-08-18 08:28:43,878 | INFO | crypto_bot | TRADE pair=ROBO-USDT time=2026-08-18T08:28:43.821000+00:00 price=0.01369000 size=26453.20000000
2026-08-18 08:30:27,678 | INFO | crypto_bot | TRADE pair=ROBO-USDT time=2026-08-18T08:30:27.621000+00:00 price=0.01370000 size=26600.40000000
2026-08-18 08:30:27,678 | INFO | crypto_bot | 1m CLOSED ts=2026-08-18T08:28:00+00:00 o=0.01369000 h=0.01369000 l=0.01368000 c=0.01369000 v=68245.30000000
2026-08-18 08:30:27,678 | INFO | crypto_bot | ENTRY signal=HOLD reason=trend_filter_not_passed meta={'regime': 'unknown'}
2026-08-18 08:30:27,679 | INFO | crypto_bot | 5m CLOSED ts=2026-08-18T08:25:00+00:00 o=0.01367000 h=0.01375000 l=0.01366000 c=0.01369000 v=353400.10000000
2026-08-18 08:30:35,779 | INFO | crypto_bot | TRADE pair=ROBO-USDT time=2026-08-18T08:30:35.722000+00:00 price=0.01371000 size=118.50000000
2026-08-18 08:30:35,779 | INFO | crypto_bot | TRADE pair=ROBO-USDT time=2026-08-18T08:30:35.722000+00:00 price=0.01373000 size=47870.10000000
2026-08-18 08:30:35,781 | INFO | crypto_bot | TRADE pair=ROBO-USDT time=2026-08-18T08:30:35.725000+00:00 price=0.01373000 size=4247.80000000
2026-08-18 08:30:35,783 | INFO | crypto_bot | TRADE pair=ROBO-USDT time=2026-08-18T08:30:35.727000+00:00 price=0.01373000 size=5090.10000000
2026-08-18 08:30:35,784 | INFO | crypto_bot | TRADE pair=ROBO-USDT time=2026-08-18T08:30:35.728000+00:00 price=0.01375000 size=11834.90000000
2026-08-18 08:30:35,798 | INFO | crypto_bot | TRADE pair=ROBO-USDT time=2026-08-18T08:30:35.742000+00:00 price=0.01375000 size=1824.00000000
2026-08-18 08:30:36,047 | INFO | crypto_bot | TRADE pair=ROBO-USDT time=2026-08-18T08:30:35.990000+00:00 price=0.01375000 size=1458.70000000
2026-08-18 08:30:40,802 | INFO | crypto_bot | TRADE pair=ROBO-USDT time=2026-08-18T08:30:40.745000+00:00 price=0.01375000 size=25136.70000000
2026-08-18 08:30:42,849 | INFO | crypto_bot | TRADE pair=ROBO-USDT time=2026-08-18T08:30:42.792000+00:00 price=0.01373000 size=565.90000000
2026-08-18 08:30:49,625 | INFO | crypto_bot | TRADE pair=ROBO-USDT time=2026-08-18T08:30:49.568000+00:00 price=0.01376000 size=130.60000000
2026-08-18 08:30:49,627 | INFO | crypto_bot | TRADE pair=ROBO-USDT time=2026-08-18T08:30:49.571000+00:00 price=0.01375000 size=4229.30000000
2026-08-18 08:30:58,109 | INFO | crypto_bot | TRADE pair=ROBO-USDT time=2026-08-18T08:30:58.052000+00:00 price=0.01378000 size=26480.40000000
2026-08-18 08:30:58,109 | INFO | crypto_bot | TRADE pair=ROBO-USDT time=2026-08-18T08:30:58.052000+00:00 price=0.01379000 size=1235.30000000
2026-08-18 08:31:03,373 | INFO | crypto_bot | TRADE pair=ROBO-USDT time=2026-08-18T08:31:03.316000+00:00 price=0.01380000 size=1133.00000000
2026-08-18 08:31:03,373 | INFO | crypto_bot | 1m CLOSED ts=2026-08-18T08:30:00+00:00 o=0.01370000 h=0.01379000 l=0.01370000 c=0.01379000 v=156822.70000000
2026-08-18 08:31:03,373 | INFO | crypto_bot | ENTRY signal=HOLD reason=trend_filter_not_passed meta={'regime': 'unknown'}
2026-08-18 08:31:03,381 | INFO | crypto_bot | TRADE pair=ROBO-USDT time=2026-08-18T08:31:03.325000+00:00 price=0.01380000 size=180.10000000
2026-08-18 08:31:03,382 | INFO | crypto_bot | TRADE pair=ROBO-USDT time=2026-08-18T08:31:03.326000+00:00 price=0.01380000 size=147.00000000
2026-08-18 08:31:04,168 | INFO | crypto_bot | TRADE pair=ROBO-USDT time=2026-08-18T08:31:04.104000+00:00 price=0.01382000 size=113.50000000
2026-08-18 08:31:04,582 | INFO | crypto_bot | TRADE pair=ROBO-USDT time=2026-08-18T08:31:04.525000+00:00 price=0.01383000 size=20249.30000000
2026-08-18 08:31:04,582 | INFO | crypto_bot | TRADE pair=ROBO-USDT time=2026-08-18T08:31:04.526000+00:00 price=0.01384000 size=1029.70000000
2026-08-18 08:31:06,543 | INFO | crypto_bot | TRADE pair=ROBO-USDT time=2026-08-18T08:31:06.487000+00:00 price=0.01384000 size=26480.40000000
2026-08-18 08:31:08,067 | INFO | crypto_bot | TRADE pair=ROBO-USDT time=2026-08-18T08:31:08.007000+00:00 price=0.01381000 size=43491.30000000
2026-08-18 08:31:11,733 | INFO | crypto_bot | TRADE pair=ROBO-USDT time=2026-08-18T08:31:11.676000+00:00 price=0.01381000 size=17397.70000000
2026-08-18 08:31:11,734 | INFO | crypto_bot | TRADE pair=ROBO-USDT time=2026-08-18T08:31:11.676000+00:00 price=0.01382000 size=17397.70000000
2026-08-18 08:31:11,734 | INFO | crypto_bot | TRADE pair=ROBO-USDT time=2026-08-18T08:31:11.677000+00:00 price=0.01382000 size=29174.70000000
2026-08-18 08:31:11,736 | INFO | crypto_bot | TRADE pair=ROBO-USDT time=2026-08-18T08:31:11.679000+00:00 price=0.01379000 size=4214.00000000
2026-08-18 08:31:12,331 | INFO | crypto_bot | TRADE pair=ROBO-USDT time=2026-08-18T08:31:12.275000+00:00 price=0.01379000 size=13881.90000000
2026-08-18 08:31:12,332 | INFO | crypto_bot | TRADE pair=ROBO-USDT time=2026-08-18T08:31:12.275000+00:00 price=0.01378000 size=36245.00000000
2026-08-18 08:31:17,155 | INFO | crypto_bot | TRADE pair=ROBO-USDT time=2026-08-18T08:31:17.098000+00:00 price=0.01376000 size=36271.30000000
2026-08-18 08:31:28,383 | INFO | crypto_bot | TRADE pair=ROBO-USDT time=2026-08-18T08:31:28.326000+00:00 price=0.01376000 size=716.90000000
2026-08-18 08:31:30,253 | INFO | crypto_bot | TRADE pair=ROBO-USDT time=2026-08-18T08:31:30.196000+00:00 price=0.01376000 size=10727.80000000
2026-08-18 08:31:38,937 | INFO | crypto_bot | TRADE pair=ROBO-USDT time=2026-08-18T08:31:38.880000+00:00 price=0.01375000 size=113.60000000
2026-08-18 08:31:40,990 | INFO | crypto_bot | TRADE pair=ROBO-USDT time=2026-08-18T08:31:40.933000+00:00 price=0.01375000 size=11139.40000000
2026-08-18 08:32:47,341 | INFO | crypto_bot | TRADE pair=ROBO-USDT time=2026-08-18T08:32:47.283000+00:00 price=0.01375000 size=20806.00000000
2026-08-18 08:32:47,341 | INFO | crypto_bot | 1m CLOSED ts=2026-08-18T08:31:00+00:00 o=0.01380000 h=0.01384000 l=0.01375000 c=0.01375000 v=270104.30000000
2026-08-18 08:32:47,341 | INFO | crypto_bot | ENTRY signal=HOLD reason=trend_filter_not_passed meta={'regime': 'unknown'}
2026-08-18 08:33:11,836 | INFO | crypto_bot | TRADE pair=ROBO-USDT time=2026-08-18T08:33:11.779000+00:00 price=0.01376000 size=13578.10000000
2026-08-18 08:33:11,836 | INFO | crypto_bot | 1m CLOSED ts=2026-08-18T08:32:00+00:00 o=0.01375000 h=0.01375000 l=0.01375000 c=0.01375000 v=20806.00000000
2026-08-18 08:33:11,836 | INFO | crypto_bot | ENTRY signal=HOLD reason=trend_filter_not_passed meta={'regime': 'unknown'}
2026-08-18 08:34:51,834 | INFO | crypto_bot | TRADE pair=ROBO-USDT time=2026-08-18T08:34:51.777000+00:00 price=0.01373000 size=8089.60000000
2026-08-18 08:34:51,834 | INFO | crypto_bot | 1m CLOSED ts=2026-08-18T08:33:00+00:00 o=0.01376000 h=0.01376000 l=0.01376000 c=0.01376000 v=13578.10000000
2026-08-18 08:34:51,834 | INFO | crypto_bot | ENTRY signal=HOLD reason=trend_filter_not_passed meta={'regime': 'unknown'}
2026-08-18 08:35:01,346 | INFO | crypto_bot | TRADE pair=ROBO-USDT time=2026-08-18T08:35:01.289000+00:00 price=0.01370000 size=1109.40000000
2026-08-18 08:35:01,346 | INFO | crypto_bot | 1m CLOSED ts=2026-08-18T08:34:00+00:00 o=0.01373000 h=0.01373000 l=0.01373000 c=0.01373000 v=8089.60000000
2026-08-18 08:35:01,346 | INFO | crypto_bot | ENTRY signal=HOLD reason=trend_filter_not_passed meta={'regime': 'unknown'}
2026-08-18 08:35:01,346 | INFO | crypto_bot | 5m CLOSED ts=2026-08-18T08:30:00+00:00 o=0.01370000 h=0.01384000 l=0.01370000 c=0.01373000 v=469400.70000000
2026-08-18 08:35:01,349 | INFO | crypto_bot | TRADE pair=ROBO-USDT time=2026-08-18T08:35:01.292000+00:00 price=0.01369000 size=374.40000000
2026-08-18 08:35:13,422 | INFO | crypto_bot | TRADE pair=ROBO-USDT time=2026-08-18T08:35:13.365000+00:00 price=0.01369000 size=1336.90000000
2026-08-18 08:35:13,974 | INFO | crypto_bot | TRADE pair=ROBO-USDT time=2026-08-18T08:35:13.917000+00:00 price=0.01369000 size=21972.40000000
2026-08-18 08:35:23,045 | INFO | crypto_bot | TRADE pair=ROBO-USDT time=2026-08-18T08:35:22.988000+00:00 price=0.01368000 size=517.70000000
2026-08-18 08:35:23,045 | INFO | crypto_bot | TRADE pair=ROBO-USDT time=2026-08-18T08:35:22.988000+00:00 price=0.01367000 size=13377.20000000
2026-08-18 08:35:48,195 | INFO | crypto_bot | TRADE pair=ROBO-USDT time=2026-08-18T08:35:48.130000+00:00 price=0.01366000 size=2742.90000000
2026-08-18 08:36:15,952 | INFO | crypto_bot | TRADE pair=ROBO-USDT time=2026-08-18T08:36:15.895000+00:00 price=0.01367000 size=7394.60000000
2026-08-18 08:36:15,952 | INFO | crypto_bot | 1m CLOSED ts=2026-08-18T08:35:00+00:00 o=0.01370000 h=0.01370000 l=0.01366000 c=0.01366000 v=41430.90000000
2026-08-18 08:36:15,952 | INFO | crypto_bot | ENTRY signal=HOLD reason=trend_filter_not_passed meta={'regime': 'unknown'}
2026-08-18 08:36:33,055 | INFO | crypto_bot | TRADE pair=ROBO-USDT time=2026-08-18T08:36:32.997000+00:00 price=0.01367000 size=17397.70000000
2026-08-18 08:36:56,686 | INFO | crypto_bot | TRADE pair=ROBO-USDT time=2026-08-18T08:36:56.629000+00:00 price=0.01368000 size=299.50000000
2026-08-18 08:36:56,776 | INFO | crypto_bot | TRADE pair=ROBO-USDT time=2026-08-18T08:36:56.720000+00:00 price=0.01368000 size=17098.20000000
2026-08-18 08:38:59,394 | INFO | crypto_bot | TRADE pair=ROBO-USDT time=2026-08-18T08:38:59.337000+00:00 price=0.01366000 size=630.30000000
2026-08-18 08:38:59,394 | INFO | crypto_bot | 1m CLOSED ts=2026-08-18T08:36:00+00:00 o=0.01367000 h=0.01368000 l=0.01367000 c=0.01368000 v=42190.00000000
2026-08-18 08:38:59,394 | INFO | crypto_bot | ENTRY signal=HOLD reason=trend_filter_not_passed meta={'regime': 'unknown'}
2026-08-18 08:39:24,538 | INFO | crypto_bot | TRADE pair=ROBO-USDT time=2026-08-18T08:39:24.481000+00:00 price=0.01364000 size=17630.80000000
2026-08-18 08:39:24,538 | INFO | crypto_bot | 1m CLOSED ts=2026-08-18T08:38:00+00:00 o=0.01366000 h=0.01366000 l=0.01366000 c=0.01366000 v=630.30000000
2026-08-18 08:39:24,538 | INFO | crypto_bot | ENTRY signal=HOLD reason=trend_filter_not_passed meta={'regime': 'unknown'}
2026-08-18 08:39:24,539 | INFO | crypto_bot | TRADE pair=ROBO-USDT time=2026-08-18T08:39:24.482000+00:00 price=0.01364000 size=22267.20000000
2026-08-18 08:39:24,539 | INFO | crypto_bot | TRADE pair=ROBO-USDT time=2026-08-18T08:39:24.482000+00:00 price=0.01364000 size=24072.10000000
2026-08-18 08:39:28,160 | INFO | crypto_bot | TRADE pair=ROBO-USDT time=2026-08-18T08:39:28.102000+00:00 price=0.01366000 size=7320.60000000
2026-08-18 08:40:17,683 | INFO | crypto_bot | TRADE pair=ROBO-USDT time=2026-08-18T08:40:17.626000+00:00 price=0.01365000 size=21317.00000000
2026-08-18 08:40:17,683 | INFO | crypto_bot | 1m CLOSED ts=2026-08-18T08:39:00+00:00 o=0.01364000 h=0.01366000 l=0.01364000 c=0.01366000 v=71290.70000000
2026-08-18 08:40:17,683 | INFO | crypto_bot | ENTRY signal=HOLD reason=trend_filter_not_passed meta={'regime': 'unknown'}
2026-08-18 08:40:17,684 | INFO | crypto_bot | 5m CLOSED ts=2026-08-18T08:35:00+00:00 o=0.01370000 h=0.01370000 l=0.01364000 c=0.01366000 v=155541.90000000
2026-08-18 08:40:17,684 | INFO | crypto_bot | TRADE pair=ROBO-USDT time=2026-08-18T08:40:17.626000+00:00 price=0.01366000 size=8114.60000000
2026-08-18 08:40:46,429 | INFO | crypto_bot | TRADE pair=ROBO-USDT time=2026-08-18T08:40:46.372000+00:00 price=0.01364000 size=52166.50000000
2026-08-18 08:40:46,429 | INFO | crypto_bot | TRADE pair=ROBO-USDT time=2026-08-18T08:40:46.372000+00:00 price=0.01364000 size=8402.10000000
2026-08-18 08:41:01,650 | INFO | crypto_bot | TRADE pair=ROBO-USDT time=2026-08-18T08:41:01.594000+00:00 price=0.01363000 size=29402.20000000
2026-08-18 08:41:01,651 | INFO | crypto_bot | 1m CLOSED ts=2026-08-18T08:40:00+00:00 o=0.01365000 h=0.01366000 l=0.01364000 c=0.01364000 v=90000.20000000
2026-08-18 08:41:01,651 | INFO | crypto_bot | ENTRY signal=HOLD reason=trend_filter_not_passed meta={'regime': 'unknown'}
2026-08-18 08:41:16,968 | INFO | crypto_bot | TRADE pair=ROBO-USDT time=2026-08-18T08:41:16.911000+00:00 price=0.01368000 size=64077.00000000
2026-08-18 08:41:16,968 | INFO | crypto_bot | TRADE pair=ROBO-USDT time=2026-08-18T08:41:16.911000+00:00 price=0.01369000 size=38719.60000000
2026-08-18 08:41:16,968 | INFO | crypto_bot | TRADE pair=ROBO-USDT time=2026-08-18T08:41:16.911000+00:00 price=0.01370000 size=17397.70000000
2026-08-18 08:41:16,971 | INFO | crypto_bot | TRADE pair=ROBO-USDT time=2026-08-18T08:41:16.915000+00:00 price=0.01368000 size=4260.30000000
2026-08-18 08:41:16,975 | INFO | crypto_bot | TRADE pair=ROBO-USDT time=2026-08-18T08:41:16.919000+00:00 price=0.01369000 size=4375.60000000
2026-08-18 08:41:16,976 | INFO | crypto_bot | TRADE pair=ROBO-USDT time=2026-08-18T08:41:16.919000+00:00 price=0.01369000 size=949.70000000
2026-08-18 08:41:16,978 | INFO | crypto_bot | TRADE pair=ROBO-USDT time=2026-08-18T08:41:16.920000+00:00 price=0.01371000 size=18273.70000000
2026-08-18 08:41:17,231 | INFO | crypto_bot | TRADE pair=ROBO-USDT time=2026-08-18T08:41:17.174000+00:00 price=0.01372000 size=1460.00000000
2026-08-18 08:41:17,231 | INFO | crypto_bot | TRADE pair=ROBO-USDT time=2026-08-18T08:41:17.174000+00:00 price=0.01372000 size=1460.70000000
2026-08-18 08:41:17,231 | INFO | crypto_bot | TRADE pair=ROBO-USDT time=2026-08-18T08:41:17.174000+00:00 price=0.01372000 size=1321.90000000
2026-08-18 08:41:23,103 | INFO | crypto_bot | TRADE pair=ROBO-USDT time=2026-08-18T08:41:23.046000+00:00 price=0.01371000 size=28268.90000000
2026-08-18 08:41:23,103 | INFO | crypto_bot | TRADE pair=ROBO-USDT time=2026-08-18T08:41:23.047000+00:00 price=0.01372000 size=36496.30000000
2026-08-18 08:41:23,107 | INFO | crypto_bot | TRADE pair=ROBO-USDT time=2026-08-18T08:41:23.051000+00:00 price=0.01372000 size=15068.70000000
2026-08-18 08:41:23,108 | INFO | crypto_bot | TRADE pair=ROBO-USDT time=2026-08-18T08:41:23.051000+00:00 price=0.01371000 size=3708.40000000
2026-08-18 08:41:23,108 | INFO | crypto_bot | TRADE pair=ROBO-USDT time=2026-08-18T08:41:23.051000+00:00 price=0.01371000 size=536.30000000
2026-08-18 08:41:23,197 | INFO | crypto_bot | TRADE pair=ROBO-USDT time=2026-08-18T08:41:23.141000+00:00 price=0.01370000 size=37644.80000000
2026-08-18 08:41:29,070 | INFO | crypto_bot | TRADE pair=ROBO-USDT time=2026-08-18T08:41:29.007000+00:00 price=0.01369000 size=35812.50000000
2026-08-18 08:41:29,070 | INFO | crypto_bot | TRADE pair=ROBO-USDT time=2026-08-18T08:41:29.007000+00:00 price=0.01368000 size=37063.80000000
2026-08-18 08:41:29,070 | INFO | crypto_bot | TRADE pair=ROBO-USDT time=2026-08-18T08:41:29.007000+00:00 price=0.01367000 size=169.70000000
2026-08-18 08:42:08,622 | INFO | crypto_bot | TRADE pair=ROBO-USDT time=2026-08-18T08:42:08.565000+00:00 price=0.01369000 size=1889.80000000
2026-08-18 08:42:08,622 | INFO | crypto_bot | 1m CLOSED ts=2026-08-18T08:41:00+00:00 o=0.01363000 h=0.01372000 l=0.01363000 c=0.01367000 v=376467.80000000
2026-08-18 08:42:08,622 | INFO | crypto_bot | ENTRY signal=HOLD reason=trend_filter_not_passed meta={'regime': 'unknown'}
2026-08-18 08:42:19,859 | INFO | crypto_bot | TRADE pair=ROBO-USDT time=2026-08-18T08:42:19.802000+00:00 price=0.01369000 size=15507.90000000
2026-08-18 08:42:21,682 | INFO | crypto_bot | TRADE pair=ROBO-USDT time=2026-08-18T08:42:21.603000+00:00 price=0.01370000 size=10865.20000000
2026-08-18 08:42:30,838 | INFO | crypto_bot | TRADE pair=ROBO-USDT time=2026-08-18T08:42:30.781000+00:00 price=0.01372000 size=108.90000000
2026-08-18 08:42:30,838 | INFO | crypto_bot | TRADE pair=ROBO-USDT time=2026-08-18T08:42:30.781000+00:00 price=0.01373000 size=36523.00000000
2026-08-18 08:42:30,843 | INFO | crypto_bot | TRADE pair=ROBO-USDT time=2026-08-18T08:42:30.786000+00:00 price=0.01372000 size=4244.70000000
2026-08-18 08:42:46,107 | INFO | crypto_bot | TRADE pair=ROBO-USDT time=2026-08-18T08:42:46.050000+00:00 price=0.01375000 size=220.30000000
2026-08-18 08:42:53,316 | INFO | crypto_bot | TRADE pair=ROBO-USDT time=2026-08-18T08:42:53.259000+00:00 price=0.01376000 size=17397.70000000
2026-08-18 08:42:53,667 | INFO | crypto_bot | TRADE pair=ROBO-USDT time=2026-08-18T08:42:53.607000+00:00 price=0.01378000 size=619.20000000
2026-08-18 08:42:57,851 | INFO | crypto_bot | TRADE pair=ROBO-USDT time=2026-08-18T08:42:57.794000+00:00 price=0.01373000 size=618.50000000
2026-08-18 08:43:01,950 | INFO | crypto_bot | TRADE pair=ROBO-USDT time=2026-08-18T08:43:01.893000+00:00 price=0.01376000 size=616.50000000
2026-08-18 08:43:01,950 | INFO | crypto_bot | 1m CLOSED ts=2026-08-18T08:42:00+00:00 o=0.01369000 h=0.01378000 l=0.01369000 c=0.01373000 v=87995.20000000
2026-08-18 08:43:01,951 | INFO | crypto_bot | ENTRY signal=HOLD reason=trend_filter_not_passed meta={'regime': 'unknown'}
2026-08-18 08:43:02,852 | INFO | crypto_bot | TRADE pair=ROBO-USDT time=2026-08-18T08:43:02.795000+00:00 price=0.01373000 size=2614.80000000
2026-08-18 08:43:05,880 | INFO | crypto_bot | TRADE pair=ROBO-USDT time=2026-08-18T08:43:05.824000+00:00 price=0.01374000 size=615.90000000
2026-08-18 08:43:12,290 | INFO | crypto_bot | TRADE pair=ROBO-USDT time=2026-08-18T08:43:12.233000+00:00 price=0.01374000 size=17397.70000000
2026-08-18 08:43:31,035 | INFO | crypto_bot | TRADE pair=ROBO-USDT time=2026-08-18T08:43:30.978000+00:00 price=0.01374000 size=943.80000000
2026-08-18 08:43:33,933 | INFO | crypto_bot | TRADE pair=ROBO-USDT time=2026-08-18T08:43:33.876000+00:00 price=0.01377000 size=19042.80000000
2026-08-18 08:43:33,933 | INFO | crypto_bot | TRADE pair=ROBO-USDT time=2026-08-18T08:43:33.876000+00:00 price=0.01378000 size=36350.40000000
2026-08-18 08:43:33,933 | INFO | crypto_bot | TRADE pair=ROBO-USDT time=2026-08-18T08:43:33.876000+00:00 price=0.01379000 size=1449.90000000
2026-08-18 08:43:33,933 | INFO | crypto_bot | TRADE pair=ROBO-USDT time=2026-08-18T08:43:33.876000+00:00 price=0.01380000 size=878.80000000
2026-08-18 08:43:33,934 | INFO | crypto_bot | TRADE pair=ROBO-USDT time=2026-08-18T08:43:33.877000+00:00 price=0.01381000 size=3153.10000000
2026-08-18 08:43:33,934 | INFO | crypto_bot | TRADE pair=ROBO-USDT time=2026-08-18T08:43:33.877000+00:00 price=0.01381000 size=24861.30000000
2026-08-18 08:43:33,937 | INFO | crypto_bot | TRADE pair=ROBO-USDT time=2026-08-18T08:43:33.880000+00:00 price=0.01380000 size=4226.20000000
2026-08-18 08:43:33,937 | INFO | crypto_bot | TRADE pair=ROBO-USDT time=2026-08-18T08:43:33.880000+00:00 price=0.01380000 size=20000.00000000
2026-08-18 08:43:33,937 | INFO | crypto_bot | TRADE pair=ROBO-USDT time=2026-08-18T08:43:33.881000+00:00 price=0.01380000 size=6834.80000000
2026-08-18 08:43:33,938 | INFO | crypto_bot | TRADE pair=ROBO-USDT time=2026-08-18T08:43:33.881000+00:00 price=0.01380000 size=4991.90000000
2026-08-18 08:43:33,938 | INFO | crypto_bot | TRADE pair=ROBO-USDT time=2026-08-18T08:43:33.882000+00:00 price=0.01380000 size=290.80000000
2026-08-18 08:43:33,939 | INFO | crypto_bot | TRADE pair=ROBO-USDT time=2026-08-18T08:43:33.882000+00:00 price=0.01380000 size=5681.60000000
2026-08-18 08:43:33,972 | INFO | crypto_bot | TRADE pair=ROBO-USDT time=2026-08-18T08:43:33.906000+00:00 price=0.01382000 size=17922.60000000
2026-08-18 08:43:33,972 | INFO | crypto_bot | TRADE pair=ROBO-USDT time=2026-08-18T08:43:33.906000+00:00 price=0.01378000 size=4226.20000000
2026-08-18 08:43:33,973 | INFO | crypto_bot | TRADE pair=ROBO-USDT time=2026-08-18T08:43:33.914000+00:00 price=0.01381000 size=6254.00000000
2026-08-18 08:43:34,005 | INFO | crypto_bot | TRADE pair=ROBO-USDT time=2026-08-18T08:43:33.949000+00:00 price=0.01379000 size=17397.70000000
2026-08-18 08:43:34,007 | INFO | crypto_bot | TRADE pair=ROBO-USDT time=2026-08-18T08:43:33.950000+00:00 price=0.01379000 size=21654.60000000
2026-08-18 08:43:34,053 | INFO | crypto_bot | TRADE pair=ROBO-USDT time=2026-08-18T08:43:33.997000+00:00 price=0.01378000 size=18994.20000000
2026-08-18 08:43:34,147 | INFO | crypto_bot | TRADE pair=ROBO-USDT time=2026-08-18T08:43:34.090000+00:00 price=0.01379000 size=34348.30000000
2026-08-18 08:43:34,147 | INFO | crypto_bot | TRADE pair=ROBO-USDT time=2026-08-18T08:43:34.090000+00:00 price=0.01380000 size=19426.40000000
2026-08-18 08:43:34,197 | INFO | crypto_bot | TRADE pair=ROBO-USDT time=2026-08-18T08:43:34.140000+00:00 price=0.01379000 size=1454.00000000
2026-08-18 08:43:34,198 | INFO | crypto_bot | TRADE pair=ROBO-USDT time=2026-08-18T08:43:34.140000+00:00 price=0.01379000 size=1449.90000000
2026-08-18 08:43:34,198 | INFO | crypto_bot | TRADE pair=ROBO-USDT time=2026-08-18T08:43:34.141000+00:00 price=0.01379000 size=1453.40000000
2026-08-18 08:43:34,200 | INFO | crypto_bot | TRADE pair=ROBO-USDT time=2026-08-18T08:43:34.144000+00:00 price=0.01379000 size=1227.00000000
2026-08-18 08:43:34,202 | INFO | crypto_bot | TRADE pair=ROBO-USDT time=2026-08-18T08:43:34.146000+00:00 price=0.01379000 size=1447.00000000
2026-08-18 08:43:34,209 | INFO | crypto_bot | TRADE pair=ROBO-USDT time=2026-08-18T08:43:34.153000+00:00 price=0.01379000 size=1449.00000000
2026-08-18 08:43:34,216 | INFO | crypto_bot | TRADE pair=ROBO-USDT time=2026-08-18T08:43:34.159000+00:00 price=0.01379000 size=1134.50000000
2026-08-18 08:43:34,226 | INFO | crypto_bot | TRADE pair=ROBO-USDT time=2026-08-18T08:43:34.169000+00:00 price=0.01380000 size=1321.90000000
2026-08-18 08:43:34,334 | INFO | crypto_bot | TRADE pair=ROBO-USDT time=2026-08-18T08:43:34.277000+00:00 price=0.01379000 size=2832.70000000
2026-08-18 08:43:34,335 | INFO | crypto_bot | TRADE pair=ROBO-USDT time=2026-08-18T08:43:34.278000+00:00 price=0.01379000 size=1450.00000000
2026-08-18 08:43:40,984 | INFO | crypto_bot | TRADE pair=ROBO-USDT time=2026-08-18T08:43:40.924000+00:00 price=0.01380000 size=322.40000000
2026-08-18 08:43:45,587 | INFO | crypto_bot | TRADE pair=ROBO-USDT time=2026-08-18T08:43:45.530000+00:00 price=0.01380000 size=8983.80000000
2026-08-18 08:43:48,823 | INFO | crypto_bot | TRADE pair=ROBO-USDT time=2026-08-18T08:43:48.766000+00:00 price=0.01379000 size=2430.00000000
2026-08-18 08:43:48,931 | INFO | crypto_bot | TRADE pair=ROBO-USDT time=2026-08-18T08:43:48.874000+00:00 price=0.01380000 size=17502.90000000
2026-08-18 08:43:49,852 | INFO | crypto_bot | TRADE pair=ROBO-USDT time=2026-08-18T08:43:49.795000+00:00 price=0.01379000 size=21975.20000000
2026-08-18 08:43:49,853 | INFO | crypto_bot | TRADE pair=ROBO-USDT time=2026-08-18T08:43:49.795000+00:00 price=0.01378000 size=33232.60000000
2026-08-18 08:43:49,859 | INFO | crypto_bot | TRADE pair=ROBO-USDT time=2026-08-18T08:43:49.802000+00:00 price=0.01380000 size=3479.50000000
2026-08-18 08:43:50,428 | INFO | crypto_bot | TRADE pair=ROBO-USDT time=2026-08-18T08:43:50.371000+00:00 price=0.01381000 size=9349.70000000
2026-08-18 08:43:53,605 | INFO | crypto_bot | TRADE pair=ROBO-USDT time=2026-08-18T08:43:53.548000+00:00 price=0.01376000 size=53388.70000000
2026-08-18 08:43:57,537 | INFO | crypto_bot | TRADE pair=ROBO-USDT time=2026-08-18T08:43:57.480000+00:00 price=0.01376000 size=17397.70000000
2026-08-18 08:43:57,538 | INFO | crypto_bot | TRADE pair=ROBO-USDT time=2026-08-18T08:43:57.480000+00:00 price=0.01375000 size=43869.40000000
2026-08-18 08:44:02,726 | INFO | crypto_bot | TRADE pair=ROBO-USDT time=2026-08-18T08:44:02.669000+00:00 price=0.01373000 size=15076.50000000
2026-08-18 08:44:02,727 | INFO | crypto_bot | 1m CLOSED ts=2026-08-18T08:43:00+00:00 o=0.01376000 h=0.01382000 l=0.01373000 c=0.01375000 v=517325.60000000
2026-08-18 08:44:02,727 | INFO | crypto_bot | ENTRY signal=HOLD reason=trend_filter_not_passed meta={'regime': 'unknown'}
2026-08-18 08:44:02,741 | INFO | crypto_bot | TRADE pair=ROBO-USDT time=2026-08-18T08:44:02.684000+00:00 price=0.01371000 size=1454.50000000
2026-08-18 08:44:02,966 | INFO | crypto_bot | TRADE pair=ROBO-USDT time=2026-08-18T08:44:02.909000+00:00 price=0.01370000 size=880.60000000
2026-08-18 08:44:05,976 | INFO | crypto_bot | TRADE pair=ROBO-USDT time=2026-08-18T08:44:05.919000+00:00 price=0.01371000 size=230.10000000
2026-08-18 08:44:08,557 | INFO | crypto_bot | TRADE pair=ROBO-USDT time=2026-08-18T08:44:08.500000+00:00 price=0.01373000 size=615.70000000
2026-08-18 08:44:12,980 | INFO | crypto_bot | TRADE pair=ROBO-USDT time=2026-08-18T08:44:12.923000+00:00 price=0.01372000 size=615.10000000
2026-08-18 08:44:16,948 | INFO | crypto_bot | TRADE pair=ROBO-USDT time=2026-08-18T08:44:16.891000+00:00 price=0.01374000 size=613.60000000
2026-08-18 08:44:20,548 | INFO | crypto_bot | TRADE pair=ROBO-USDT time=2026-08-18T08:44:20.491000+00:00 price=0.01372000 size=5345.10000000
2026-08-18 08:44:21,057 | INFO | crypto_bot | TRADE pair=ROBO-USDT time=2026-08-18T08:44:21+00:00 price=0.01371000 size=613.00000000
2026-08-18 08:44:24,334 | INFO | crypto_bot | TRADE pair=ROBO-USDT time=2026-08-18T08:44:24.277000+00:00 price=0.01371000 size=20923.70000000
2026-08-18 08:44:24,637 | INFO | crypto_bot | TRADE pair=ROBO-USDT time=2026-08-18T08:44:24.580000+00:00 price=0.01372000 size=17397.70000000
2026-08-18 08:44:30,406 | INFO | crypto_bot | TRADE pair=ROBO-USDT time=2026-08-18T08:44:30.349000+00:00 price=0.01372000 size=3880.20000000
2026-08-18 08:44:35,226 | INFO | crypto_bot | TRADE pair=ROBO-USDT time=2026-08-18T08:44:35.169000+00:00 price=0.01373000 size=17397.70000000
2026-08-18 08:44:36,238 | INFO | crypto_bot | TRADE pair=ROBO-USDT time=2026-08-18T08:44:36.181000+00:00 price=0.01374000 size=17397.70000000
2026-08-18 08:45:35,581 | INFO | crypto_bot | TRADE pair=ROBO-USDT time=2026-08-18T08:45:35.524000+00:00 price=0.01374000 size=36350.40000000
2026-08-18 08:45:35,582 | INFO | crypto_bot | 1m CLOSED ts=2026-08-18T08:44:00+00:00 o=0.01373000 h=0.01374000 l=0.01370000 c=0.01374000 v=102441.20000000
2026-08-18 08:45:35,582 | INFO | crypto_bot | ENTRY signal=HOLD reason=trend_filter_not_passed meta={'regime': 'unknown'}
2026-08-18 08:45:35,582 | INFO | crypto_bot | 5m CLOSED ts=2026-08-18T08:40:00+00:00 o=0.01365000 h=0.01382000 l=0.01363000 c=0.01374000 v=1174230.00000000
2026-08-18 08:45:35,582 | INFO | crypto_bot | TRADE pair=ROBO-USDT time=2026-08-18T08:45:35.524000+00:00 price=0.01373000 size=7024.40000000
2026-08-18 08:45:35,586 | INFO | crypto_bot | TRADE pair=ROBO-USDT time=2026-08-18T08:45:35.529000+00:00 price=0.01374000 size=15303.50000000
2026-08-18 08:45:40,906 | INFO | crypto_bot | TRADE pair=ROBO-USDT time=2026-08-18T08:45:40.849000+00:00 price=0.01373000 size=36363.60000000
2026-08-18 08:45:58,734 | INFO | crypto_bot | TRADE pair=ROBO-USDT time=2026-08-18T08:45:58.677000+00:00 price=0.01375000 size=26203.00000000
2026-08-18 08:45:58,735 | INFO | crypto_bot | TRADE pair=ROBO-USDT time=2026-08-18T08:45:58.678000+00:00 price=0.01376000 size=21758.60000000
2026-08-18 08:45:58,735 | INFO | crypto_bot | TRADE pair=ROBO-USDT time=2026-08-18T08:45:58.678000+00:00 price=0.01377000 size=12630.00000000
2026-08-18 08:45:58,736 | INFO | crypto_bot | TRADE pair=ROBO-USDT time=2026-08-18T08:45:58.678000+00:00 price=0.01377000 size=14748.30000000
2026-08-18 08:45:58,736 | INFO | crypto_bot | TRADE pair=ROBO-USDT time=2026-08-18T08:45:58.678000+00:00 price=0.01377000 size=5795.30000000
2026-08-18 08:45:58,736 | INFO | crypto_bot | TRADE pair=ROBO-USDT time=2026-08-18T08:45:58.678000+00:00 price=0.01378000 size=53774.50000000
2026-08-18 08:45:58,736 | INFO | crypto_bot | TRADE pair=ROBO-USDT time=2026-08-18T08:45:58.679000+00:00 price=0.01379000 size=37818.10000000
2026-08-18 08:45:58,739 | INFO | crypto_bot | TRADE pair=ROBO-USDT time=2026-08-18T08:45:58.682000+00:00 price=0.01379000 size=1957.60000000
2026-08-18 08:45:58,739 | INFO | crypto_bot | TRADE pair=ROBO-USDT time=2026-08-18T08:45:58.682000+00:00 price=0.01379000 size=1957.60000000
2026-08-18 08:45:58,741 | INFO | crypto_bot | TRADE pair=ROBO-USDT time=2026-08-18T08:45:58.685000+00:00 price=0.01378000 size=5290.50000000
2026-08-18 08:45:58,742 | INFO | crypto_bot | TRADE pair=ROBO-USDT time=2026-08-18T08:45:58.686000+00:00 price=0.01380000 size=13684.60000000
2026-08-18 08:45:58,743 | INFO | crypto_bot | TRADE pair=ROBO-USDT time=2026-08-18T08:45:58.687000+00:00 price=0.01379000 size=873.90000000
2026-08-18 08:45:59,003 | INFO | crypto_bot | TRADE pair=ROBO-USDT time=2026-08-18T08:45:58.946000+00:00 price=0.01380000 size=1454.50000000
2026-08-18 08:45:59,023 | INFO | crypto_bot | TRADE pair=ROBO-USDT time=2026-08-18T08:45:58.966000+00:00 price=0.01380000 size=2832.70000000
2026-08-18 08:45:59,071 | INFO | crypto_bot | TRADE pair=ROBO-USDT time=2026-08-18T08:45:59.008000+00:00 price=0.01380000 size=1453.40000000
2026-08-18 08:45:59,130 | INFO | crypto_bot | TRADE pair=ROBO-USDT time=2026-08-18T08:45:59.072000+00:00 price=0.01380000 size=1454.50000000
2026-08-18 08:45:59,135 | INFO | crypto_bot | TRADE pair=ROBO-USDT time=2026-08-18T08:45:59.078000+00:00 price=0.01380000 size=1451.00000000
2026-08-18 08:45:59,141 | INFO | crypto_bot | TRADE pair=ROBO-USDT time=2026-08-18T08:45:59.083000+00:00 price=0.01380000 size=1373.00000000
2026-08-18 08:45:59,573 | INFO | crypto_bot | TRADE pair=ROBO-USDT time=2026-08-18T08:45:59.516000+00:00 price=0.01378000 size=500.10000000
2026-08-18 08:47:26,344 | INFO | crypto_bot | TRADE pair=ROBO-USDT time=2026-08-18T08:47:26.286000+00:00 price=0.01377000 size=8291.80000000
2026-08-18 08:47:26,344 | INFO | crypto_bot | 1m CLOSED ts=2026-08-18T08:45:00+00:00 o=0.01374000 h=0.01380000 l=0.01373000 c=0.01378000 v=302053.10000000
2026-08-18 08:47:26,344 | INFO | crypto_bot | ENTRY signal=HOLD reason=trend_filter_not_passed meta={'regime': 'unknown'}
2026-08-18 08:47:26,345 | INFO | crypto_bot | TRADE pair=ROBO-USDT time=2026-08-18T08:47:26.286000+00:00 price=0.01377000 size=9105.90000000
2026-08-18 08:47:40,554 | INFO | crypto_bot | TRADE pair=ROBO-USDT time=2026-08-18T08:47:40.497000+00:00 price=0.01376000 size=9678.80000000
2026-08-18 08:47:42,703 | INFO | crypto_bot | TRADE pair=ROBO-USDT time=2026-08-18T08:47:42.646000+00:00 price=0.01375000 size=4039.80000000
2026-08-18 08:47:45,881 | INFO | crypto_bot | TRADE pair=ROBO-USDT time=2026-08-18T08:47:45.824000+00:00 price=0.01375000 size=4039.80000000
2026-08-18 08:47:46,811 | INFO | crypto_bot | TRADE pair=ROBO-USDT time=2026-08-18T08:47:46.754000+00:00 price=0.01373000 size=36337.20000000
2026-08-18 08:47:46,811 | INFO | crypto_bot | TRADE pair=ROBO-USDT time=2026-08-18T08:47:46.754000+00:00 price=0.01372000 size=1453.40000000
2026-08-18 08:48:38,558 | INFO | crypto_bot | TRADE pair=ROBO-USDT time=2026-08-18T08:48:38.501000+00:00 price=0.01374000 size=4039.80000000
2026-08-18 08:48:38,559 | INFO | crypto_bot | 1m CLOSED ts=2026-08-18T08:47:00+00:00 o=0.01377000 h=0.01377000 l=0.01372000 c=0.01372000 v=72946.70000000
2026-08-18 08:48:38,559 | INFO | crypto_bot | ENTRY signal=HOLD reason=trend_filter_not_passed meta={'regime': 'unknown'}
2026-08-18 08:49:14,216 | INFO | crypto_bot | TRADE pair=ROBO-USDT time=2026-08-18T08:49:14.159000+00:00 price=0.01373000 size=4039.80000000
2026-08-18 08:49:14,216 | INFO | crypto_bot | 1m CLOSED ts=2026-08-18T08:48:00+00:00 o=0.01374000 h=0.01374000 l=0.01374000 c=0.01374000 v=4039.80000000
2026-08-18 08:49:14,216 | INFO | crypto_bot | ENTRY signal=HOLD reason=trend_filter_not_passed meta={'regime': 'unknown'}
2026-08-18 08:49:26,525 | INFO | crypto_bot | TRADE pair=ROBO-USDT time=2026-08-18T08:49:26.467000+00:00 price=0.01370000 size=880.60000000
2026-08-18 08:49:28,098 | INFO | crypto_bot | TRADE pair=ROBO-USDT time=2026-08-18T08:49:28.041000+00:00 price=0.01369000 size=113.60000000
2026-08-18 08:49:28,107 | INFO | crypto_bot | TRADE pair=ROBO-USDT time=2026-08-18T08:49:28.050000+00:00 price=0.01367000 size=1458.70000000
2026-08-18 08:49:30,412 | INFO | crypto_bot | TRADE pair=ROBO-USDT time=2026-08-18T08:49:30.355000+00:00 price=0.01367000 size=4039.80000000
2026-08-18 08:49:30,412 | INFO | crypto_bot | TRADE pair=ROBO-USDT time=2026-08-18T08:49:30.355000+00:00 price=0.01366000 size=10506.90000000
2026-08-18 08:49:35,140 | INFO | crypto_bot | TRADE pair=ROBO-USDT time=2026-08-18T08:49:35.082000+00:00 price=0.01365000 size=43659.70000000
2026-08-18 08:49:36,078 | INFO | crypto_bot | TRADE pair=ROBO-USDT time=2026-08-18T08:49:36.021000+00:00 price=0.01366000 size=26265.00000000
2026-08-18 08:49:50,949 | INFO | crypto_bot | TRADE pair=ROBO-USDT time=2026-08-18T08:49:50.892000+00:00 price=0.01370000 size=43985.50000000
2026-08-18 08:49:50,950 | INFO | crypto_bot | TRADE pair=ROBO-USDT time=2026-08-18T08:49:50.893000+00:00 price=0.01370000 size=19479.00000000
2026-08-18 08:49:51,839 | INFO | crypto_bot | TRADE pair=ROBO-USDT time=2026-08-18T08:49:51.781000+00:00 price=0.01368000 size=17883.30000000
2026-08-18 08:49:51,839 | INFO | crypto_bot | TRADE pair=ROBO-USDT time=2026-08-18T08:49:51.782000+00:00 price=0.01366000 size=9267.00000000
2026-08-18 08:49:51,839 | INFO | crypto_bot | TRADE pair=ROBO-USDT time=2026-08-18T08:49:51.782000+00:00 price=0.01366000 size=27269.30000000
2026-08-18 08:49:51,839 | INFO | crypto_bot | TRADE pair=ROBO-USDT time=2026-08-18T08:49:51.782000+00:00 price=0.01365000 size=21460.90000000
2026-08-18 08:49:51,851 | INFO | crypto_bot | TRADE pair=ROBO-USDT time=2026-08-18T08:49:51.795000+00:00 price=0.01366000 size=4257.90000000
2026-08-18 08:49:52,272 | INFO | crypto_bot | TRADE pair=ROBO-USDT time=2026-08-18T08:49:52.215000+00:00 price=0.01364000 size=4039.80000000
2026-08-18 08:49:52,272 | INFO | crypto_bot | TRADE pair=ROBO-USDT time=2026-08-18T08:49:52.215000+00:00 price=0.01363000 size=24889.60000000
2026-08-18 08:49:59,854 | INFO | crypto_bot | TRADE pair=ROBO-USDT time=2026-08-18T08:49:59.797000+00:00 price=0.01364000 size=17397.70000000
2026-08-18 08:50:13,134 | INFO | crypto_bot | TRADE pair=ROBO-USDT time=2026-08-18T08:50:13.076000+00:00 price=0.01364000 size=65913.00000000
2026-08-18 08:50:13,134 | INFO | crypto_bot | 1m CLOSED ts=2026-08-18T08:49:00+00:00 o=0.01373000 h=0.01373000 l=0.01363000 c=0.01364000 v=280894.10000000
2026-08-18 08:50:13,134 | INFO | crypto_bot | ENTRY signal=HOLD reason=trend_filter_not_passed meta={'regime': 'unknown'}
2026-08-18 08:50:13,134 | INFO | crypto_bot | 5m CLOSED ts=2026-08-18T08:45:00+00:00 o=0.01374000 h=0.01380000 l=0.01363000 c=0.01364000 v=659933.70000000
2026-08-18 08:50:13,135 | INFO | crypto_bot | TRADE pair=ROBO-USDT time=2026-08-18T08:50:13.076000+00:00 price=0.01363000 size=17397.70000000
2026-08-18 08:50:13,135 | INFO | crypto_bot | TRADE pair=ROBO-USDT time=2026-08-18T08:50:13.076000+00:00 price=0.01362000 size=19169.60000000
2026-08-18 08:50:13,135 | INFO | crypto_bot | TRADE pair=ROBO-USDT time=2026-08-18T08:50:13.076000+00:00 price=0.01361000 size=28375.70000000
2026-08-18 08:50:13,135 | INFO | crypto_bot | TRADE pair=ROBO-USDT time=2026-08-18T08:50:13.076000+00:00 price=0.01361000 size=159.20000000
2026-08-18 08:50:13,135 | INFO | crypto_bot | TRADE pair=ROBO-USDT time=2026-08-18T08:50:13.076000+00:00 price=0.01360000 size=1654.70000000
2026-08-18 08:50:13,136 | INFO | crypto_bot | TRADE pair=ROBO-USDT time=2026-08-18T08:50:13.078000+00:00 price=0.01360000 size=1470.80000000
2026-08-18 08:50:13,136 | INFO | crypto_bot | TRADE pair=ROBO-USDT time=2026-08-18T08:50:13.078000+00:00 price=0.01359000 size=11139.40000000
2026-08-18 08:50:13,138 | INFO | crypto_bot | TRADE pair=ROBO-USDT time=2026-08-18T08:50:13.081000+00:00 price=0.01361000 size=4271.50000000
2026-08-18 08:50:13,141 | INFO | crypto_bot | TRADE pair=ROBO-USDT time=2026-08-18T08:50:13.084000+00:00 price=0.01361000 size=12606.50000000
2026-08-18 08:50:13,197 | INFO | crypto_bot | TRADE pair=ROBO-USDT time=2026-08-18T08:50:13.141000+00:00 price=0.01362000 size=17397.70000000
2026-08-18 08:50:13,797 | INFO | crypto_bot | TRADE pair=ROBO-USDT time=2026-08-18T08:50:13.741000+00:00 price=0.01362000 size=17397.70000000
2026-08-18 08:50:13,869 | INFO | crypto_bot | TRADE pair=ROBO-USDT time=2026-08-18T08:50:13.806000+00:00 price=0.01362000 size=17397.70000000
2026-08-18 08:50:13,869 | INFO | crypto_bot | TRADE pair=ROBO-USDT time=2026-08-18T08:50:13.808000+00:00 price=0.01362000 size=17397.70000000
2026-08-18 08:50:13,935 | INFO | crypto_bot | TRADE pair=ROBO-USDT time=2026-08-18T08:50:13.879000+00:00 price=0.01362000 size=17397.70000000
2026-08-18 08:50:15,115 | INFO | crypto_bot | TRADE pair=ROBO-USDT time=2026-08-18T08:50:15.059000+00:00 price=0.01362000 size=17397.70000000
2026-08-18 08:50:18,290 | INFO | crypto_bot | TRADE pair=ROBO-USDT time=2026-08-18T08:50:18.233000+00:00 price=0.01362000 size=105202.70000000
2026-08-18 08:50:30,855 | INFO | crypto_bot | TRADE pair=ROBO-USDT time=2026-08-18T08:50:30.798000+00:00 price=0.01364000 size=15857.40000000
2026-08-18 08:50:35,223 | INFO | crypto_bot | TRADE pair=ROBO-USDT time=2026-08-18T08:50:35.166000+00:00 price=0.01365000 size=14043.20000000
2026-08-18 08:50:35,224 | INFO | crypto_bot | TRADE pair=ROBO-USDT time=2026-08-18T08:50:35.166000+00:00 price=0.01366000 size=46324.50000000
2026-08-18 08:50:35,227 | INFO | crypto_bot | TRADE pair=ROBO-USDT time=2026-08-18T08:50:35.170000+00:00 price=0.01365000 size=950.70000000
2026-08-18 08:50:35,227 | INFO | crypto_bot | TRADE pair=ROBO-USDT time=2026-08-18T08:50:35.170000+00:00 price=0.01365000 size=950.70000000
2026-08-18 08:50:35,227 | INFO | crypto_bot | TRADE pair=ROBO-USDT time=2026-08-18T08:50:35.171000+00:00 price=0.01365000 size=2361.80000000
2026-08-18 08:50:42,336 | INFO | crypto_bot | TRADE pair=ROBO-USDT time=2026-08-18T08:50:42.279000+00:00 price=0.01365000 size=3403.00000000
2026-08-18 08:50:42,337 | INFO | crypto_bot | TRADE pair=ROBO-USDT time=2026-08-18T08:50:42.279000+00:00 price=0.01365000 size=8986.20000000
2026-08-18 08:50:42,337 | INFO | crypto_bot | TRADE pair=ROBO-USDT time=2026-08-18T08:50:42.280000+00:00 price=0.01366000 size=13855.90000000
2026-08-18 08:51:00,882 | INFO | crypto_bot | TRADE pair=ROBO-USDT time=2026-08-18T08:51:00.825000+00:00 price=0.01366000 size=2197.40000000
2026-08-18 08:51:00,882 | INFO | crypto_bot | 1m CLOSED ts=2026-08-18T08:50:00+00:00 o=0.01364000 h=0.01366000 l=0.01359000 c=0.01366000 v=478480.40000000
2026-08-18 08:51:00,882 | INFO | crypto_bot | ENTRY signal=HOLD reason=trend_filter_not_passed meta={'regime': 'unknown'}
2026-08-18 08:51:01,823 | INFO | crypto_bot | TRADE pair=ROBO-USDT time=2026-08-18T08:51:01.766000+00:00 price=0.01366000 size=2236.40000000
2026-08-18 08:51:06,268 | INFO | crypto_bot | TRADE pair=ROBO-USDT time=2026-08-18T08:51:06.211000+00:00 price=0.01366000 size=17397.70000000
2026-08-18 08:51:06,269 | INFO | crypto_bot | TRADE pair=ROBO-USDT time=2026-08-18T08:51:06.211000+00:00 price=0.01365000 size=34289.20000000
2026-08-18 08:51:06,269 | INFO | crypto_bot | TRADE pair=ROBO-USDT time=2026-08-18T08:51:06.211000+00:00 price=0.01365000 size=3770.70000000
2026-08-18 08:51:06,276 | INFO | crypto_bot | TRADE pair=ROBO-USDT time=2026-08-18T08:51:06.219000+00:00 price=0.01365000 size=30053.00000000
2026-08-18 08:51:06,899 | INFO | crypto_bot | TRADE pair=ROBO-USDT time=2026-08-18T08:51:06.842000+00:00 price=0.01366000 size=16442.00000000
2026-08-18 08:51:51,199 | INFO | crypto_bot | TRADE pair=ROBO-USDT time=2026-08-18T08:51:51.142000+00:00 price=0.01364000 size=13201.00000000
2026-08-18 08:52:22,950 | INFO | crypto_bot | TRADE pair=ROBO-USDT time=2026-08-18T08:52:22.893000+00:00 price=0.01365000 size=17397.70000000
2026-08-18 08:52:22,951 | INFO | crypto_bot | 1m CLOSED ts=2026-08-18T08:51:00+00:00 o=0.01366000 h=0.01366000 l=0.01364000 c=0.01364000 v=119587.40000000
2026-08-18 08:52:22,951 | INFO | crypto_bot | ENTRY signal=HOLD reason=trend_filter_not_passed meta={'regime': 'unknown'}
2026-08-18 08:52:32,597 | INFO | crypto_bot | TRADE pair=ROBO-USDT time=2026-08-18T08:52:32.541000+00:00 price=0.01365000 size=22926.80000000
2026-08-18 08:52:45,214 | INFO | crypto_bot | TRADE pair=ROBO-USDT time=2026-08-18T08:52:45.157000+00:00 price=0.01365000 size=17397.70000000
2026-08-18 08:52:45,540 | INFO | crypto_bot | TRADE pair=ROBO-USDT time=2026-08-18T08:52:45.484000+00:00 price=0.01365000 size=802.70000000
2026-08-18 08:52:54,371 | INFO | crypto_bot | TRADE pair=ROBO-USDT time=2026-08-18T08:52:54.304000+00:00 price=0.01365000 size=16595.00000000
2026-08-18 08:53:14,299 | INFO | crypto_bot | TRADE pair=ROBO-USDT time=2026-08-18T08:53:14.242000+00:00 price=0.01363000 size=17397.70000000
2026-08-18 08:53:14,299 | INFO | crypto_bot | 1m CLOSED ts=2026-08-18T08:52:00+00:00 o=0.01365000 h=0.01365000 l=0.01365000 c=0.01365000 v=75119.90000000
2026-08-18 08:53:14,299 | INFO | crypto_bot | ENTRY signal=HOLD reason=trend_filter_not_passed meta={'regime': 'unknown'}
2026-08-18 08:53:24,340 | INFO | crypto_bot | TRADE pair=ROBO-USDT time=2026-08-18T08:53:24.283000+00:00 price=0.01359000 size=1215.00000000
2026-08-18 08:53:24,340 | INFO | crypto_bot | TRADE pair=ROBO-USDT time=2026-08-18T08:53:24.283000+00:00 price=0.01359000 size=59022.20000000
2026-08-18 08:53:24,351 | INFO | crypto_bot | TRADE pair=ROBO-USDT time=2026-08-18T08:53:24.294000+00:00 price=0.01359000 size=180.30000000
2026-08-18 08:53:24,396 | INFO | crypto_bot | TRADE pair=ROBO-USDT time=2026-08-18T08:53:24.338000+00:00 price=0.01359000 size=1298.60000000
2026-08-18 08:54:13,884 | INFO | crypto_bot | TRADE pair=ROBO-USDT time=2026-08-18T08:54:13.826000+00:00 price=0.01362000 size=54174.90000000
2026-08-18 08:54:13,884 | INFO | crypto_bot | 1m CLOSED ts=2026-08-18T08:53:00+00:00 o=0.01363000 h=0.01363000 l=0.01359000 c=0.01359000 v=79113.80000000
2026-08-18 08:54:13,884 | INFO | crypto_bot | ENTRY signal=HOLD reason=trend_filter_not_passed meta={'regime': 'unknown'}
2026-08-18 08:54:13,885 | INFO | crypto_bot | TRADE pair=ROBO-USDT time=2026-08-18T08:54:13.826000+00:00 price=0.01361000 size=1466.20000000
2026-08-18 08:54:13,885 | INFO | crypto_bot | TRADE pair=ROBO-USDT time=2026-08-18T08:54:13.827000+00:00 price=0.01360000 size=35914.70000000
2026-08-18 08:54:13,887 | INFO | crypto_bot | TRADE pair=ROBO-USDT time=2026-08-18T08:54:13.830000+00:00 price=0.01358000 size=1473.10000000
2026-08-18 08:54:13,887 | INFO | crypto_bot | TRADE pair=ROBO-USDT time=2026-08-18T08:54:13.830000+00:00 price=0.01357000 size=1466.20000000
2026-08-18 08:54:13,889 | INFO | crypto_bot | TRADE pair=ROBO-USDT time=2026-08-18T08:54:13.832000+00:00 price=0.01359000 size=2060.30000000
2026-08-18 08:54:13,889 | INFO | crypto_bot | TRADE pair=ROBO-USDT time=2026-08-18T08:54:13.832000+00:00 price=0.01359000 size=2060.30000000
2026-08-18 08:54:13,890 | INFO | crypto_bot | TRADE pair=ROBO-USDT time=2026-08-18T08:54:13.833000+00:00 price=0.01359000 size=2060.30000000
2026-08-18 08:54:13,890 | INFO | crypto_bot | TRADE pair=ROBO-USDT time=2026-08-18T08:54:13.834000+00:00 price=0.01359000 size=2060.30000000
2026-08-18 08:54:13,894 | INFO | crypto_bot | TRADE pair=ROBO-USDT time=2026-08-18T08:54:13.836000+00:00 price=0.01359000 size=11131.10000000
2026-08-18 08:54:13,894 | INFO | crypto_bot | TRADE pair=ROBO-USDT time=2026-08-18T08:54:13.836000+00:00 price=0.01359000 size=153.80000000
2026-08-18 08:54:13,894 | INFO | crypto_bot | TRADE pair=ROBO-USDT time=2026-08-18T08:54:13.837000+00:00 price=0.01357000 size=10637.00000000
2026-08-18 08:54:13,901 | INFO | crypto_bot | TRADE pair=ROBO-USDT time=2026-08-18T08:54:13.844000+00:00 price=0.01359000 size=4273.50000000
2026-08-18 08:54:13,913 | INFO | crypto_bot | TRADE pair=ROBO-USDT time=2026-08-18T08:54:13.845000+00:00 price=0.01359000 size=1222.00000000
2026-08-18 08:54:14,933 | INFO | crypto_bot | TRADE pair=ROBO-USDT time=2026-08-18T08:54:14.876000+00:00 price=0.01357000 size=4226.20000000
2026-08-18 08:54:26,057 | INFO | crypto_bot | TRADE pair=ROBO-USDT time=2026-08-18T08:54:26+00:00 price=0.01359000 size=17397.70000000
2026-08-18 08:54:38,008 | INFO | crypto_bot | TRADE pair=ROBO-USDT time=2026-08-18T08:54:37.951000+00:00 price=0.01359000 size=2939.30000000
2026-08-18 08:54:38,008 | INFO | crypto_bot | TRADE pair=ROBO-USDT time=2026-08-18T08:54:37.951000+00:00 price=0.01358000 size=27396.00000000
2026-08-18 08:54:38,008 | INFO | crypto_bot | TRADE pair=ROBO-USDT time=2026-08-18T08:54:37.951000+00:00 price=0.01357000 size=54162.40000000
2026-08-18 08:54:38,009 | INFO | crypto_bot | TRADE pair=ROBO-USDT time=2026-08-18T08:54:37.952000+00:00 price=0.01356000 size=3054.60000000
2026-08-18 08:54:38,015 | INFO | crypto_bot | TRADE pair=ROBO-USDT time=2026-08-18T08:54:37.958000+00:00 price=0.01356000 size=4039.80000000
2026-08-18 08:54:38,015 | INFO | crypto_bot | TRADE pair=ROBO-USDT time=2026-08-18T08:54:37.958000+00:00 price=0.01357000 size=235.00000000
2026-08-18 08:54:38,086 | INFO | crypto_bot | TRADE pair=ROBO-USDT time=2026-08-18T08:54:38.029000+00:00 price=0.01356000 size=694.00000000
2026-08-18 08:55:24,313 | INFO | crypto_bot | TRADE pair=ROBO-USDT time=2026-08-18T08:55:24.256000+00:00 price=0.01353000 size=237.50000000
2026-08-18 08:55:24,314 | INFO | crypto_bot | 1m CLOSED ts=2026-08-18T08:54:00+00:00 o=0.01362000 h=0.01362000 l=0.01356000 c=0.01356000 v=244298.70000000
2026-08-18 08:55:24,314 | INFO | crypto_bot | ENTRY signal=HOLD reason=trend_filter_not_passed meta={'regime': 'unknown'}
2026-08-18 08:55:24,314 | INFO | crypto_bot | 5m CLOSED ts=2026-08-18T08:50:00+00:00 o=0.01364000 h=0.01366000 l=0.01356000 c=0.01356000 v=996600.20000000
2026-08-18 08:55:24,314 | INFO | crypto_bot | TRADE pair=ROBO-USDT time=2026-08-18T08:55:24.256000+00:00 price=0.01352000 size=1474.90000000
2026-08-18 08:55:24,325 | INFO | crypto_bot | TRADE pair=ROBO-USDT time=2026-08-18T08:55:24.269000+00:00 price=0.01353000 size=147.00000000
2026-08-18 08:55:48,684 | INFO | crypto_bot | TRADE pair=ROBO-USDT time=2026-08-18T08:55:48.627000+00:00 price=0.01351000 size=809.50000000
2026-08-18 08:56:37,013 | INFO | crypto_bot | TRADE pair=ROBO-USDT time=2026-08-18T08:56:36.957000+00:00 price=0.01354000 size=8974.90000000
2026-08-18 08:56:37,014 | INFO | crypto_bot | 1m CLOSED ts=2026-08-18T08:55:00+00:00 o=0.01353000 h=0.01353000 l=0.01351000 c=0.01351000 v=2668.90000000
2026-08-18 08:56:37,014 | INFO | crypto_bot | ENTRY signal=HOLD reason=trend_filter_not_passed meta={'regime': 'unknown'}
2026-08-18 08:57:26,087 | INFO | crypto_bot | TRADE pair=ROBO-USDT time=2026-08-18T08:57:26.030000+00:00 price=0.01354000 size=17397.70000000
2026-08-18 08:57:26,087 | INFO | crypto_bot | 1m CLOSED ts=2026-08-18T08:56:00+00:00 o=0.01354000 h=0.01354000 l=0.01354000 c=0.01354000 v=8974.90000000
2026-08-18 08:57:26,087 | INFO | crypto_bot | ENTRY signal=HOLD reason=trend_filter_not_passed meta={'regime': 'unknown'}
2026-08-18 08:57:51,066 | INFO | crypto_bot | TRADE pair=ROBO-USDT time=2026-08-18T08:57:51.007000+00:00 price=0.01355000 size=297.30000000
2026-08-18 08:58:00,426 | INFO | crypto_bot | TRADE pair=ROBO-USDT time=2026-08-18T08:58:00.369000+00:00 price=0.01356000 size=674.70000000
2026-08-18 08:58:00,426 | INFO | crypto_bot | 1m CLOSED ts=2026-08-18T08:57:00+00:00 o=0.01354000 h=0.01355000 l=0.01354000 c=0.01355000 v=17695.00000000
2026-08-18 08:58:00,427 | INFO | crypto_bot | ENTRY signal=HOLD reason=trend_filter_not_passed meta={'regime': 'unknown'}
2026-08-18 08:58:20,588 | INFO | crypto_bot | TRADE pair=ROBO-USDT time=2026-08-18T08:58:20.531000+00:00 price=0.01356000 size=6773.80000000
2026-08-18 09:00:28,372 | INFO | crypto_bot | TRADE pair=ROBO-USDT time=2026-08-18T09:00:28.315000+00:00 price=0.01360000 size=121.50000000
2026-08-18 09:00:28,372 | INFO | crypto_bot | 1m CLOSED ts=2026-08-18T08:58:00+00:00 o=0.01356000 h=0.01356000 l=0.01356000 c=0.01356000 v=7448.50000000
2026-08-18 09:00:28,372 | INFO | crypto_bot | ENTRY signal=HOLD reason=trend_filter_not_passed meta={'regime': 'unknown'}
2026-08-18 09:00:28,373 | INFO | crypto_bot | 5m CLOSED ts=2026-08-18T08:55:00+00:00 o=0.01353000 h=0.01356000 l=0.01351000 c=0.01356000 v=36787.30000000
2026-08-18 09:01:50,774 | INFO | crypto_bot | TRADE pair=ROBO-USDT time=2026-08-18T09:01:50.717000+00:00 price=0.01360000 size=788.30000000
2026-08-18 09:01:50,774 | INFO | crypto_bot | 1m CLOSED ts=2026-08-18T09:00:00+00:00 o=0.01360000 h=0.01360000 l=0.01360000 c=0.01360000 v=121.50000000
2026-08-18 09:01:50,774 | INFO | crypto_bot | ENTRY signal=HOLD reason=trend_filter_not_passed meta={'regime': 'unknown'}
2026-08-18 09:02:45,972 | INFO | crypto_bot | TRADE pair=ROBO-USDT time=2026-08-18T09:02:45.911000+00:00 price=0.01362000 size=4396.80000000
2026-08-18 09:02:45,972 | INFO | crypto_bot | 1m CLOSED ts=2026-08-18T09:01:00+00:00 o=0.01360000 h=0.01360000 l=0.01360000 c=0.01360000 v=788.30000000
2026-08-18 09:02:45,972 | INFO | crypto_bot | ENTRY signal=HOLD reason=trend_filter_not_passed meta={'regime': 'unknown'}
2026-08-18 09:02:46,543 | INFO | crypto_bot | TRADE pair=ROBO-USDT time=2026-08-18T09:02:46.486000+00:00 price=0.01362000 size=13114.40000000
2026-08-18 09:03:09,685 | INFO | crypto_bot | TRADE pair=ROBO-USDT time=2026-08-18T09:03:09.628000+00:00 price=0.01364000 size=17397.70000000
2026-08-18 09:03:09,685 | INFO | crypto_bot | 1m CLOSED ts=2026-08-18T09:02:00+00:00 o=0.01362000 h=0.01362000 l=0.01362000 c=0.01362000 v=17511.20000000
2026-08-18 09:03:09,685 | INFO | crypto_bot | ENTRY signal=HOLD reason=trend_filter_not_passed meta={'regime': 'unknown'}
2026-08-18 09:03:53,338 | INFO | crypto_bot | TRADE pair=ROBO-USDT time=2026-08-18T09:03:53.281000+00:00 price=0.01363000 size=2797.10000000
2026-08-18 09:03:54,196 | INFO | crypto_bot | TRADE pair=ROBO-USDT time=2026-08-18T09:03:54.139000+00:00 price=0.01359000 size=43831.70000000
2026-08-18 09:06:13,428 | INFO | crypto_bot | TRADE pair=ROBO-USDT time=2026-08-18T09:06:13.371000+00:00 price=0.01365000 size=56185.90000000
2026-08-18 09:06:13,429 | INFO | crypto_bot | 1m CLOSED ts=2026-08-18T09:03:00+00:00 o=0.01364000 h=0.01364000 l=0.01359000 c=0.01359000 v=64026.50000000
2026-08-18 09:06:13,429 | INFO | crypto_bot | ENTRY signal=HOLD reason=trend_filter_not_passed meta={'regime': 'unknown'}
2026-08-18 09:06:13,429 | INFO | crypto_bot | 5m CLOSED ts=2026-08-18T09:00:00+00:00 o=0.01360000 h=0.01364000 l=0.01359000 c=0.01359000 v=82447.50000000
2026-08-18 09:06:13,429 | INFO | crypto_bot | TRADE pair=ROBO-USDT time=2026-08-18T09:06:13.371000+00:00 price=0.01366000 size=45071.70000000
2026-08-18 09:06:13,430 | INFO | crypto_bot | TRADE pair=ROBO-USDT time=2026-08-18T09:06:13.371000+00:00 price=0.01367000 size=18612.70000000
2026-08-18 09:06:13,430 | INFO | crypto_bot | TRADE pair=ROBO-USDT time=2026-08-18T09:06:13.371000+00:00 price=0.01368000 size=26531.20000000
2026-08-18 09:07:03,528 | INFO | crypto_bot | TRADE pair=ROBO-USDT time=2026-08-18T09:07:03.471000+00:00 price=0.01362000 size=2794.30000000
2026-08-18 09:07:03,528 | INFO | crypto_bot | 1m CLOSED ts=2026-08-18T09:06:00+00:00 o=0.01365000 h=0.01368000 l=0.01365000 c=0.01368000 v=146401.50000000
2026-08-18 09:07:03,528 | INFO | crypto_bot | ENTRY signal=HOLD reason=trend_filter_not_passed meta={'regime': 'unknown'}
2026-08-18 09:09:40,817 | INFO | crypto_bot | TRADE pair=ROBO-USDT time=2026-08-18T09:09:40.760000+00:00 price=0.01363000 size=34479.10000000
2026-08-18 09:09:40,817 | INFO | crypto_bot | 1m CLOSED ts=2026-08-18T09:07:00+00:00 o=0.01362000 h=0.01362000 l=0.01362000 c=0.01362000 v=2794.30000000
2026-08-18 09:09:40,817 | INFO | crypto_bot | ENTRY signal=HOLD reason=trend_filter_not_passed meta={'regime': 'unknown'}
2026-08-18 09:10:36,077 | INFO | crypto_bot | TRADE pair=ROBO-USDT time=2026-08-18T09:10:36.020000+00:00 price=0.01361000 size=407.40000000
2026-08-18 09:10:36,077 | INFO | crypto_bot | 1m CLOSED ts=2026-08-18T09:09:00+00:00 o=0.01363000 h=0.01363000 l=0.01363000 c=0.01363000 v=34479.10000000
2026-08-18 09:10:36,077 | INFO | crypto_bot | ENTRY signal=HOLD reason=trend_filter_not_passed meta={'regime': 'unknown'}
2026-08-18 09:10:36,078 | INFO | crypto_bot | 5m CLOSED ts=2026-08-18T09:05:00+00:00 o=0.01365000 h=0.01368000 l=0.01362000 c=0.01363000 v=183674.90000000
2026-08-18 09:11:23,401 | INFO | crypto_bot | TRADE pair=ROBO-USDT time=2026-08-18T09:11:23.344000+00:00 price=0.01359000 size=415.90000000
2026-08-18 09:11:23,401 | INFO | crypto_bot | 1m CLOSED ts=2026-08-18T09:10:00+00:00 o=0.01361000 h=0.01361000 l=0.01361000 c=0.01361000 v=407.40000000
2026-08-18 09:11:23,401 | INFO | crypto_bot | ENTRY signal=HOLD reason=trend_filter_not_passed meta={'regime': 'unknown'}
2026-08-18 09:11:23,776 | INFO | crypto_bot | TRADE pair=ROBO-USDT time=2026-08-18T09:11:23.719000+00:00 price=0.01358000 size=6627.30000000
2026-08-18 09:11:23,797 | INFO | crypto_bot | TRADE pair=ROBO-USDT time=2026-08-18T09:11:23.741000+00:00 price=0.01359000 size=13782.10000000
2026-08-18 09:11:23,811 | INFO | crypto_bot | TRADE pair=ROBO-USDT time=2026-08-18T09:11:23.747000+00:00 price=0.01359000 size=4284.10000000
2026-08-18 09:11:26,541 | INFO | crypto_bot | TRADE pair=ROBO-USDT time=2026-08-18T09:11:26.484000+00:00 price=0.01360000 size=1215.00000000
2026-08-18 09:11:40,341 | INFO | crypto_bot | TRADE pair=ROBO-USDT time=2026-08-18T09:11:40.283000+00:00 price=0.01357000 size=5412.30000000
2026-08-18 09:11:52,584 | INFO | crypto_bot | TRADE pair=ROBO-USDT time=2026-08-18T09:11:52.527000+00:00 price=0.01357000 size=3721.10000000
2026-08-18 09:12:00,502 | INFO | crypto_bot | TRADE pair=ROBO-USDT time=2026-08-18T09:12:00.445000+00:00 price=0.01360000 size=2430.00000000
2026-08-18 09:12:00,502 | INFO | crypto_bot | 1m CLOSED ts=2026-08-18T09:11:00+00:00 o=0.01359000 h=0.01360000 l=0.01357000 c=0.01357000 v=35457.80000000
2026-08-18 09:12:00,503 | INFO | crypto_bot | ENTRY signal=HOLD reason=trend_filter_not_passed meta={'regime': 'unknown'}
2026-08-18 09:12:00,503 | INFO | crypto_bot | TRADE pair=ROBO-USDT time=2026-08-18T09:12:00.446000+00:00 price=0.01360000 size=9729.20000000
2026-08-18 09:14:05,050 | INFO | crypto_bot | TRADE pair=ROBO-USDT time=2026-08-18T09:14:04.993000+00:00 price=0.01361000 size=9747.40000000
2026-08-18 09:14:05,050 | INFO | crypto_bot | 1m CLOSED ts=2026-08-18T09:12:00+00:00 o=0.01360000 h=0.01360000 l=0.01360000 c=0.01360000 v=12159.20000000
2026-08-18 09:14:05,051 | INFO | crypto_bot | ENTRY signal=HOLD reason=trend_filter_not_passed meta={'regime': 'unknown'}
2026-08-18 09:16:07,857 | INFO | crypto_bot | TRADE pair=ROBO-USDT time=2026-08-18T09:16:07.800000+00:00 price=0.01360000 size=18776.70000000
2026-08-18 09:16:07,857 | INFO | crypto_bot | 1m CLOSED ts=2026-08-18T09:14:00+00:00 o=0.01361000 h=0.01361000 l=0.01361000 c=0.01361000 v=9747.40000000
2026-08-18 09:16:07,857 | INFO | crypto_bot | ENTRY signal=HOLD reason=trend_filter_not_passed meta={'regime': 'unknown'}
2026-08-18 09:16:07,858 | INFO | crypto_bot | 5m CLOSED ts=2026-08-18T09:10:00+00:00 o=0.01361000 h=0.01361000 l=0.01357000 c=0.01361000 v=57771.80000000
2026-08-18 09:16:28,735 | INFO | crypto_bot | TRADE pair=ROBO-USDT time=2026-08-18T09:16:28.678000+00:00 price=0.01359000 size=121.40000000
2026-08-18 09:16:32,482 | INFO | crypto_bot | WS event: {'event': 'notice', 'msg': 'The connection will soon be closed for a service upgrade. Please reconnect.', 'code': '64008', 'connId': '7fbf2bf5'}
2026-08-18 09:17:41,858 | ERROR | crypto_bot | WebSocket 连接异常: no close frame received or sent
Traceback (most recent call last):
  File "/home/ubuntu/crypto-trading-bot/app.py", line 382, in consume_public_ws
    async for raw in ws:
  File "/home/ubuntu/crypto-trading-bot/.venv/lib/python3.12/site-packages/websockets/asyncio/connection.py", line 236, in __aiter__
    yield await self.recv()
          ^^^^^^^^^^^^^^^^^
  File "/home/ubuntu/crypto-trading-bot/.venv/lib/python3.12/site-packages/websockets/asyncio/connection.py", line 316, in recv
    raise self.protocol.close_exc from self.recv_exc
websockets.exceptions.ConnectionClosedError: no close frame received or sent
2026-08-18 09:17:41,860 | INFO | crypto_bot | 将在 5 秒后重连...
2026-08-18 09:17:46,865 | INFO | crypto_bot | 连接 OKX Public WS: wss://ws.okx.com:8443/ws/v5/public
2026-08-18 09:17:47,270 | INFO | crypto_bot | 已订阅 ROBO-USDT trades
2026-08-18 09:17:47,379 | INFO | crypto_bot | WS event: {'event': 'subscribe', 'arg': {'channel': 'trades', 'instId': 'ROBO-USDT'}, 'connId': '4256390d'}
2026-08-18 09:18:16,257 | INFO | crypto_bot | TRADE pair=ROBO-USDT time=2026-08-18T09:18:16.203000+00:00 price=0.01356000 size=224.50000000
2026-08-18 09:18:16,257 | INFO | crypto_bot | 1m CLOSED ts=2026-08-18T09:16:00+00:00 o=0.01360000 h=0.01360000 l=0.01359000 c=0.01359000 v=18898.10000000
2026-08-18 09:18:16,257 | INFO | crypto_bot | ENTRY signal=HOLD reason=trend_filter_not_passed meta={'regime': 'unknown'}
2026-08-18 09:18:16,258 | INFO | crypto_bot | TRADE pair=ROBO-USDT time=2026-08-18T09:18:16.203000+00:00 price=0.01355000 size=3121.90000000
2026-08-18 09:19:35,876 | INFO | crypto_bot | TRADE pair=ROBO-USDT time=2026-08-18T09:19:35.822000+00:00 price=0.01354000 size=7015.40000000
2026-08-18 09:19:35,876 | INFO | crypto_bot | 1m CLOSED ts=2026-08-18T09:18:00+00:00 o=0.01356000 h=0.01356000 l=0.01355000 c=0.01355000 v=3346.40000000
2026-08-18 09:19:35,876 | INFO | crypto_bot | ENTRY signal=HOLD reason=trend_filter_not_passed meta={'regime': 'unknown'}
2026-08-18 09:20:31,565 | INFO | crypto_bot | TRADE pair=ROBO-USDT time=2026-08-18T09:20:31.512000+00:00 price=0.01353000 size=4576.00000000
2026-08-18 09:20:31,565 | INFO | crypto_bot | 1m CLOSED ts=2026-08-18T09:19:00+00:00 o=0.01354000 h=0.01354000 l=0.01354000 c=0.01354000 v=7015.40000000
2026-08-18 09:20:31,565 | INFO | crypto_bot | ENTRY signal=HOLD reason=trend_filter_not_passed meta={'regime': 'unknown'}
2026-08-18 09:20:31,566 | INFO | crypto_bot | 5m CLOSED ts=2026-08-18T09:15:00+00:00 o=0.01360000 h=0.01360000 l=0.01354000 c=0.01354000 v=29259.90000000
2026-08-18 09:22:02,326 | INFO | crypto_bot | TRADE pair=ROBO-USDT time=2026-08-18T09:22:02.273000+00:00 price=0.01358000 size=7313.30000000
2026-08-18 09:22:02,326 | INFO | crypto_bot | 1m CLOSED ts=2026-08-18T09:20:00+00:00 o=0.01353000 h=0.01353000 l=0.01353000 c=0.01353000 v=4576.00000000
2026-08-18 09:22:02,327 | INFO | crypto_bot | ENTRY signal=HOLD reason=trend_filter_not_passed meta={'regime': 'unknown'}
2026-08-18 09:23:10,393 | INFO | crypto_bot | TRADE pair=ROBO-USDT time=2026-08-18T09:23:10.339000+00:00 price=0.01358000 size=38244.10000000
2026-08-18 09:23:10,393 | INFO | crypto_bot | 1m CLOSED ts=2026-08-18T09:22:00+00:00 o=0.01358000 h=0.01358000 l=0.01358000 c=0.01358000 v=7313.30000000
2026-08-18 09:23:10,393 | INFO | crypto_bot | ENTRY signal=HOLD reason=trend_filter_not_passed meta={'regime': 'unknown'}
2026-08-18 09:23:10,394 | INFO | crypto_bot | TRADE pair=ROBO-USDT time=2026-08-18T09:23:10.339000+00:00 price=0.01357000 size=45351.30000000
2026-08-18 09:23:10,394 | INFO | crypto_bot | TRADE pair=ROBO-USDT time=2026-08-18T09:23:10.339000+00:00 price=0.01356000 size=30909.30000000
2026-08-18 09:23:10,394 | INFO | crypto_bot | TRADE pair=ROBO-USDT time=2026-08-18T09:23:10.339000+00:00 price=0.01355000 size=41561.30000000
2026-08-18 09:23:10,394 | INFO | crypto_bot | TRADE pair=ROBO-USDT time=2026-08-18T09:23:10.339000+00:00 price=0.01354000 size=43090.30000000
2026-08-18 09:23:10,394 | INFO | crypto_bot | TRADE pair=ROBO-USDT time=2026-08-18T09:23:10.339000+00:00 price=0.01353000 size=530748.10000000
2026-08-18 09:23:10,395 | INFO | crypto_bot | TRADE pair=ROBO-USDT time=2026-08-18T09:23:10.341000+00:00 price=0.01358000 size=6075.00000000
2026-08-18 09:23:10,395 | INFO | crypto_bot | TRADE pair=ROBO-USDT time=2026-08-18T09:23:10.341000+00:00 price=0.01358000 size=11322.70000000
2026-08-18 09:23:10,395 | INFO | crypto_bot | TRADE pair=ROBO-USDT time=2026-08-18T09:23:10.341000+00:00 price=0.01357000 size=11790.90000000
2026-08-18 09:24:04,503 | INFO | crypto_bot | TRADE pair=ROBO-USDT time=2026-08-18T09:24:04.450000+00:00 price=0.01358000 size=17075.50000000
2026-08-18 09:24:04,503 | INFO | crypto_bot | 1m CLOSED ts=2026-08-18T09:23:00+00:00 o=0.01358000 h=0.01358000 l=0.01353000 c=0.01357000 v=759093.00000000
2026-08-18 09:24:04,503 | INFO | crypto_bot | ENTRY signal=HOLD reason=trend_filter_not_passed meta={'regime': 'unknown'}
2026-08-18 09:25:00,289 | INFO | crypto_bot | TRADE pair=ROBO-USDT time=2026-08-18T09:25:00.236000+00:00 price=0.01354000 size=115.30000000
2026-08-18 09:25:00,289 | INFO | crypto_bot | 1m CLOSED ts=2026-08-18T09:24:00+00:00 o=0.01358000 h=0.01358000 l=0.01358000 c=0.01358000 v=17075.50000000
2026-08-18 09:25:00,289 | INFO | crypto_bot | ENTRY signal=HOLD reason=trend_filter_not_passed meta={'regime': 'unknown'}
2026-08-18 09:25:00,290 | INFO | crypto_bot | 5m CLOSED ts=2026-08-18T09:20:00+00:00 o=0.01353000 h=0.01358000 l=0.01353000 c=0.01358000 v=788057.80000000
2026-08-18 09:25:00,290 | INFO | crypto_bot | TRADE pair=ROBO-USDT time=2026-08-18T09:25:00.236000+00:00 price=0.01352000 size=1187.40000000
2026-08-18 09:25:00,694 | INFO | crypto_bot | TRADE pair=ROBO-USDT time=2026-08-18T09:25:00.641000+00:00 price=0.01353000 size=4139.10000000
2026-08-18 09:25:21,852 | INFO | crypto_bot | TRADE pair=ROBO-USDT time=2026-08-18T09:25:21.799000+00:00 price=0.01353000 size=75959.90000000
2026-08-18 09:26:00,730 | INFO | crypto_bot | TRADE pair=ROBO-USDT time=2026-08-18T09:26:00.677000+00:00 price=0.01355000 size=15626.40000000
2026-08-18 09:26:00,730 | INFO | crypto_bot | 1m CLOSED ts=2026-08-18T09:25:00+00:00 o=0.01354000 h=0.01354000 l=0.01352000 c=0.01353000 v=81401.70000000
2026-08-18 09:26:00,730 | INFO | crypto_bot | ENTRY signal=HOLD reason=trend_filter_not_passed meta={'regime': 'unknown'}
2026-08-18 09:26:36,792 | INFO | crypto_bot | TRADE pair=ROBO-USDT time=2026-08-18T09:26:36.739000+00:00 price=0.01354000 size=228.00000000
2026-08-18 09:28:30,089 | INFO | crypto_bot | TRADE pair=ROBO-USDT time=2026-08-18T09:28:30.036000+00:00 price=0.01354000 size=24911.20000000
2026-08-18 09:28:30,089 | INFO | crypto_bot | 1m CLOSED ts=2026-08-18T09:26:00+00:00 o=0.01355000 h=0.01355000 l=0.01354000 c=0.01354000 v=15854.40000000
2026-08-18 09:28:30,089 | INFO | crypto_bot | ENTRY signal=HOLD reason=trend_filter_not_passed meta={'regime': 'unknown'}
2026-08-18 09:29:00,655 | INFO | crypto_bot | TRADE pair=ROBO-USDT time=2026-08-18T09:29:00.601000+00:00 price=0.01354000 size=19030.50000000
2026-08-18 09:29:00,655 | INFO | crypto_bot | 1m CLOSED ts=2026-08-18T09:28:00+00:00 o=0.01354000 h=0.01354000 l=0.01354000 c=0.01354000 v=24911.20000000
2026-08-18 09:29:00,655 | INFO | crypto_bot | ENTRY signal=HOLD reason=trend_filter_not_passed meta={'regime': 'unknown'}
2026-08-18 09:30:00,728 | INFO | crypto_bot | TRADE pair=ROBO-USDT time=2026-08-18T09:30:00.674000+00:00 price=0.01358000 size=35713.20000000
2026-08-18 09:30:00,728 | INFO | crypto_bot | 1m CLOSED ts=2026-08-18T09:29:00+00:00 o=0.01354000 h=0.01354000 l=0.01354000 c=0.01354000 v=19030.50000000
2026-08-18 09:30:00,728 | INFO | crypto_bot | ENTRY signal=HOLD reason=trend_filter_not_passed meta={'regime': 'unknown'}
2026-08-18 09:30:00,729 | INFO | crypto_bot | 5m CLOSED ts=2026-08-18T09:25:00+00:00 o=0.01354000 h=0.01355000 l=0.01352000 c=0.01354000 v=141197.80000000
2026-08-18 09:32:01,365 | INFO | crypto_bot | TRADE pair=ROBO-USDT time=2026-08-18T09:32:01.311000+00:00 price=0.01360000 size=16735.10000000
2026-08-18 09:32:01,365 | INFO | crypto_bot | 1m CLOSED ts=2026-08-18T09:30:00+00:00 o=0.01358000 h=0.01358000 l=0.01358000 c=0.01358000 v=35713.20000000
2026-08-18 09:32:01,365 | INFO | crypto_bot | ENTRY signal=HOLD reason=trend_filter_not_passed meta={'regime': 'unknown'}
2026-08-18 09:32:07,254 | INFO | crypto_bot | TRADE pair=ROBO-USDT time=2026-08-18T09:32:07.200000+00:00 price=0.01359000 size=120.50000000
2026-08-18 09:34:10,693 | INFO | crypto_bot | TRADE pair=ROBO-USDT time=2026-08-18T09:34:10.640000+00:00 price=0.01359000 size=14833.90000000
2026-08-18 09:34:10,693 | INFO | crypto_bot | 1m CLOSED ts=2026-08-18T09:32:00+00:00 o=0.01360000 h=0.01360000 l=0.01359000 c=0.01359000 v=16855.60000000
2026-08-18 09:34:10,693 | INFO | crypto_bot | ENTRY signal=HOLD reason=trend_filter_not_passed meta={'regime': 'unknown'}
2026-08-18 09:34:15,030 | INFO | crypto_bot | TRADE pair=ROBO-USDT time=2026-08-18T09:34:14.976000+00:00 price=0.01360000 size=108.40000000
2026-08-18 09:34:15,030 | INFO | crypto_bot | TRADE pair=ROBO-USDT time=2026-08-18T09:34:14.976000+00:00 price=0.01361000 size=24659.10000000
2026-08-18 09:34:15,031 | INFO | crypto_bot | TRADE pair=ROBO-USDT time=2026-08-18T09:34:14.978000+00:00 price=0.01362000 size=113.50000000
2026-08-18 09:34:49,167 | INFO | crypto_bot | TRADE pair=ROBO-USDT time=2026-08-18T09:34:49.105000+00:00 price=0.01364000 size=105.70000000
2026-08-18 09:35:00,628 | INFO | crypto_bot | TRADE pair=ROBO-USDT time=2026-08-18T09:35:00.575000+00:00 price=0.01365000 size=3742.10000000
2026-08-18 09:35:00,628 | INFO | crypto_bot | 1m CLOSED ts=2026-08-18T09:34:00+00:00 o=0.01359000 h=0.01364000 l=0.01359000 c=0.01364000 v=39820.60000000
2026-08-18 09:35:00,628 | INFO | crypto_bot | ENTRY signal=HOLD reason=trend_filter_not_passed meta={'regime': 'unknown'}
2026-08-18 09:35:00,629 | INFO | crypto_bot | 5m CLOSED ts=2026-08-18T09:30:00+00:00 o=0.01358000 h=0.01364000 l=0.01358000 c=0.01364000 v=92389.40000000
2026-08-18 09:35:00,936 | INFO | crypto_bot | TRADE pair=ROBO-USDT time=2026-08-18T09:35:00.882000+00:00 price=0.01365000 size=19904.40000000
2026-08-18 09:35:15,894 | INFO | crypto_bot | TRADE pair=ROBO-USDT time=2026-08-18T09:35:15.830000+00:00 price=0.01363000 size=31027.90000000
2026-08-18 09:35:21,311 | INFO | crypto_bot | TRADE pair=ROBO-USDT time=2026-08-18T09:35:21.258000+00:00 price=0.01363000 size=20701.00000000
2026-08-18 09:36:56,227 | INFO | crypto_bot | TRADE pair=ROBO-USDT time=2026-08-18T09:36:56.174000+00:00 price=0.01362000 size=134.00000000
2026-08-18 09:36:56,228 | INFO | crypto_bot | 1m CLOSED ts=2026-08-18T09:35:00+00:00 o=0.01365000 h=0.01365000 l=0.01363000 c=0.01363000 v=75375.40000000
2026-08-18 09:36:56,228 | INFO | crypto_bot | ENTRY signal=HOLD reason=trend_filter_not_passed meta={'regime': 'unknown'}
2026-08-18 09:36:56,228 | INFO | crypto_bot | TRADE pair=ROBO-USDT time=2026-08-18T09:36:56.174000+00:00 price=0.01361000 size=24990.00000000
2026-08-18 09:36:56,228 | INFO | crypto_bot | TRADE pair=ROBO-USDT time=2026-08-18T09:36:56.174000+00:00 price=0.01360000 size=12858.40000000
2026-08-18 09:37:04,789 | INFO | crypto_bot | TRADE pair=ROBO-USDT time=2026-08-18T09:37:04.736000+00:00 price=0.01361000 size=15272.60000000
2026-08-18 09:37:04,790 | INFO | crypto_bot | 1m CLOSED ts=2026-08-18T09:36:00+00:00 o=0.01362000 h=0.01362000 l=0.01360000 c=0.01360000 v=37982.40000000
2026-08-18 09:37:04,790 | INFO | crypto_bot | ENTRY signal=HOLD reason=trend_filter_not_passed meta={'regime': 'unknown'}
2026-08-18 09:39:20,653 | INFO | crypto_bot | TRADE pair=ROBO-USDT time=2026-08-18T09:39:20.600000+00:00 price=0.01360000 size=42546.80000000
2026-08-18 09:39:20,653 | INFO | crypto_bot | 1m CLOSED ts=2026-08-18T09:37:00+00:00 o=0.01361000 h=0.01361000 l=0.01361000 c=0.01361000 v=15272.60000000
2026-08-18 09:39:20,653 | INFO | crypto_bot | ENTRY signal=HOLD reason=trend_filter_not_passed meta={'regime': 'unknown'}
2026-08-18 09:41:36,883 | INFO | crypto_bot | TRADE pair=ROBO-USDT time=2026-08-18T09:41:36.830000+00:00 price=0.01360000 size=7148.30000000
2026-08-18 09:41:36,884 | INFO | crypto_bot | 1m CLOSED ts=2026-08-18T09:39:00+00:00 o=0.01360000 h=0.01360000 l=0.01360000 c=0.01360000 v=42546.80000000
2026-08-18 09:41:36,884 | INFO | crypto_bot | ENTRY signal=HOLD reason=trend_filter_not_passed meta={'regime': 'unknown'}
2026-08-18 09:41:36,884 | INFO | crypto_bot | 5m CLOSED ts=2026-08-18T09:35:00+00:00 o=0.01365000 h=0.01365000 l=0.01360000 c=0.01360000 v=171177.20000000
2026-08-18 09:43:26,526 | INFO | crypto_bot | TRADE pair=ROBO-USDT time=2026-08-18T09:43:26.472000+00:00 price=0.01360000 size=22058.90000000
2026-08-18 09:43:26,526 | INFO | crypto_bot | 1m CLOSED ts=2026-08-18T09:41:00+00:00 o=0.01360000 h=0.01360000 l=0.01360000 c=0.01360000 v=7148.30000000
2026-08-18 09:43:26,526 | INFO | crypto_bot | ENTRY signal=HOLD reason=trend_filter_not_passed meta={'regime': 'unknown'}
2026-08-18 09:44:09,085 | INFO | crypto_bot | TRADE pair=ROBO-USDT time=2026-08-18T09:44:09.032000+00:00 price=0.01361000 size=26412.00000000
2026-08-18 09:44:09,086 | INFO | crypto_bot | 1m CLOSED ts=2026-08-18T09:43:00+00:00 o=0.01360000 h=0.01360000 l=0.01360000 c=0.01360000 v=22058.90000000
2026-08-18 09:44:09,086 | INFO | crypto_bot | ENTRY signal=HOLD reason=trend_filter_not_passed meta={'regime': 'unknown'}
2026-08-18 09:44:09,087 | INFO | crypto_bot | TRADE pair=ROBO-USDT time=2026-08-18T09:44:09.034000+00:00 price=0.01362000 size=32173.60000000
2026-08-18 09:44:09,090 | INFO | crypto_bot | TRADE pair=ROBO-USDT time=2026-08-18T09:44:09.037000+00:00 price=0.01361000 size=4274.60000000
2026-08-18 09:46:23,443 | INFO | crypto_bot | TRADE pair=ROBO-USDT time=2026-08-18T09:46:23.390000+00:00 price=0.01363000 size=27615.00000000
2026-08-18 09:46:23,444 | INFO | crypto_bot | 1m CLOSED ts=2026-08-18T09:44:00+00:00 o=0.01361000 h=0.01362000 l=0.01361000 c=0.01361000 v=62860.20000000
2026-08-18 09:46:23,444 | INFO | crypto_bot | ENTRY signal=HOLD reason=trend_filter_not_passed meta={'regime': 'unknown'}
2026-08-18 09:46:23,444 | INFO | crypto_bot | 5m CLOSED ts=2026-08-18T09:40:00+00:00 o=0.01360000 h=0.01362000 l=0.01360000 c=0.01361000 v=92067.40000000
2026-08-18 09:46:47,665 | INFO | crypto_bot | TRADE pair=ROBO-USDT time=2026-08-18T09:46:47.604000+00:00 price=0.01361000 size=220.10000000
2026-08-18 09:47:56,643 | INFO | crypto_bot | TRADE pair=ROBO-USDT time=2026-08-18T09:47:56.589000+00:00 price=0.01358000 size=27377.00000000
2026-08-18 09:47:56,643 | INFO | crypto_bot | 1m CLOSED ts=2026-08-18T09:46:00+00:00 o=0.01363000 h=0.01363000 l=0.01361000 c=0.01361000 v=27835.10000000
2026-08-18 09:47:56,643 | INFO | crypto_bot | ENTRY signal=HOLD reason=trend_filter_not_passed meta={'regime': 'unknown'}
2026-08-18 09:47:56,643 | INFO | crypto_bot | TRADE pair=ROBO-USDT time=2026-08-18T09:47:56.589000+00:00 price=0.01357000 size=20140.30000000
2026-08-18 09:47:56,644 | INFO | crypto_bot | TRADE pair=ROBO-USDT time=2026-08-18T09:47:56.589000+00:00 price=0.01357000 size=16651.40000000
2026-08-18 09:50:16,780 | INFO | crypto_bot | TRADE pair=ROBO-USDT time=2026-08-18T09:50:16.726000+00:00 price=0.01358000 size=3268.90000000
2026-08-18 09:50:16,780 | INFO | crypto_bot | 1m CLOSED ts=2026-08-18T09:47:00+00:00 o=0.01358000 h=0.01358000 l=0.01357000 c=0.01357000 v=64168.70000000
2026-08-18 09:50:16,780 | INFO | crypto_bot | ENTRY signal=HOLD reason=trend_filter_not_passed meta={'regime': 'unknown'}
2026-08-18 09:50:16,781 | INFO | crypto_bot | 5m CLOSED ts=2026-08-18T09:45:00+00:00 o=0.01363000 h=0.01363000 l=0.01357000 c=0.01357000 v=92003.80000000
2026-08-18 09:50:16,781 | INFO | crypto_bot | TRADE pair=ROBO-USDT time=2026-08-18T09:50:16.726000+00:00 price=0.01358000 size=402.70000000
2026-08-18 09:51:00,675 | INFO | crypto_bot | TRADE pair=ROBO-USDT time=2026-08-18T09:51:00.622000+00:00 price=0.01356000 size=113.60000000
2026-08-18 09:51:00,675 | INFO | crypto_bot | 1m CLOSED ts=2026-08-18T09:50:00+00:00 o=0.01358000 h=0.01358000 l=0.01358000 c=0.01358000 v=3671.60000000
2026-08-18 09:51:00,676 | INFO | crypto_bot | ENTRY signal=HOLD reason=trend_filter_not_passed meta={'regime': 'unknown'}
2026-08-18 09:51:19,438 | INFO | crypto_bot | TRADE pair=ROBO-USDT time=2026-08-18T09:51:19.385000+00:00 price=0.01354000 size=3671.60000000
2026-08-18 09:51:19,439 | INFO | crypto_bot | TRADE pair=ROBO-USDT time=2026-08-18T09:51:19.386000+00:00 price=0.01354000 size=7904.10000000
2026-08-18 09:51:19,439 | INFO | crypto_bot | TRADE pair=ROBO-USDT time=2026-08-18T09:51:19.386000+00:00 price=0.01354000 size=51888.80000000
2026-08-18 09:51:31,456 | INFO | crypto_bot | TRADE pair=ROBO-USDT time=2026-08-18T09:51:31.403000+00:00 price=0.01354000 size=22058.90000000
2026-08-18 09:51:31,457 | INFO | crypto_bot | TRADE pair=ROBO-USDT time=2026-08-18T09:51:31.403000+00:00 price=0.01353000 size=58959.20000000
2026-08-18 09:51:31,463 | INFO | crypto_bot | TRADE pair=ROBO-USDT time=2026-08-18T09:51:31.404000+00:00 price=0.01352000 size=12058.90000000
2026-08-18 09:51:31,463 | INFO | crypto_bot | TRADE pair=ROBO-USDT time=2026-08-18T09:51:31.404000+00:00 price=0.01352000 size=9416.00000000
2026-08-18 09:51:31,463 | INFO | crypto_bot | TRADE pair=ROBO-USDT time=2026-08-18T09:51:31.406000+00:00 price=0.01353000 size=4299.90000000
2026-08-18 09:51:31,607 | INFO | crypto_bot | TRADE pair=ROBO-USDT time=2026-08-18T09:51:31.554000+00:00 price=0.01350000 size=1136.40000000
2026-08-18 09:51:31,607 | INFO | crypto_bot | TRADE pair=ROBO-USDT time=2026-08-18T09:51:31.554000+00:00 price=0.01349000 size=346.60000000
2026-08-18 09:51:32,078 | INFO | crypto_bot | TRADE pair=ROBO-USDT time=2026-08-18T09:51:32.025000+00:00 price=0.01350000 size=346.90000000
2026-08-18 09:51:53,534 | INFO | crypto_bot | TRADE pair=ROBO-USDT time=2026-08-18T09:51:53.481000+00:00 price=0.01350000 size=12116.80000000
2026-08-18 09:51:55,886 | INFO | crypto_bot | TRADE pair=ROBO-USDT time=2026-08-18T09:51:55.833000+00:00 price=0.01350000 size=9595.20000000
2026-08-18 09:51:55,888 | INFO | crypto_bot | TRADE pair=ROBO-USDT time=2026-08-18T09:51:55.836000+00:00 price=0.01350000 size=22058.90000000
2026-08-18 09:51:55,889 | INFO | crypto_bot | TRADE pair=ROBO-USDT time=2026-08-18T09:51:55.837000+00:00 price=0.01350000 size=3671.60000000
2026-08-18 09:51:55,892 | INFO | crypto_bot | TRADE pair=ROBO-USDT time=2026-08-18T09:51:55.839000+00:00 price=0.01350000 size=18387.30000000
2026-08-18 09:51:55,893 | INFO | crypto_bot | TRADE pair=ROBO-USDT time=2026-08-18T09:51:55.840000+00:00 price=0.01350000 size=3671.60000000
2026-08-18 09:51:55,894 | INFO | crypto_bot | TRADE pair=ROBO-USDT time=2026-08-18T09:51:55.841000+00:00 price=0.01350000 size=18387.30000000
2026-08-18 09:51:55,895 | INFO | crypto_bot | TRADE pair=ROBO-USDT time=2026-08-18T09:51:55.842000+00:00 price=0.01350000 size=3671.60000000
2026-08-18 09:51:55,897 | INFO | crypto_bot | TRADE pair=ROBO-USDT time=2026-08-18T09:51:55.845000+00:00 price=0.01350000 size=9857.90000000
2026-08-18 09:52:08,243 | INFO | crypto_bot | TRADE pair=ROBO-USDT time=2026-08-18T09:52:08.190000+00:00 price=0.01351000 size=3671.60000000
2026-08-18 09:52:08,243 | INFO | crypto_bot | 1m CLOSED ts=2026-08-18T09:51:00+00:00 o=0.01356000 h=0.01356000 l=0.01349000 c=0.01350000 v=273619.10000000
2026-08-18 09:52:08,244 | INFO | crypto_bot | ENTRY signal=HOLD reason=trend_filter_not_passed meta={'regime': 'unknown'}
2026-08-18 09:52:08,244 | INFO | crypto_bot | TRADE pair=ROBO-USDT time=2026-08-18T09:52:08.192000+00:00 price=0.01350000 size=887.30000000
2026-08-18 09:52:08,245 | INFO | crypto_bot | TRADE pair=ROBO-USDT time=2026-08-18T09:52:08.192000+00:00 price=0.01350000 size=887.30000000
2026-08-18 09:52:08,245 | INFO | crypto_bot | TRADE pair=ROBO-USDT time=2026-08-18T09:52:08.193000+00:00 price=0.01351000 size=2536.00000000
2026-08-18 09:52:08,248 | INFO | crypto_bot | TRADE pair=ROBO-USDT time=2026-08-18T09:52:08.195000+00:00 price=0.01351000 size=1135.60000000
2026-08-18 09:53:04,264 | INFO | crypto_bot | TRADE pair=ROBO-USDT time=2026-08-18T09:53:04.209000+00:00 price=0.01350000 size=22058.90000000
2026-08-18 09:53:04,264 | INFO | crypto_bot | 1m CLOSED ts=2026-08-18T09:52:00+00:00 o=0.01351000 h=0.01351000 l=0.01350000 c=0.01351000 v=9117.80000000
2026-08-18 09:53:04,264 | INFO | crypto_bot | ENTRY signal=HOLD reason=trend_filter_not_passed meta={'regime': 'unknown'}
2026-08-18 09:53:04,281 | INFO | crypto_bot | TRADE pair=ROBO-USDT time=2026-08-18T09:53:04.215000+00:00 price=0.01351000 size=1675.80000000
2026-08-18 09:53:20,696 | INFO | crypto_bot | TRADE pair=ROBO-USDT time=2026-08-18T09:53:20.643000+00:00 price=0.01351000 size=4307.60000000
2026-08-18 09:54:42,621 | INFO | crypto_bot | TRADE pair=ROBO-USDT time=2026-08-18T09:54:42.568000+00:00 price=0.01354000 size=16090.50000000
2026-08-18 09:54:42,621 | INFO | crypto_bot | 1m CLOSED ts=2026-08-18T09:53:00+00:00 o=0.01350000 h=0.01351000 l=0.01350000 c=0.01351000 v=28042.30000000
2026-08-18 09:54:42,622 | INFO | crypto_bot | ENTRY signal=HOLD reason=trend_filter_not_passed meta={'regime': 'unknown'}
2026-08-18 09:55:13,198 | INFO | crypto_bot | TRADE pair=ROBO-USDT time=2026-08-18T09:55:13.145000+00:00 price=0.01352000 size=57927.20000000
2026-08-18 09:55:13,198 | INFO | crypto_bot | 1m CLOSED ts=2026-08-18T09:54:00+00:00 o=0.01354000 h=0.01354000 l=0.01354000 c=0.01354000 v=16090.50000000
2026-08-18 09:55:13,198 | INFO | crypto_bot | ENTRY signal=HOLD reason=trend_filter_not_passed meta={'regime': 'unknown'}
2026-08-18 09:55:13,199 | INFO | crypto_bot | 5m CLOSED ts=2026-08-18T09:50:00+00:00 o=0.01358000 h=0.01358000 l=0.01349000 c=0.01354000 v=330541.30000000
2026-08-18 09:55:13,199 | INFO | crypto_bot | TRADE pair=ROBO-USDT time=2026-08-18T09:55:13.146000+00:00 price=0.01351000 size=233.00000000
2026-08-18 09:55:13,201 | INFO | crypto_bot | TRADE pair=ROBO-USDT time=2026-08-18T09:55:13.148000+00:00 price=0.01351000 size=23397.60000000
2026-08-18 09:55:59,078 | INFO | crypto_bot | TRADE pair=ROBO-USDT time=2026-08-18T09:55:59.025000+00:00 price=0.01348000 size=7757.10000000
2026-08-18 09:56:23,677 | INFO | crypto_bot | TRADE pair=ROBO-USDT time=2026-08-18T09:56:23.624000+00:00 price=0.01351000 size=19940.40000000
2026-08-18 09:56:23,677 | INFO | crypto_bot | 1m CLOSED ts=2026-08-18T09:55:00+00:00 o=0.01352000 h=0.01352000 l=0.01348000 c=0.01348000 v=89314.90000000
2026-08-18 09:56:23,677 | INFO | crypto_bot | ENTRY signal=HOLD reason=trend_filter_not_passed meta={'regime': 'unknown'}
2026-08-18 09:56:23,678 | INFO | crypto_bot | TRADE pair=ROBO-USDT time=2026-08-18T09:56:23.625000+00:00 price=0.01351000 size=2138.00000000
2026-08-18 09:56:36,890 | INFO | crypto_bot | TRADE pair=ROBO-USDT time=2026-08-18T09:56:36.837000+00:00 price=0.01351000 size=22058.90000000
2026-08-18 09:57:51,250 | INFO | crypto_bot | TRADE pair=ROBO-USDT time=2026-08-18T09:57:51.197000+00:00 price=0.01350000 size=20862.60000000
2026-08-18 09:57:51,251 | INFO | crypto_bot | 1m CLOSED ts=2026-08-18T09:56:00+00:00 o=0.01351000 h=0.01351000 l=0.01351000 c=0.01351000 v=44137.30000000
2026-08-18 09:57:51,251 | INFO | crypto_bot | ENTRY signal=HOLD reason=trend_filter_not_passed meta={'regime': 'unknown'}
2026-08-18 09:58:11,728 | INFO | crypto_bot | TRADE pair=ROBO-USDT time=2026-08-18T09:58:11.675000+00:00 price=0.01351000 size=22058.90000000
2026-08-18 09:58:11,728 | INFO | crypto_bot | 1m CLOSED ts=2026-08-18T09:57:00+00:00 o=0.01350000 h=0.01350000 l=0.01350000 c=0.01350000 v=20862.60000000
2026-08-18 09:58:11,728 | INFO | crypto_bot | ENTRY signal=HOLD reason=trend_filter_not_passed meta={'regime': 'unknown'}
2026-08-18 10:00:16,598 | INFO | crypto_bot | TRADE pair=ROBO-USDT time=2026-08-18T10:00:16.545000+00:00 price=0.01355000 size=50400.30000000
2026-08-18 10:00:16,598 | INFO | crypto_bot | 1m CLOSED ts=2026-08-18T09:58:00+00:00 o=0.01351000 h=0.01351000 l=0.01351000 c=0.01351000 v=22058.90000000
2026-08-18 10:00:16,598 | INFO | crypto_bot | ENTRY signal=HOLD reason=trend_filter_not_passed meta={'regime': 'unknown'}
2026-08-18 10:00:16,599 | INFO | crypto_bot | 5m CLOSED ts=2026-08-18T09:55:00+00:00 o=0.01352000 h=0.01352000 l=0.01348000 c=0.01351000 v=176373.70000000
2026-08-18 10:01:04,328 | INFO | crypto_bot | TRADE pair=ROBO-USDT time=2026-08-18T10:01:04.274000+00:00 price=0.01356000 size=113.50000000
2026-08-18 10:01:04,328 | INFO | crypto_bot | 1m CLOSED ts=2026-08-18T10:00:00+00:00 o=0.01355000 h=0.01355000 l=0.01355000 c=0.01355000 v=50400.30000000
2026-08-18 10:01:04,328 | INFO | crypto_bot | ENTRY signal=HOLD reason=trend_filter_not_passed meta={'regime': 'unknown'}
2026-08-18 10:01:04,902 | INFO | crypto_bot | TRADE pair=ROBO-USDT time=2026-08-18T10:01:04.842000+00:00 price=0.01357000 size=57609.00000000
2026-08-18 10:01:12,566 | INFO | crypto_bot | TRADE pair=ROBO-USDT time=2026-08-18T10:01:12.509000+00:00 price=0.01357000 size=20706.00000000
2026-08-18 10:01:48,370 | INFO | crypto_bot | TRADE pair=ROBO-USDT time=2026-08-18T10:01:48.304000+00:00 price=0.01355000 size=278.00000000
2026-08-18 10:03:13,621 | INFO | crypto_bot | TRADE pair=ROBO-USDT time=2026-08-18T10:03:13.568000+00:00 price=0.01356000 size=15018.60000000
2026-08-18 10:03:13,622 | INFO | crypto_bot | 1m CLOSED ts=2026-08-18T10:01:00+00:00 o=0.01356000 h=0.01357000 l=0.01355000 c=0.01355000 v=78706.50000000
2026-08-18 10:03:13,622 | INFO | crypto_bot | ENTRY signal=HOLD reason=trend_filter_not_passed meta={'regime': 'unknown'}
2026-08-18 10:03:40,692 | INFO | crypto_bot | TRADE pair=ROBO-USDT time=2026-08-18T10:03:40.638000+00:00 price=0.01357000 size=58779.20000000
2026-08-18 10:03:40,692 | INFO | crypto_bot | TRADE pair=ROBO-USDT time=2026-08-18T10:03:40.639000+00:00 price=0.01358000 size=37026.60000000
2026-08-18 10:04:12,348 | INFO | crypto_bot | TRADE pair=ROBO-USDT time=2026-08-18T10:04:12.294000+00:00 price=0.01354000 size=433.20000000
2026-08-18 10:04:12,348 | INFO | crypto_bot | 1m CLOSED ts=2026-08-18T10:03:00+00:00 o=0.01356000 h=0.01358000 l=0.01356000 c=0.01358000 v=110824.40000000
2026-08-18 10:04:12,348 | INFO | crypto_bot | ENTRY signal=HOLD reason=trend_filter_not_passed meta={'regime': 'unknown'}
2026-08-18 10:04:12,349 | INFO | crypto_bot | TRADE pair=ROBO-USDT time=2026-08-18T10:04:12.294000+00:00 price=0.01353000 size=21473.80000000
2026-08-18 10:05:27,829 | INFO | crypto_bot | TRADE pair=ROBO-USDT time=2026-08-18T10:05:27.776000+00:00 price=0.01353000 size=927.70000000
2026-08-18 10:05:27,830 | INFO | crypto_bot | 1m CLOSED ts=2026-08-18T10:04:00+00:00 o=0.01354000 h=0.01354000 l=0.01353000 c=0.01353000 v=21907.00000000
2026-08-18 10:05:27,830 | INFO | crypto_bot | ENTRY signal=HOLD reason=trend_filter_not_passed meta={'regime': 'unknown'}
2026-08-18 10:05:27,830 | INFO | crypto_bot | 5m CLOSED ts=2026-08-18T10:00:00+00:00 o=0.01355000 h=0.01358000 l=0.01353000 c=0.01353000 v=261838.20000000
2026-08-18 10:05:58,243 | INFO | crypto_bot | TRADE pair=ROBO-USDT time=2026-08-18T10:05:58.191000+00:00 price=0.01353000 size=13564.60000000
2026-08-18 10:07:45,488 | INFO | crypto_bot | TRADE pair=ROBO-USDT time=2026-08-18T10:07:45.435000+00:00 price=0.01352000 size=3677.70000000
2026-08-18 10:07:45,488 | INFO | crypto_bot | 1m CLOSED ts=2026-08-18T10:05:00+00:00 o=0.01353000 h=0.01353000 l=0.01353000 c=0.01353000 v=14492.30000000
2026-08-18 10:07:45,488 | INFO | crypto_bot | ENTRY signal=HOLD reason=trend_filter_not_passed meta={'regime': 'unknown'}
2026-08-18 10:08:40,012 | INFO | crypto_bot | TRADE pair=ROBO-USDT time=2026-08-18T10:08:39.959000+00:00 price=0.01354000 size=2440.70000000
2026-08-18 10:08:40,012 | INFO | crypto_bot | 1m CLOSED ts=2026-08-18T10:07:00+00:00 o=0.01352000 h=0.01352000 l=0.01352000 c=0.01352000 v=3677.70000000
2026-08-18 10:08:40,012 | INFO | crypto_bot | ENTRY signal=HOLD reason=trend_filter_not_passed meta={'regime': 'unknown'}
2026-08-18 10:10:18,676 | INFO | crypto_bot | TRADE pair=ROBO-USDT time=2026-08-18T10:10:18.622000+00:00 price=0.01351000 size=21185.30000000
2026-08-18 10:10:18,676 | INFO | crypto_bot | 1m CLOSED ts=2026-08-18T10:08:00+00:00 o=0.01354000 h=0.01354000 l=0.01354000 c=0.01354000 v=2440.70000000
2026-08-18 10:10:18,676 | INFO | crypto_bot | ENTRY signal=HOLD reason=trend_filter_not_passed meta={'regime': 'unknown'}
2026-08-18 10:10:18,677 | INFO | crypto_bot | 5m CLOSED ts=2026-08-18T10:05:00+00:00 o=0.01353000 h=0.01354000 l=0.01352000 c=0.01354000 v=20610.70000000
2026-08-18 10:10:58,955 | INFO | crypto_bot | TRADE pair=ROBO-USDT time=2026-08-18T10:10:58.902000+00:00 price=0.01351000 size=44729.10000000
2026-08-18 10:15:24,383 | INFO | crypto_bot | TRADE pair=ROBO-USDT time=2026-08-18T10:15:24.330000+00:00 price=0.01354000 size=4202.20000000
2026-08-18 10:15:24,383 | INFO | crypto_bot | 1m CLOSED ts=2026-08-18T10:10:00+00:00 o=0.01351000 h=0.01351000 l=0.01351000 c=0.01351000 v=65914.40000000
2026-08-18 10:15:24,383 | INFO | crypto_bot | ENTRY signal=HOLD reason=trend_filter_not_passed meta={'regime': 'unknown'}
2026-08-18 10:15:24,384 | INFO | crypto_bot | 5m CLOSED ts=2026-08-18T10:10:00+00:00 o=0.01351000 h=0.01351000 l=0.01351000 c=0.01351000 v=65914.40000000
2026-08-18 10:15:31,728 | INFO | crypto_bot | TRADE pair=ROBO-USDT time=2026-08-18T10:15:31.675000+00:00 price=0.01356000 size=7973.10000000
2026-08-18 10:15:45,328 | INFO | crypto_bot | TRADE pair=ROBO-USDT time=2026-08-18T10:15:45.275000+00:00 price=0.01354000 size=39139.40000000
2026-08-18 10:15:45,328 | INFO | crypto_bot | TRADE pair=ROBO-USDT time=2026-08-18T10:15:45.275000+00:00 price=0.01353000 size=23273.90000000
2026-08-18 10:15:45,328 | INFO | crypto_bot | TRADE pair=ROBO-USDT time=2026-08-18T10:15:45.276000+00:00 price=0.01353000 size=17597.30000000
2026-08-18 10:16:20,367 | INFO | crypto_bot | TRADE pair=ROBO-USDT time=2026-08-18T10:16:20.314000+00:00 price=0.01355000 size=88994.70000000
2026-08-18 10:16:20,367 | INFO | crypto_bot | 1m CLOSED ts=2026-08-18T10:15:00+00:00 o=0.01354000 h=0.01356000 l=0.01353000 c=0.01353000 v=92185.90000000
2026-08-18 10:16:20,367 | INFO | crypto_bot | ENTRY signal=HOLD reason=trend_filter_not_passed meta={'regime': 'unknown'}
2026-08-18 10:16:20,368 | INFO | crypto_bot | TRADE pair=ROBO-USDT time=2026-08-18T10:16:20.314000+00:00 price=0.01356000 size=20000.00000000
2026-08-18 10:16:20,371 | INFO | crypto_bot | TRADE pair=ROBO-USDT time=2026-08-18T10:16:20.318000+00:00 price=0.01355000 size=4298.10000000
2026-08-18 10:16:20,372 | INFO | crypto_bot | TRADE pair=ROBO-USDT time=2026-08-18T10:16:20.319000+00:00 price=0.01357000 size=11270.00000000
2026-08-18 10:17:54,821 | INFO | crypto_bot | TRADE pair=ROBO-USDT time=2026-08-18T10:17:54.767000+00:00 price=0.01354000 size=23985.50000000
2026-08-18 10:17:54,821 | INFO | crypto_bot | 1m CLOSED ts=2026-08-18T10:16:00+00:00 o=0.01355000 h=0.01357000 l=0.01355000 c=0.01357000 v=124562.80000000
2026-08-18 10:17:54,821 | INFO | crypto_bot | ENTRY signal=HOLD reason=trend_filter_not_passed meta={'regime': 'unknown'}
2026-08-18 10:17:54,822 | INFO | crypto_bot | TRADE pair=ROBO-USDT time=2026-08-18T10:17:54.768000+00:00 price=0.01354000 size=22058.90000000
2026-08-18 10:17:54,822 | INFO | crypto_bot | TRADE pair=ROBO-USDT time=2026-08-18T10:17:54.768000+00:00 price=0.01354000 size=33966.20000000
2026-08-18 10:20:00,604 | INFO | crypto_bot | TRADE pair=ROBO-USDT time=2026-08-18T10:20:00.551000+00:00 price=0.01354000 size=56733.50000000
2026-08-18 10:20:00,605 | INFO | crypto_bot | 1m CLOSED ts=2026-08-18T10:17:00+00:00 o=0.01354000 h=0.01354000 l=0.01354000 c=0.01354000 v=80010.60000000
2026-08-18 10:20:00,605 | INFO | crypto_bot | ENTRY signal=HOLD reason=trend_filter_not_passed meta={'regime': 'unknown'}
2026-08-18 10:20:00,605 | INFO | crypto_bot | 5m CLOSED ts=2026-08-18T10:15:00+00:00 o=0.01354000 h=0.01357000 l=0.01353000 c=0.01354000 v=296759.30000000
2026-08-18 10:20:00,605 | INFO | crypto_bot | TRADE pair=ROBO-USDT time=2026-08-18T10:20:00.551000+00:00 price=0.01354000 size=1215.00000000
2026-08-18 10:20:00,605 | INFO | crypto_bot | TRADE pair=ROBO-USDT time=2026-08-18T10:20:00.551000+00:00 price=0.01354000 size=8627.90000000
2026-08-18 10:23:20,678 | INFO | crypto_bot | TRADE pair=ROBO-USDT time=2026-08-18T10:23:20.624000+00:00 price=0.01352000 size=15261.80000000
2026-08-18 10:23:20,678 | INFO | crypto_bot | 1m CLOSED ts=2026-08-18T10:20:00+00:00 o=0.01354000 h=0.01354000 l=0.01354000 c=0.01354000 v=66576.40000000
2026-08-18 10:23:20,678 | INFO | crypto_bot | ENTRY signal=HOLD reason=trend_filter_not_passed meta={'regime': 'unknown'}
2026-08-18 10:23:43,273 | INFO | crypto_bot | TRADE pair=ROBO-USDT time=2026-08-18T10:23:43.219000+00:00 price=0.01351000 size=20561.30000000
2026-08-18 10:23:43,771 | INFO | crypto_bot | TRADE pair=ROBO-USDT time=2026-08-18T10:23:43.718000+00:00 price=0.01351000 size=1497.60000000
2026-08-18 10:24:10,046 | INFO | crypto_bot | TRADE pair=ROBO-USDT time=2026-08-18T10:24:09.993000+00:00 price=0.01349000 size=113.60000000
2026-08-18 10:24:10,047 | INFO | crypto_bot | 1m CLOSED ts=2026-08-18T10:23:00+00:00 o=0.01352000 h=0.01352000 l=0.01351000 c=0.01351000 v=37320.70000000
2026-08-18 10:24:10,047 | INFO | crypto_bot | ENTRY signal=HOLD reason=trend_filter_not_passed meta={'regime': 'unknown'}
2026-08-18 10:26:36,694 | INFO | crypto_bot | TRADE pair=ROBO-USDT time=2026-08-18T10:26:36.641000+00:00 price=0.01353000 size=22058.90000000
2026-08-18 10:26:36,694 | INFO | crypto_bot | 1m CLOSED ts=2026-08-18T10:24:00+00:00 o=0.01349000 h=0.01349000 l=0.01349000 c=0.01349000 v=113.60000000
2026-08-18 10:26:36,694 | INFO | crypto_bot | ENTRY signal=HOLD reason=trend_filter_not_passed meta={'regime': 'unknown'}
2026-08-18 10:26:36,695 | INFO | crypto_bot | 5m CLOSED ts=2026-08-18T10:20:00+00:00 o=0.01354000 h=0.01354000 l=0.01349000 c=0.01349000 v=104010.70000000
2026-08-18 10:29:10,852 | INFO | crypto_bot | TRADE pair=ROBO-USDT time=2026-08-18T10:29:10.799000+00:00 price=0.01352000 size=20398.80000000
2026-08-18 10:29:10,852 | INFO | crypto_bot | 1m CLOSED ts=2026-08-18T10:26:00+00:00 o=0.01353000 h=0.01353000 l=0.01353000 c=0.01353000 v=22058.90000000
2026-08-18 10:29:10,853 | INFO | crypto_bot | ENTRY signal=HOLD reason=trend_filter_not_passed meta={'regime': 'unknown'}
2026-08-18 10:32:21,164 | INFO | crypto_bot | TRADE pair=ROBO-USDT time=2026-08-18T10:32:21.106000+00:00 price=0.01350000 size=16308.30000000
2026-08-18 10:32:21,164 | INFO | crypto_bot | 1m CLOSED ts=2026-08-18T10:29:00+00:00 o=0.01352000 h=0.01352000 l=0.01352000 c=0.01352000 v=20398.80000000
2026-08-18 10:32:21,164 | INFO | crypto_bot | ENTRY signal=HOLD reason=trend_filter_not_passed meta={'regime': 'unknown'}
2026-08-18 10:32:21,165 | INFO | crypto_bot | 5m CLOSED ts=2026-08-18T10:25:00+00:00 o=0.01353000 h=0.01353000 l=0.01352000 c=0.01352000 v=42457.70000000
2026-08-18 10:32:44,251 | INFO | crypto_bot | TRADE pair=ROBO-USDT time=2026-08-18T10:32:44.198000+00:00 price=0.01349000 size=12434.40000000
2026-08-18 10:35:20,297 | INFO | crypto_bot | TRADE pair=ROBO-USDT time=2026-08-18T10:35:20.244000+00:00 price=0.01348000 size=14121.10000000
2026-08-18 10:35:20,297 | INFO | crypto_bot | 1m CLOSED ts=2026-08-18T10:32:00+00:00 o=0.01350000 h=0.01350000 l=0.01349000 c=0.01349000 v=28742.70000000
2026-08-18 10:35:20,297 | INFO | crypto_bot | ENTRY signal=HOLD reason=trend_filter_not_passed meta={'regime': 'unknown'}
2026-08-18 10:35:20,298 | INFO | crypto_bot | 5m CLOSED ts=2026-08-18T10:30:00+00:00 o=0.01350000 h=0.01350000 l=0.01349000 c=0.01349000 v=28742.70000000
2026-08-18 10:35:20,307 | INFO | crypto_bot | TRADE pair=ROBO-USDT time=2026-08-18T10:35:20.254000+00:00 price=0.01347000 size=26787.60000000
2026-08-18 10:37:26,802 | INFO | crypto_bot | TRADE pair=ROBO-USDT time=2026-08-18T10:37:26.750000+00:00 price=0.01349000 size=17962.50000000
2026-08-18 10:37:26,803 | INFO | crypto_bot | 1m CLOSED ts=2026-08-18T10:35:00+00:00 o=0.01348000 h=0.01348000 l=0.01347000 c=0.01347000 v=40908.70000000
2026-08-18 10:37:26,803 | INFO | crypto_bot | ENTRY signal=HOLD reason=trend_filter_not_passed meta={'regime': 'unknown'}
2026-08-18 10:42:30,086 | INFO | crypto_bot | TRADE pair=ROBO-USDT time=2026-08-18T10:42:30.034000+00:00 price=0.01353000 size=7328.60000000
2026-08-18 10:42:30,087 | INFO | crypto_bot | 1m CLOSED ts=2026-08-18T10:37:00+00:00 o=0.01349000 h=0.01349000 l=0.01349000 c=0.01349000 v=17962.50000000
2026-08-18 10:42:30,087 | INFO | crypto_bot | ENTRY signal=HOLD reason=trend_filter_not_passed meta={'regime': 'unknown'}
2026-08-18 10:42:30,087 | INFO | crypto_bot | 5m CLOSED ts=2026-08-18T10:35:00+00:00 o=0.01348000 h=0.01349000 l=0.01347000 c=0.01349000 v=58871.20000000
2026-08-18 10:43:40,976 | INFO | crypto_bot | TRADE pair=ROBO-USDT time=2026-08-18T10:43:40.923000+00:00 price=0.01349000 size=16441.00000000
2026-08-18 10:43:40,976 | INFO | crypto_bot | 1m CLOSED ts=2026-08-18T10:42:00+00:00 o=0.01353000 h=0.01353000 l=0.01353000 c=0.01353000 v=7328.60000000
2026-08-18 10:43:40,976 | INFO | crypto_bot | ENTRY signal=HOLD reason=trend_filter_not_passed meta={'regime': 'unknown'}
2026-08-18 10:44:38,999 | INFO | crypto_bot | TRADE pair=ROBO-USDT time=2026-08-18T10:44:38.946000+00:00 price=0.01346000 size=15257.30000000
2026-08-18 10:44:38,999 | INFO | crypto_bot | 1m CLOSED ts=2026-08-18T10:43:00+00:00 o=0.01349000 h=0.01349000 l=0.01349000 c=0.01349000 v=16441.00000000
2026-08-18 10:44:38,999 | INFO | crypto_bot | ENTRY signal=HOLD reason=trend_filter_not_passed meta={'regime': 'unknown'}
2026-08-18 10:46:13,837 | INFO | crypto_bot | TRADE pair=ROBO-USDT time=2026-08-18T10:46:13.784000+00:00 price=0.01348000 size=24427.30000000
2026-08-18 10:46:13,837 | INFO | crypto_bot | 1m CLOSED ts=2026-08-18T10:44:00+00:00 o=0.01346000 h=0.01346000 l=0.01346000 c=0.01346000 v=15257.30000000
2026-08-18 10:46:13,837 | INFO | crypto_bot | ENTRY signal=HOLD reason=trend_filter_not_passed meta={'regime': 'unknown'}
2026-08-18 10:46:13,838 | INFO | crypto_bot | 5m CLOSED ts=2026-08-18T10:40:00+00:00 o=0.01353000 h=0.01353000 l=0.01346000 c=0.01346000 v=39026.90000000
2026-08-18 10:46:37,295 | INFO | crypto_bot | TRADE pair=ROBO-USDT time=2026-08-18T10:46:37.242000+00:00 price=0.01347000 size=1651.20000000
2026-08-18 10:49:30,179 | INFO | crypto_bot | TRADE pair=ROBO-USDT time=2026-08-18T10:49:30.126000+00:00 price=0.01345000 size=1487.20000000
2026-08-18 10:49:30,179 | INFO | crypto_bot | 1m CLOSED ts=2026-08-18T10:46:00+00:00 o=0.01348000 h=0.01348000 l=0.01347000 c=0.01347000 v=26078.50000000
2026-08-18 10:49:30,179 | INFO | crypto_bot | ENTRY signal=HOLD reason=trend_filter_not_passed meta={'regime': 'unknown'}
2026-08-18 10:49:30,755 | INFO | crypto_bot | TRADE pair=ROBO-USDT time=2026-08-18T10:49:30.702000+00:00 price=0.01346000 size=16744.80000000
2026-08-18 10:49:30,762 | INFO | crypto_bot | TRADE pair=ROBO-USDT time=2026-08-18T10:49:30.703000+00:00 price=0.01346000 size=26656.80000000
2026-08-18 10:53:35,792 | INFO | crypto_bot | TRADE pair=ROBO-USDT time=2026-08-18T10:53:35.739000+00:00 price=0.01347000 size=24357.70000000
2026-08-18 10:53:35,792 | INFO | crypto_bot | 1m CLOSED ts=2026-08-18T10:49:00+00:00 o=0.01345000 h=0.01346000 l=0.01345000 c=0.01346000 v=44888.80000000
2026-08-18 10:53:35,792 | INFO | crypto_bot | ENTRY signal=HOLD reason=trend_filter_not_passed meta={'regime': 'unknown'}
2026-08-18 10:53:35,793 | INFO | crypto_bot | 5m CLOSED ts=2026-08-18T10:45:00+00:00 o=0.01348000 h=0.01348000 l=0.01345000 c=0.01346000 v=70967.30000000
2026-08-18 10:57:01,308 | INFO | crypto_bot | TRADE pair=ROBO-USDT time=2026-08-18T10:57:01.255000+00:00 price=0.01349000 size=3558.10000000
2026-08-18 10:57:01,308 | INFO | crypto_bot | 1m CLOSED ts=2026-08-18T10:53:00+00:00 o=0.01347000 h=0.01347000 l=0.01347000 c=0.01347000 v=24357.70000000
2026-08-18 10:57:01,309 | INFO | crypto_bot | ENTRY signal=HOLD reason=trend_filter_not_passed meta={'regime': 'unknown'}
2026-08-18 10:57:01,309 | INFO | crypto_bot | 5m CLOSED ts=2026-08-18T10:50:00+00:00 o=0.01347000 h=0.01347000 l=0.01347000 c=0.01347000 v=24357.70000000
2026-08-18 10:58:34,465 | INFO | crypto_bot | TRADE pair=ROBO-USDT time=2026-08-18T10:58:34.412000+00:00 price=0.01349000 size=41272.80000000
2026-08-18 10:58:34,465 | INFO | crypto_bot | 1m CLOSED ts=2026-08-18T10:57:00+00:00 o=0.01349000 h=0.01349000 l=0.01349000 c=0.01349000 v=3558.10000000
2026-08-18 10:58:34,465 | INFO | crypto_bot | ENTRY signal=HOLD reason=trend_filter_not_passed meta={'regime': 'unknown'}
2026-08-18 10:58:34,577 | INFO | crypto_bot | TRADE pair=ROBO-USDT time=2026-08-18T10:58:34.525000+00:00 price=0.01350000 size=15131.50000000
2026-08-18 10:58:34,578 | INFO | crypto_bot | TRADE pair=ROBO-USDT time=2026-08-18T10:58:34.525000+00:00 price=0.01351000 size=44346.60000000
2026-08-18 11:00:35,585 | INFO | crypto_bot | TRADE pair=ROBO-USDT time=2026-08-18T11:00:35.532000+00:00 price=0.01351000 size=28538.60000000
2026-08-18 11:00:35,585 | INFO | crypto_bot | 1m CLOSED ts=2026-08-18T10:58:00+00:00 o=0.01349000 h=0.01351000 l=0.01349000 c=0.01351000 v=100750.90000000
2026-08-18 11:00:35,585 | INFO | crypto_bot | ENTRY signal=HOLD reason=trend_filter_not_passed meta={'regime': 'unknown'}
2026-08-18 11:00:35,586 | INFO | crypto_bot | 5m CLOSED ts=2026-08-18T10:55:00+00:00 o=0.01349000 h=0.01351000 l=0.01349000 c=0.01351000 v=104309.00000000
2026-08-18 11:00:35,586 | INFO | crypto_bot | TRADE pair=ROBO-USDT time=2026-08-18T11:00:35.533000+00:00 price=0.01350000 size=7694.70000000
2026-08-18 11:01:00,808 | INFO | crypto_bot | TRADE pair=ROBO-USDT time=2026-08-18T11:01:00.755000+00:00 price=0.01347000 size=24223.20000000
2026-08-18 11:01:00,808 | INFO | crypto_bot | 1m CLOSED ts=2026-08-18T11:00:00+00:00 o=0.01351000 h=0.01351000 l=0.01350000 c=0.01350000 v=36233.30000000
2026-08-18 11:01:00,808 | INFO | crypto_bot | ENTRY signal=HOLD reason=trend_filter_not_passed meta={'regime': 'unknown'}
2026-08-18 11:02:20,777 | INFO | crypto_bot | TRADE pair=ROBO-USDT time=2026-08-18T11:02:20.724000+00:00 price=0.01349000 size=100.60000000
2026-08-18 11:02:20,777 | INFO | crypto_bot | 1m CLOSED ts=2026-08-18T11:01:00+00:00 o=0.01347000 h=0.01347000 l=0.01347000 c=0.01347000 v=24223.20000000
2026-08-18 11:02:20,777 | INFO | crypto_bot | ENTRY signal=HOLD reason=trend_filter_not_passed meta={'regime': 'unknown'}
2026-08-18 11:02:20,780 | INFO | crypto_bot | TRADE pair=ROBO-USDT time=2026-08-18T11:02:20.727000+00:00 price=0.01349000 size=26656.80000000
2026-08-18 11:02:20,783 | INFO | crypto_bot | TRADE pair=ROBO-USDT time=2026-08-18T11:02:20.731000+00:00 price=0.01348000 size=26656.80000000
2026-08-18 11:03:31,363 | INFO | crypto_bot | TRADE pair=ROBO-USDT time=2026-08-18T11:03:31.303000+00:00 price=0.01347000 size=24806.00000000
2026-08-18 11:03:31,364 | INFO | crypto_bot | 1m CLOSED ts=2026-08-18T11:02:00+00:00 o=0.01349000 h=0.01349000 l=0.01348000 c=0.01348000 v=53414.20000000
2026-08-18 11:03:31,364 | INFO | crypto_bot | ENTRY signal=HOLD reason=trend_filter_not_passed meta={'regime': 'unknown'}
2026-08-18 11:03:49,734 | INFO | crypto_bot | TRADE pair=ROBO-USDT time=2026-08-18T11:03:49.681000+00:00 price=0.01346000 size=23585.20000000
2026-08-18 11:04:19,364 | INFO | crypto_bot | TRADE pair=ROBO-USDT time=2026-08-18T11:04:19.311000+00:00 price=0.01345000 size=13366.50000000
2026-08-18 11:04:19,364 | INFO | crypto_bot | 1m CLOSED ts=2026-08-18T11:03:00+00:00 o=0.01347000 h=0.01347000 l=0.01346000 c=0.01346000 v=48391.20000000
2026-08-18 11:04:19,364 | INFO | crypto_bot | ENTRY signal=HOLD reason=trend_filter_not_passed meta={'regime': 'unknown'}
2026-08-18 11:06:16,984 | INFO | crypto_bot | TRADE pair=ROBO-USDT time=2026-08-18T11:06:16.931000+00:00 price=0.01346000 size=1880.20000000
2026-08-18 11:06:16,984 | INFO | crypto_bot | 1m CLOSED ts=2026-08-18T11:04:00+00:00 o=0.01345000 h=0.01345000 l=0.01345000 c=0.01345000 v=13366.50000000
2026-08-18 11:06:16,984 | INFO | crypto_bot | ENTRY signal=HOLD reason=trend_filter_not_passed meta={'regime': 'unknown'}
2026-08-18 11:06:16,985 | INFO | crypto_bot | 5m CLOSED ts=2026-08-18T11:00:00+00:00 o=0.01351000 h=0.01351000 l=0.01345000 c=0.01345000 v=175628.40000000
2026-08-18 11:06:21,197 | INFO | crypto_bot | TRADE pair=ROBO-USDT time=2026-08-18T11:06:21.144000+00:00 price=0.01344000 size=38594.00000000
2026-08-18 11:07:43,039 | INFO | crypto_bot | TRADE pair=ROBO-USDT time=2026-08-18T11:07:42.986000+00:00 price=0.01344000 size=2113.70000000
2026-08-18 11:07:43,039 | INFO | crypto_bot | 1m CLOSED ts=2026-08-18T11:06:00+00:00 o=0.01346000 h=0.01346000 l=0.01344000 c=0.01344000 v=40474.20000000
2026-08-18 11:07:43,039 | INFO | crypto_bot | ENTRY signal=HOLD reason=trend_filter_not_passed meta={'regime': 'unknown'}
2026-08-18 11:09:45,909 | INFO | crypto_bot | TRADE pair=ROBO-USDT time=2026-08-18T11:09:45.855000+00:00 price=0.01347000 size=23775.80000000
2026-08-18 11:09:45,909 | INFO | crypto_bot | 1m CLOSED ts=2026-08-18T11:07:00+00:00 o=0.01344000 h=0.01344000 l=0.01344000 c=0.01344000 v=2113.70000000
2026-08-18 11:09:45,909 | INFO | crypto_bot | ENTRY signal=HOLD reason=trend_filter_not_passed meta={'regime': 'unknown'}
2026-08-18 11:09:45,910 | INFO | crypto_bot | TRADE pair=ROBO-USDT time=2026-08-18T11:09:45.856000+00:00 price=0.01347000 size=23775.80000000
2026-08-18 11:09:45,910 | INFO | crypto_bot | TRADE pair=ROBO-USDT time=2026-08-18T11:09:45.856000+00:00 price=0.01347000 size=2881.00000000
2026-08-18 11:09:45,910 | INFO | crypto_bot | TRADE pair=ROBO-USDT time=2026-08-18T11:09:45.857000+00:00 price=0.01348000 size=26656.80000000
2026-08-18 11:11:09,071 | INFO | crypto_bot | TRADE pair=ROBO-USDT time=2026-08-18T11:11:09.018000+00:00 price=0.01349000 size=44443.90000000
2026-08-18 11:11:09,071 | INFO | crypto_bot | 1m CLOSED ts=2026-08-18T11:09:00+00:00 o=0.01347000 h=0.01348000 l=0.01347000 c=0.01348000 v=77089.40000000
2026-08-18 11:11:09,071 | INFO | crypto_bot | ENTRY signal=HOLD reason=trend_filter_not_passed meta={'regime': 'unknown'}
2026-08-18 11:11:09,072 | INFO | crypto_bot | 5m CLOSED ts=2026-08-18T11:05:00+00:00 o=0.01346000 h=0.01348000 l=0.01344000 c=0.01348000 v=119677.30000000
2026-08-18 11:11:31,534 | INFO | crypto_bot | TRADE pair=ROBO-USDT time=2026-08-18T11:11:31.481000+00:00 price=0.01349000 size=1927.30000000
2026-08-18 11:15:15,927 | INFO | crypto_bot | TRADE pair=ROBO-USDT time=2026-08-18T11:15:15.874000+00:00 price=0.01348000 size=7517.80000000
2026-08-18 11:15:15,927 | INFO | crypto_bot | 1m CLOSED ts=2026-08-18T11:11:00+00:00 o=0.01349000 h=0.01349000 l=0.01349000 c=0.01349000 v=46371.20000000
2026-08-18 11:15:15,927 | INFO | crypto_bot | ENTRY signal=HOLD reason=trend_filter_not_passed meta={'regime': 'unknown'}
2026-08-18 11:15:15,928 | INFO | crypto_bot | 5m CLOSED ts=2026-08-18T11:10:00+00:00 o=0.01349000 h=0.01349000 l=0.01349000 c=0.01349000 v=46371.20000000
2026-08-18 11:15:33,034 | INFO | crypto_bot | TRADE pair=ROBO-USDT time=2026-08-18T11:15:32.980000+00:00 price=0.01348000 size=26656.80000000
2026-08-18 11:15:33,034 | INFO | crypto_bot | TRADE pair=ROBO-USDT time=2026-08-18T11:15:32.980000+00:00 price=0.01347000 size=53373.80000000
2026-08-18 11:15:33,034 | INFO | crypto_bot | TRADE pair=ROBO-USDT time=2026-08-18T11:15:32.980000+00:00 price=0.01346000 size=63721.20000000
2026-08-18 11:15:33,034 | INFO | crypto_bot | TRADE pair=ROBO-USDT time=2026-08-18T11:15:32.980000+00:00 price=0.01345000 size=48144.00000000
2026-08-18 11:15:33,035 | INFO | crypto_bot | TRADE pair=ROBO-USDT time=2026-08-18T11:15:32.980000+00:00 price=0.01344000 size=55636.50000000
2026-08-18 11:15:33,035 | INFO | crypto_bot | TRADE pair=ROBO-USDT time=2026-08-18T11:15:32.980000+00:00 price=0.01343000 size=144363.50000000
2026-08-18 11:15:33,035 | INFO | crypto_bot | TRADE pair=ROBO-USDT time=2026-08-18T11:15:32.980000+00:00 price=0.01343000 size=22502.00000000
2026-08-18 11:15:33,035 | INFO | crypto_bot | TRADE pair=ROBO-USDT time=2026-08-18T11:15:32.980000+00:00 price=0.01342000 size=27443.30000000
2026-08-18 11:15:33,035 | INFO | crypto_bot | TRADE pair=ROBO-USDT time=2026-08-18T11:15:32.980000+00:00 price=0.01342000 size=21287.00000000
2026-08-18 11:15:33,035 | INFO | crypto_bot | TRADE pair=ROBO-USDT time=2026-08-18T11:15:32.980000+00:00 price=0.01341000 size=46656.80000000
2026-08-18 11:15:33,035 | INFO | crypto_bot | TRADE pair=ROBO-USDT time=2026-08-18T11:15:32.980000+00:00 price=0.01340000 size=8954.50000000
2026-08-18 11:15:33,036 | INFO | crypto_bot | TRADE pair=ROBO-USDT time=2026-08-18T11:15:32.981000+00:00 price=0.01340000 size=20000.00000000
2026-08-18 11:15:33,036 | INFO | crypto_bot | TRADE pair=ROBO-USDT time=2026-08-18T11:15:32.982000+00:00 price=0.01341000 size=10325.70000000
2026-08-18 11:15:33,036 | INFO | crypto_bot | TRADE pair=ROBO-USDT time=2026-08-18T11:15:32.982000+00:00 price=0.01341000 size=12628.80000000
2026-08-18 11:15:33,036 | INFO | crypto_bot | TRADE pair=ROBO-USDT time=2026-08-18T11:15:32.982000+00:00 price=0.01340000 size=24667.90000000
2026-08-18 11:15:33,036 | INFO | crypto_bot | TRADE pair=ROBO-USDT time=2026-08-18T11:15:32.983000+00:00 price=0.01339000 size=1820.00000000
2026-08-18 11:15:33,036 | INFO | crypto_bot | TRADE pair=ROBO-USDT time=2026-08-18T11:15:32.983000+00:00 price=0.01339000 size=22847.90000000
2026-08-18 11:15:33,037 | INFO | crypto_bot | TRADE pair=ROBO-USDT time=2026-08-18T11:15:32.984000+00:00 price=0.01343000 size=6691.40000000
2026-08-18 11:15:33,037 | INFO | crypto_bot | TRADE pair=ROBO-USDT time=2026-08-18T11:15:32.984000+00:00 price=0.01343000 size=3241.30000000
2026-08-18 11:15:33,037 | INFO | crypto_bot | TRADE pair=ROBO-USDT time=2026-08-18T11:15:32.984000+00:00 price=0.01344000 size=3450.10000000
2026-08-18 11:15:33,038 | INFO | crypto_bot | TRADE pair=ROBO-USDT time=2026-08-18T11:15:32.984000+00:00 price=0.01341000 size=2084.80000000
2026-08-18 11:15:33,038 | INFO | crypto_bot | TRADE pair=ROBO-USDT time=2026-08-18T11:15:32.985000+00:00 price=0.01341000 size=4323.30000000
2026-08-18 11:15:33,038 | INFO | crypto_bot | TRADE pair=ROBO-USDT time=2026-08-18T11:15:32.985000+00:00 price=0.01338000 size=24667.90000000
2026-08-18 11:15:33,038 | INFO | crypto_bot | TRADE pair=ROBO-USDT time=2026-08-18T11:15:32.985000+00:00 price=0.01337000 size=1988.90000000
2026-08-18 11:15:33,038 | INFO | crypto_bot | TRADE pair=ROBO-USDT time=2026-08-18T11:15:32.985000+00:00 price=0.01341000 size=2084.80000000
2026-08-18 11:15:33,039 | INFO | crypto_bot | TRADE pair=ROBO-USDT time=2026-08-18T11:15:32.985000+00:00 price=0.01339000 size=9932.70000000
2026-08-18 11:15:33,039 | INFO | crypto_bot | TRADE pair=ROBO-USDT time=2026-08-18T11:15:32.985000+00:00 price=0.01337000 size=22679.00000000
2026-08-18 11:15:33,039 | INFO | crypto_bot | TRADE pair=ROBO-USDT time=2026-08-18T11:15:32.986000+00:00 price=0.01339000 size=16724.10000000
2026-08-18 11:15:33,039 | INFO | crypto_bot | TRADE pair=ROBO-USDT time=2026-08-18T11:15:32.986000+00:00 price=0.01340000 size=2053.80000000
2026-08-18 11:15:33,039 | INFO | crypto_bot | TRADE pair=ROBO-USDT time=2026-08-18T11:15:32.986000+00:00 price=0.01340000 size=22056.60000000
2026-08-18 11:15:33,039 | INFO | crypto_bot | TRADE pair=ROBO-USDT time=2026-08-18T11:15:32.986000+00:00 price=0.01340000 size=307.70000000
2026-08-18 11:15:33,039 | INFO | crypto_bot | TRADE pair=ROBO-USDT time=2026-08-18T11:15:32.986000+00:00 price=0.01341000 size=6403.70000000
2026-08-18 11:15:33,039 | INFO | crypto_bot | TRADE pair=ROBO-USDT time=2026-08-18T11:15:32.986000+00:00 price=0.01337000 size=1328.60000000
2026-08-18 11:15:33,040 | INFO | crypto_bot | TRADE pair=ROBO-USDT time=2026-08-18T11:15:32.986000+00:00 price=0.01341000 size=2684.50000000
2026-08-18 11:15:33,040 | INFO | crypto_bot | TRADE pair=ROBO-USDT time=2026-08-18T11:15:32.986000+00:00 price=0.01341000 size=31923.60000000
2026-08-18 11:15:33,040 | INFO | crypto_bot | TRADE pair=ROBO-USDT time=2026-08-18T11:15:32.986000+00:00 price=0.01337000 size=26656.80000000
2026-08-18 11:15:33,040 | INFO | crypto_bot | TRADE pair=ROBO-USDT time=2026-08-18T11:15:32.986000+00:00 price=0.01338000 size=1215.00000000
2026-08-18 11:15:33,040 | INFO | crypto_bot | TRADE pair=ROBO-USDT time=2026-08-18T11:15:32.986000+00:00 price=0.01337000 size=2680.20000000
2026-08-18 11:15:33,041 | INFO | crypto_bot | TRADE pair=ROBO-USDT time=2026-08-18T11:15:32.987000+00:00 price=0.01336000 size=113.60000000
2026-08-18 11:15:33,041 | INFO | crypto_bot | TRADE pair=ROBO-USDT time=2026-08-18T11:15:32.987000+00:00 price=0.01335000 size=36081.00000000
2026-08-18 11:15:33,041 | INFO | crypto_bot | TRADE pair=ROBO-USDT time=2026-08-18T11:15:32.987000+00:00 price=0.01337000 size=16724.10000000
2026-08-18 11:15:33,041 | INFO | crypto_bot | TRADE pair=ROBO-USDT time=2026-08-18T11:15:32.988000+00:00 price=0.01337000 size=22988.70000000
2026-08-18 11:15:33,041 | INFO | crypto_bot | TRADE pair=ROBO-USDT time=2026-08-18T11:15:32.988000+00:00 price=0.01338000 size=10444.50000000
2026-08-18 11:15:33,041 | INFO | crypto_bot | TRADE pair=ROBO-USDT time=2026-08-18T11:15:32.988000+00:00 price=0.01333000 size=26100.60000000
2026-08-18 11:15:33,042 | INFO | crypto_bot | TRADE pair=ROBO-USDT time=2026-08-18T11:15:32.988000+00:00 price=0.01336000 size=1215.00000000
2026-08-18 11:15:33,042 | INFO | crypto_bot | TRADE pair=ROBO-USDT time=2026-08-18T11:15:32.988000+00:00 price=0.01337000 size=18723.60000000
2026-08-18 11:15:33,042 | INFO | crypto_bot | TRADE pair=ROBO-USDT time=2026-08-18T11:15:32.988000+00:00 price=0.01338000 size=10951.40000000
2026-08-18 11:15:33,042 | INFO | crypto_bot | TRADE pair=ROBO-USDT time=2026-08-18T11:15:32.988000+00:00 price=0.01338000 size=1195.80000000
2026-08-18 11:15:33,042 | INFO | crypto_bot | TRADE pair=ROBO-USDT time=2026-08-18T11:15:32.988000+00:00 price=0.01338000 size=4065.10000000
2026-08-18 11:15:33,042 | INFO | crypto_bot | TRADE pair=ROBO-USDT time=2026-08-18T11:15:32.988000+00:00 price=0.01339000 size=2367.20000000
2026-08-18 11:15:33,042 | INFO | crypto_bot | TRADE pair=ROBO-USDT time=2026-08-18T11:15:32.988000+00:00 price=0.01337000 size=10620.70000000
2026-08-18 11:15:33,043 | INFO | crypto_bot | TRADE pair=ROBO-USDT time=2026-08-18T11:15:32.988000+00:00 price=0.01337000 size=1234.40000000
2026-08-18 11:15:33,043 | INFO | crypto_bot | TRADE pair=ROBO-USDT time=2026-08-18T11:15:32.988000+00:00 price=0.01337000 size=10620.70000000
2026-08-18 11:15:33,043 | INFO | crypto_bot | TRADE pair=ROBO-USDT time=2026-08-18T11:15:32.989000+00:00 price=0.01337000 size=4181.00000000
2026-08-18 11:15:33,043 | INFO | crypto_bot | TRADE pair=ROBO-USDT time=2026-08-18T11:15:32.989000+00:00 price=0.01338000 size=8010.40000000
2026-08-18 11:15:33,043 | INFO | crypto_bot | TRADE pair=ROBO-USDT time=2026-08-18T11:15:32.989000+00:00 price=0.01338000 size=3739.70000000
2026-08-18 11:15:33,043 | INFO | crypto_bot | TRADE pair=ROBO-USDT time=2026-08-18T11:15:32.989000+00:00 price=0.01337000 size=23909.50000000
2026-08-18 11:15:33,044 | INFO | crypto_bot | TRADE pair=ROBO-USDT time=2026-08-18T11:15:32.989000+00:00 price=0.01338000 size=5559.40000000
2026-08-18 11:15:33,044 | INFO | crypto_bot | TRADE pair=ROBO-USDT time=2026-08-18T11:15:32.990000+00:00 price=0.01338000 size=34015.20000000
2026-08-18 11:15:33,044 | INFO | crypto_bot | TRADE pair=ROBO-USDT time=2026-08-18T11:15:32.990000+00:00 price=0.01339000 size=41985.60000000
2026-08-18 11:15:33,044 | INFO | crypto_bot | TRADE pair=ROBO-USDT time=2026-08-18T11:15:32.990000+00:00 price=0.01340000 size=23103.00000000
2026-08-18 11:15:33,045 | INFO | crypto_bot | TRADE pair=ROBO-USDT time=2026-08-18T11:15:32.992000+00:00 price=0.01337000 size=23909.50000000
2026-08-18 11:15:33,045 | INFO | crypto_bot | TRADE pair=ROBO-USDT time=2026-08-18T11:15:32.992000+00:00 price=0.01336000 size=2832.70000000
2026-08-18 11:15:33,045 | INFO | crypto_bot | TRADE pair=ROBO-USDT time=2026-08-18T11:15:32.992000+00:00 price=0.01333000 size=10272.20000000
2026-08-18 11:15:33,045 | INFO | crypto_bot | TRADE pair=ROBO-USDT time=2026-08-18T11:15:32.992000+00:00 price=0.01333000 size=15610.70000000
2026-08-18 11:15:33,046 | INFO | crypto_bot | TRADE pair=ROBO-USDT time=2026-08-18T11:15:32.992000+00:00 price=0.01332000 size=26113.70000000
2026-08-18 11:15:33,046 | INFO | crypto_bot | TRADE pair=ROBO-USDT time=2026-08-18T11:15:32.992000+00:00 price=0.01331000 size=25882.90000000
2026-08-18 11:15:33,046 | INFO | crypto_bot | TRADE pair=ROBO-USDT time=2026-08-18T11:15:32.992000+00:00 price=0.01330000 size=7975.10000000
2026-08-18 11:15:33,046 | INFO | crypto_bot | TRADE pair=ROBO-USDT time=2026-08-18T11:15:32.992000+00:00 price=0.01336000 size=3141.30000000
2026-08-18 11:15:33,047 | INFO | crypto_bot | TRADE pair=ROBO-USDT time=2026-08-18T11:15:32.994000+00:00 price=0.01330000 size=18902.00000000
2026-08-18 11:15:33,047 | INFO | crypto_bot | TRADE pair=ROBO-USDT time=2026-08-18T11:15:32.994000+00:00 price=0.01329000 size=28444.90000000
2026-08-18 11:15:33,047 | INFO | crypto_bot | TRADE pair=ROBO-USDT time=2026-08-18T11:15:32.994000+00:00 price=0.01335000 size=4269.60000000
2026-08-18 11:15:33,049 | INFO | crypto_bot | TRADE pair=ROBO-USDT time=2026-08-18T11:15:32.996000+00:00 price=0.01330000 size=1215.00000000
2026-08-18 11:15:33,049 | INFO | crypto_bot | TRADE pair=ROBO-USDT time=2026-08-18T11:15:32.996000+00:00 price=0.01334000 size=1215.00000000
2026-08-18 11:15:33,138 | INFO | crypto_bot | TRADE pair=ROBO-USDT time=2026-08-18T11:15:32.996000+00:00 price=0.01334000 size=16554.30000000
2026-08-18 11:15:33,138 | INFO | crypto_bot | TRADE pair=ROBO-USDT time=2026-08-18T11:15:32.997000+00:00 price=0.01334000 size=1199.40000000
2026-08-18 11:15:33,139 | INFO | crypto_bot | TRADE pair=ROBO-USDT time=2026-08-18T11:15:32.998000+00:00 price=0.01334000 size=46426.50000000
2026-08-18 11:15:33,139 | INFO | crypto_bot | TRADE pair=ROBO-USDT time=2026-08-18T11:15:32.998000+00:00 price=0.01335000 size=30830.20000000
2026-08-18 11:15:33,139 | INFO | crypto_bot | TRADE pair=ROBO-USDT time=2026-08-18T11:15:32.999000+00:00 price=0.01336000 size=6736.50000000
2026-08-18 11:15:33,139 | INFO | crypto_bot | TRADE pair=ROBO-USDT time=2026-08-18T11:15:33+00:00 price=0.01334000 size=6736.50000000
2026-08-18 11:15:33,139 | INFO | crypto_bot | TRADE pair=ROBO-USDT time=2026-08-18T11:15:33.001000+00:00 price=0.01334000 size=1215.00000000
2026-08-18 11:15:33,139 | INFO | crypto_bot | TRADE pair=ROBO-USDT time=2026-08-18T11:15:33.001000+00:00 price=0.01335000 size=5521.50000000
2026-08-18 11:15:33,139 | INFO | crypto_bot | TRADE pair=ROBO-USDT time=2026-08-18T11:15:33.002000+00:00 price=0.01336000 size=15161.30000000
2026-08-18 11:15:33,140 | INFO | crypto_bot | TRADE pair=ROBO-USDT time=2026-08-18T11:15:33.004000+00:00 price=0.01331000 size=21215.00000000
2026-08-18 11:15:33,140 | INFO | crypto_bot | TRADE pair=ROBO-USDT time=2026-08-18T11:15:33.004000+00:00 price=0.01336000 size=15161.30000000
2026-08-18 11:15:33,141 | INFO | crypto_bot | TRADE pair=ROBO-USDT time=2026-08-18T11:15:33.006000+00:00 price=0.01336000 size=22522.60000000
2026-08-18 11:15:33,141 | INFO | crypto_bot | TRADE pair=ROBO-USDT time=2026-08-18T11:15:33.006000+00:00 price=0.01331000 size=14646.50000000
2026-08-18 11:15:33,141 | INFO | crypto_bot | TRADE pair=ROBO-USDT time=2026-08-18T11:15:33.009000+00:00 price=0.01334000 size=14770.90000000
2026-08-18 11:15:33,141 | INFO | crypto_bot | TRADE pair=ROBO-USDT time=2026-08-18T11:15:33.009000+00:00 price=0.01334000 size=7751.70000000
2026-08-18 11:15:33,141 | INFO | crypto_bot | TRADE pair=ROBO-USDT time=2026-08-18T11:15:33.010000+00:00 price=0.01336000 size=1215.00000000
2026-08-18 11:15:33,141 | INFO | crypto_bot | TRADE pair=ROBO-USDT time=2026-08-18T11:15:33.010000+00:00 price=0.01334000 size=1215.00000000
2026-08-18 11:15:33,141 | INFO | crypto_bot | TRADE pair=ROBO-USDT time=2026-08-18T11:15:33.011000+00:00 price=0.01334000 size=22522.60000000
2026-08-18 11:15:33,141 | INFO | crypto_bot | TRADE pair=ROBO-USDT time=2026-08-18T11:15:33.013000+00:00 price=0.01335000 size=3671.60000000
2026-08-18 11:15:33,142 | INFO | crypto_bot | TRADE pair=ROBO-USDT time=2026-08-18T11:15:33.013000+00:00 price=0.01334000 size=1119.00000000
2026-08-18 11:15:33,142 | INFO | crypto_bot | TRADE pair=ROBO-USDT time=2026-08-18T11:15:33.013000+00:00 price=0.01334000 size=22618.60000000
2026-08-18 11:15:33,142 | INFO | crypto_bot | TRADE pair=ROBO-USDT time=2026-08-18T11:15:33.013000+00:00 price=0.01333000 size=1718.00000000
2026-08-18 11:15:33,142 | INFO | crypto_bot | TRADE pair=ROBO-USDT time=2026-08-18T11:15:33.015000+00:00 price=0.01335000 size=9069.10000000
2026-08-18 11:15:33,142 | INFO | crypto_bot | TRADE pair=ROBO-USDT time=2026-08-18T11:15:33.016000+00:00 price=0.01334000 size=11256.90000000
2026-08-18 11:15:33,142 | INFO | crypto_bot | TRADE pair=ROBO-USDT time=2026-08-18T11:15:33.016000+00:00 price=0.01334000 size=12480.70000000
2026-08-18 11:15:33,142 | INFO | crypto_bot | TRADE pair=ROBO-USDT time=2026-08-18T11:15:33.018000+00:00 price=0.01335000 size=2514.60000000
2026-08-18 11:15:33,142 | INFO | crypto_bot | TRADE pair=ROBO-USDT time=2026-08-18T11:15:33.019000+00:00 price=0.01335000 size=1157.00000000
2026-08-18 11:15:33,142 | INFO | crypto_bot | TRADE pair=ROBO-USDT time=2026-08-18T11:15:33.019000+00:00 price=0.01334000 size=1215.00000000
2026-08-18 11:15:33,143 | INFO | crypto_bot | TRADE pair=ROBO-USDT time=2026-08-18T11:15:33.021000+00:00 price=0.01334000 size=3671.60000000
2026-08-18 11:15:33,143 | INFO | crypto_bot | TRADE pair=ROBO-USDT time=2026-08-18T11:15:33.028000+00:00 price=0.01334000 size=22522.60000000
2026-08-18 11:15:33,143 | INFO | crypto_bot | TRADE pair=ROBO-USDT time=2026-08-18T11:15:33.031000+00:00 price=0.01335000 size=3671.60000000
2026-08-18 11:15:33,143 | INFO | crypto_bot | TRADE pair=ROBO-USDT time=2026-08-18T11:15:33.035000+00:00 price=0.01336000 size=1215.00000000
2026-08-18 11:15:33,143 | INFO | crypto_bot | TRADE pair=ROBO-USDT time=2026-08-18T11:15:33.036000+00:00 price=0.01335000 size=22522.60000000
2026-08-18 11:15:33,143 | INFO | crypto_bot | TRADE pair=ROBO-USDT time=2026-08-18T11:15:33.036000+00:00 price=0.01336000 size=3671.60000000
2026-08-18 11:15:33,143 | INFO | crypto_bot | TRADE pair=ROBO-USDT time=2026-08-18T11:15:33.038000+00:00 price=0.01336000 size=3671.60000000
2026-08-18 11:15:33,143 | INFO | crypto_bot | TRADE pair=ROBO-USDT time=2026-08-18T11:15:33.038000+00:00 price=0.01335000 size=22522.60000000
2026-08-18 11:15:33,144 | INFO | crypto_bot | TRADE pair=ROBO-USDT time=2026-08-18T11:15:33.041000+00:00 price=0.01335000 size=22522.60000000
2026-08-18 11:15:33,144 | INFO | crypto_bot | TRADE pair=ROBO-USDT time=2026-08-18T11:15:33.043000+00:00 price=0.01335000 size=3671.60000000
2026-08-18 11:15:33,144 | INFO | crypto_bot | TRADE pair=ROBO-USDT time=2026-08-18T11:15:33.048000+00:00 price=0.01334000 size=23737.60000000
2026-08-18 11:15:33,144 | INFO | crypto_bot | TRADE pair=ROBO-USDT time=2026-08-18T11:15:33.055000+00:00 price=0.01336000 size=1328.50000000
2026-08-18 11:15:33,144 | INFO | crypto_bot | TRADE pair=ROBO-USDT time=2026-08-18T11:15:33.065000+00:00 price=0.01335000 size=22522.60000000
2026-08-18 11:15:33,144 | INFO | crypto_bot | TRADE pair=ROBO-USDT time=2026-08-18T11:15:33.065000+00:00 price=0.01336000 size=1215.00000000
2026-08-18 11:15:33,145 | INFO | crypto_bot | TRADE pair=ROBO-USDT time=2026-08-18T11:15:33.068000+00:00 price=0.01336000 size=6736.50000000
2026-08-18 11:15:33,145 | INFO | crypto_bot | TRADE pair=ROBO-USDT time=2026-08-18T11:15:33.068000+00:00 price=0.01336000 size=6736.50000000
2026-08-18 11:15:33,145 | INFO | crypto_bot | TRADE pair=ROBO-USDT time=2026-08-18T11:15:33.075000+00:00 price=0.01336000 size=10264.60000000
2026-08-18 11:15:33,145 | INFO | crypto_bot | TRADE pair=ROBO-USDT time=2026-08-18T11:15:33.079000+00:00 price=0.01335000 size=3671.60000000
2026-08-18 11:15:33,145 | INFO | crypto_bot | TRADE pair=ROBO-USDT time=2026-08-18T11:15:33.085000+00:00 price=0.01336000 size=1215.00000000
2026-08-18 11:15:33,188 | INFO | crypto_bot | TRADE pair=ROBO-USDT time=2026-08-18T11:15:33.135000+00:00 price=0.01336000 size=1215.00000000
2026-08-18 11:15:33,198 | INFO | crypto_bot | TRADE pair=ROBO-USDT time=2026-08-18T11:15:33.145000+00:00 price=0.01336000 size=1215.00000000
2026-08-18 11:15:33,200 | INFO | crypto_bot | TRADE pair=ROBO-USDT time=2026-08-18T11:15:33.147000+00:00 price=0.01335000 size=3671.60000000
2026-08-18 11:15:33,213 | INFO | crypto_bot | TRADE pair=ROBO-USDT time=2026-08-18T11:15:33.161000+00:00 price=0.01335000 size=3671.60000000
2026-08-18 11:15:33,217 | INFO | crypto_bot | TRADE pair=ROBO-USDT time=2026-08-18T11:15:33.164000+00:00 price=0.01336000 size=3671.60000000
2026-08-18 11:15:33,239 | INFO | crypto_bot | TRADE pair=ROBO-USDT time=2026-08-18T11:15:33.186000+00:00 price=0.01335000 size=3671.60000000
2026-08-18 11:15:33,265 | INFO | crypto_bot | TRADE pair=ROBO-USDT time=2026-08-18T11:15:33.213000+00:00 price=0.01335000 size=3671.60000000
2026-08-18 11:15:33,324 | INFO | crypto_bot | TRADE pair=ROBO-USDT time=2026-08-18T11:15:33.271000+00:00 price=0.01333000 size=1215.00000000
2026-08-18 11:15:33,324 | INFO | crypto_bot | TRADE pair=ROBO-USDT time=2026-08-18T11:15:33.271000+00:00 price=0.01332000 size=258.00000000
2026-08-18 11:15:33,324 | INFO | crypto_bot | TRADE pair=ROBO-USDT time=2026-08-18T11:15:33.271000+00:00 price=0.01332000 size=1120.00000000
2026-08-18 11:15:33,325 | INFO | crypto_bot | TRADE pair=ROBO-USDT time=2026-08-18T11:15:33.271000+00:00 price=0.01332000 size=1119.00000000
2026-08-18 11:15:33,326 | INFO | crypto_bot | TRADE pair=ROBO-USDT time=2026-08-18T11:15:33.273000+00:00 price=0.01332000 size=1215.00000000
2026-08-18 11:15:33,326 | INFO | crypto_bot | TRADE pair=ROBO-USDT time=2026-08-18T11:15:33.273000+00:00 price=0.01331000 size=24.00000000
2026-08-18 11:15:33,366 | INFO | crypto_bot | TRADE pair=ROBO-USDT time=2026-08-18T11:15:33.305000+00:00 price=0.01334000 size=1119.00000000
2026-08-18 11:15:33,366 | INFO | crypto_bot | TRADE pair=ROBO-USDT time=2026-08-18T11:15:33.306000+00:00 price=0.01334000 size=1297.40000000
2026-08-18 11:15:33,366 | INFO | crypto_bot | TRADE pair=ROBO-USDT time=2026-08-18T11:15:33.307000+00:00 price=0.01334000 size=1119.00000000
2026-08-18 11:15:33,424 | INFO | crypto_bot | TRADE pair=ROBO-USDT time=2026-08-18T11:15:33.370000+00:00 price=0.01333000 size=1321.90000000
2026-08-18 11:15:33,426 | INFO | crypto_bot | TRADE pair=ROBO-USDT time=2026-08-18T11:15:33.373000+00:00 price=0.01333000 size=1482.00000000
2026-08-18 11:15:33,428 | INFO | crypto_bot | TRADE pair=ROBO-USDT time=2026-08-18T11:15:33.375000+00:00 price=0.01332000 size=1215.00000000
2026-08-18 11:15:33,428 | INFO | crypto_bot | TRADE pair=ROBO-USDT time=2026-08-18T11:15:33.375000+00:00 price=0.01331000 size=275.00000000
2026-08-18 11:15:33,432 | INFO | crypto_bot | TRADE pair=ROBO-USDT time=2026-08-18T11:15:33.379000+00:00 price=0.01331000 size=1491.90000000
2026-08-18 11:15:33,434 | INFO | crypto_bot | TRADE pair=ROBO-USDT time=2026-08-18T11:15:33.381000+00:00 price=0.01331000 size=1482.00000000
2026-08-18 11:15:33,434 | INFO | crypto_bot | TRADE pair=ROBO-USDT time=2026-08-18T11:15:33.381000+00:00 price=0.01331000 size=1483.00000000
2026-08-18 11:15:33,434 | INFO | crypto_bot | TRADE pair=ROBO-USDT time=2026-08-18T11:15:33.382000+00:00 price=0.01332000 size=1490.00000000
2026-08-18 11:15:33,436 | INFO | crypto_bot | TRADE pair=ROBO-USDT time=2026-08-18T11:15:33.383000+00:00 price=0.01332000 size=1484.00000000
2026-08-18 11:15:33,436 | INFO | crypto_bot | TRADE pair=ROBO-USDT time=2026-08-18T11:15:33.383000+00:00 price=0.01332000 size=1493.00000000
2026-08-18 11:15:33,436 | INFO | crypto_bot | TRADE pair=ROBO-USDT time=2026-08-18T11:15:33.383000+00:00 price=0.01332000 size=419.60000000
2026-08-18 11:15:33,437 | INFO | crypto_bot | TRADE pair=ROBO-USDT time=2026-08-18T11:15:33.383000+00:00 price=0.01331000 size=1062.40000000
2026-08-18 11:15:33,437 | INFO | crypto_bot | TRADE pair=ROBO-USDT time=2026-08-18T11:15:33.383000+00:00 price=0.01331000 size=1494.00000000
2026-08-18 11:15:33,440 | INFO | crypto_bot | TRADE pair=ROBO-USDT time=2026-08-18T11:15:33.387000+00:00 price=0.01331000 size=1487.20000000
2026-08-18 11:15:33,443 | INFO | crypto_bot | TRADE pair=ROBO-USDT time=2026-08-18T11:15:33.391000+00:00 price=0.01331000 size=1753.00000000
2026-08-18 11:15:33,466 | INFO | crypto_bot | TRADE pair=ROBO-USDT time=2026-08-18T11:15:33.411000+00:00 price=0.01333000 size=3671.60000000
2026-08-18 11:15:33,466 | INFO | crypto_bot | TRADE pair=ROBO-USDT time=2026-08-18T11:15:33.411000+00:00 price=0.01332000 size=82.50000000
2026-08-18 11:15:33,466 | INFO | crypto_bot | TRADE pair=ROBO-USDT time=2026-08-18T11:15:33.411000+00:00 price=0.01332000 size=1132.50000000
2026-08-18 11:15:33,466 | INFO | crypto_bot | TRADE pair=ROBO-USDT time=2026-08-18T11:15:33.411000+00:00 price=0.01331000 size=1095.50000000
2026-08-18 11:15:33,549 | INFO | crypto_bot | TRADE pair=ROBO-USDT time=2026-08-18T11:15:33.496000+00:00 price=0.01332000 size=1215.00000000
2026-08-18 11:15:33,550 | INFO | crypto_bot | TRADE pair=ROBO-USDT time=2026-08-18T11:15:33.496000+00:00 price=0.01331000 size=1924.60000000
2026-08-18 11:15:33,788 | INFO | crypto_bot | TRADE pair=ROBO-USDT time=2026-08-18T11:15:33.735000+00:00 price=0.01335000 size=27712.00000000
2026-08-18 11:15:34,665 | INFO | crypto_bot | TRADE pair=ROBO-USDT time=2026-08-18T11:15:34.611000+00:00 price=0.01334000 size=3671.60000000
2026-08-18 11:15:34,665 | INFO | crypto_bot | TRADE pair=ROBO-USDT time=2026-08-18T11:15:34.611000+00:00 price=0.01333000 size=33876.40000000
2026-08-18 11:15:34,665 | INFO | crypto_bot | TRADE pair=ROBO-USDT time=2026-08-18T11:15:34.611000+00:00 price=0.01332000 size=2881.80000000
2026-08-18 11:15:37,316 | INFO | crypto_bot | TRADE pair=ROBO-USDT time=2026-08-18T11:15:37.262000+00:00 price=0.01334000 size=8849.60000000
2026-08-18 11:15:41,972 | INFO | crypto_bot | TRADE pair=ROBO-USDT time=2026-08-18T11:15:41.919000+00:00 price=0.01334000 size=3671.60000000
2026-08-18 11:15:41,972 | INFO | crypto_bot | TRADE pair=ROBO-USDT time=2026-08-18T11:15:41.919000+00:00 price=0.01333000 size=18851.00000000
2026-08-18 11:15:42,098 | INFO | crypto_bot | TRADE pair=ROBO-USDT time=2026-08-18T11:15:42.043000+00:00 price=0.01334000 size=3671.60000000
2026-08-18 11:15:42,209 | INFO | crypto_bot | TRADE pair=ROBO-USDT time=2026-08-18T11:15:42.156000+00:00 price=0.01334000 size=3671.60000000
2026-08-18 11:15:42,720 | INFO | crypto_bot | TRADE pair=ROBO-USDT time=2026-08-18T11:15:42.667000+00:00 price=0.01333000 size=3671.60000000
2026-08-18 11:15:45,204 | INFO | crypto_bot | TRADE pair=ROBO-USDT time=2026-08-18T11:15:45.151000+00:00 price=0.01332000 size=3671.60000000
2026-08-18 11:15:45,636 | INFO | crypto_bot | TRADE pair=ROBO-USDT time=2026-08-18T11:15:45.583000+00:00 price=0.01330000 size=37637.00000000
2026-08-18 11:15:45,638 | INFO | crypto_bot | TRADE pair=ROBO-USDT time=2026-08-18T11:15:45.585000+00:00 price=0.01330000 size=531.80000000
2026-08-18 11:15:45,704 | INFO | crypto_bot | TRADE pair=ROBO-USDT time=2026-08-18T11:15:45.650000+00:00 price=0.01331000 size=3671.60000000
2026-08-18 11:15:45,705 | INFO | crypto_bot | TRADE pair=ROBO-USDT time=2026-08-18T11:15:45.652000+00:00 price=0.01331000 size=3671.60000000
2026-08-18 11:15:46,147 | INFO | crypto_bot | TRADE pair=ROBO-USDT time=2026-08-18T11:15:46.093000+00:00 price=0.01332000 size=20757.50000000
2026-08-18 11:15:47,283 | INFO | crypto_bot | TRADE pair=ROBO-USDT time=2026-08-18T11:15:47.229000+00:00 price=0.01332000 size=3671.60000000
2026-08-18 11:15:47,283 | INFO | crypto_bot | TRADE pair=ROBO-USDT time=2026-08-18T11:15:47.229000+00:00 price=0.01331000 size=10138.80000000
2026-08-18 11:15:47,287 | INFO | crypto_bot | TRADE pair=ROBO-USDT time=2026-08-18T11:15:47.234000+00:00 price=0.01331000 size=18011.30000000
2026-08-18 11:15:47,789 | INFO | crypto_bot | TRADE pair=ROBO-USDT time=2026-08-18T11:15:47.729000+00:00 price=0.01332000 size=16416.90000000
2026-08-18 11:15:53,135 | INFO | crypto_bot | TRADE pair=ROBO-USDT time=2026-08-18T11:15:53.082000+00:00 price=0.01335000 size=18011.30000000
2026-08-18 11:15:53,140 | INFO | crypto_bot | TRADE pair=ROBO-USDT time=2026-08-18T11:15:53.086000+00:00 price=0.01336000 size=113.50000000
2026-08-18 11:15:53,142 | INFO | crypto_bot | TRADE pair=ROBO-USDT time=2026-08-18T11:15:53.089000+00:00 price=0.01334000 size=4359.30000000
2026-08-18 11:15:53,144 | INFO | crypto_bot | TRADE pair=ROBO-USDT time=2026-08-18T11:15:53.090000+00:00 price=0.01334000 size=14867.00000000
2026-08-18 11:15:53,144 | INFO | crypto_bot | TRADE pair=ROBO-USDT time=2026-08-18T11:15:53.090000+00:00 price=0.01333000 size=13685.90000000
2026-08-18 11:15:53,215 | INFO | crypto_bot | TRADE pair=ROBO-USDT time=2026-08-18T11:15:53.161000+00:00 price=0.01336000 size=2505.20000000
2026-08-18 11:15:53,215 | INFO | crypto_bot | TRADE pair=ROBO-USDT time=2026-08-18T11:15:53.162000+00:00 price=0.01336000 size=27000.00000000
2026-08-18 11:15:53,216 | INFO | crypto_bot | TRADE pair=ROBO-USDT time=2026-08-18T11:15:53.163000+00:00 price=0.01336000 size=6973.60000000
2026-08-18 11:16:00,618 | INFO | crypto_bot | TRADE pair=ROBO-USDT time=2026-08-18T11:16:00.565000+00:00 price=0.01335000 size=3671.60000000
2026-08-18 11:16:00,618 | INFO | crypto_bot | 1m CLOSED ts=2026-08-18T11:15:00+00:00 o=0.01348000 h=0.01348000 l=0.01329000 c=0.01336000 v=2180829.10000000
2026-08-18 11:16:00,618 | INFO | crypto_bot | ENTRY signal=HOLD reason=trend_filter_not_passed meta={'regime': 'unknown'}
2026-08-18 11:16:00,623 | INFO | crypto_bot | TRADE pair=ROBO-USDT time=2026-08-18T11:16:00.570000+00:00 price=0.01336000 size=20026.40000000
2026-08-18 11:16:00,624 | INFO | crypto_bot | TRADE pair=ROBO-USDT time=2026-08-18T11:16:00.570000+00:00 price=0.01336000 size=19903.90000000
2026-08-18 11:16:00,690 | INFO | crypto_bot | TRADE pair=ROBO-USDT time=2026-08-18T11:16:00.634000+00:00 price=0.01336000 size=3671.60000000
2026-08-18 11:16:11,356 | INFO | crypto_bot | TRADE pair=ROBO-USDT time=2026-08-18T11:16:11.302000+00:00 price=0.01335000 size=7096.10000000
2026-08-18 11:16:11,356 | INFO | crypto_bot | TRADE pair=ROBO-USDT time=2026-08-18T11:16:11.302000+00:00 price=0.01335000 size=10915.20000000
2026-08-18 11:16:11,368 | INFO | crypto_bot | TRADE pair=ROBO-USDT time=2026-08-18T11:16:11.304000+00:00 price=0.01335000 size=18011.30000000
2026-08-18 11:16:11,607 | INFO | crypto_bot | TRADE pair=ROBO-USDT time=2026-08-18T11:16:11.554000+00:00 price=0.01335000 size=26743.00000000
2026-08-18 11:16:46,392 | INFO | crypto_bot | TRADE pair=ROBO-USDT time=2026-08-18T11:16:46.338000+00:00 price=0.01335000 size=3906.50000000
2026-08-18 11:16:46,392 | INFO | crypto_bot | TRADE pair=ROBO-USDT time=2026-08-18T11:16:46.338000+00:00 price=0.01334000 size=2486.60000000
2026-08-18 11:17:21,541 | INFO | crypto_bot | TRADE pair=ROBO-USDT time=2026-08-18T11:17:21.488000+00:00 price=0.01337000 size=3671.60000000
2026-08-18 11:17:21,542 | INFO | crypto_bot | 1m CLOSED ts=2026-08-18T11:16:00+00:00 o=0.01335000 h=0.01336000 l=0.01334000 c=0.01334000 v=116432.20000000
2026-08-18 11:17:21,542 | INFO | crypto_bot | ENTRY signal=HOLD reason=trend_filter_not_passed meta={'regime': 'unknown'}
2026-08-18 11:17:21,565 | INFO | crypto_bot | TRADE pair=ROBO-USDT time=2026-08-18T11:17:21.509000+00:00 price=0.01337000 size=3671.60000000
2026-08-18 11:17:21,599 | INFO | crypto_bot | TRADE pair=ROBO-USDT time=2026-08-18T11:17:21.546000+00:00 price=0.01337000 size=3671.60000000
2026-08-18 11:17:21,614 | INFO | crypto_bot | TRADE pair=ROBO-USDT time=2026-08-18T11:17:21.561000+00:00 price=0.01337000 size=3671.60000000
2026-08-18 11:17:22,099 | INFO | crypto_bot | TRADE pair=ROBO-USDT time=2026-08-18T11:17:22.044000+00:00 price=0.01337000 size=3671.60000000
2026-08-18 11:17:31,251 | INFO | crypto_bot | TRADE pair=ROBO-USDT time=2026-08-18T11:17:31.198000+00:00 price=0.01337000 size=13457.20000000
2026-08-18 11:17:31,394 | INFO | crypto_bot | TRADE pair=ROBO-USDT time=2026-08-18T11:17:31.341000+00:00 price=0.01336000 size=1621.00000000
2026-08-18 11:17:58,613 | INFO | crypto_bot | TRADE pair=ROBO-USDT time=2026-08-18T11:17:58.560000+00:00 price=0.01337000 size=3671.60000000
2026-08-18 11:18:33,666 | INFO | crypto_bot | TRADE pair=ROBO-USDT time=2026-08-18T11:18:33.604000+00:00 price=0.01336000 size=216.20000000
2026-08-18 11:18:33,666 | INFO | crypto_bot | 1m CLOSED ts=2026-08-18T11:17:00+00:00 o=0.01337000 h=0.01337000 l=0.01336000 c=0.01337000 v=37107.80000000
2026-08-18 11:18:33,666 | INFO | crypto_bot | ENTRY signal=HOLD reason=trend_filter_not_passed meta={'regime': 'unknown'}
2026-08-18 11:19:43,501 | INFO | crypto_bot | TRADE pair=ROBO-USDT time=2026-08-18T11:19:43.448000+00:00 price=0.01336000 size=945.60000000
2026-08-18 11:19:43,501 | INFO | crypto_bot | 1m CLOSED ts=2026-08-18T11:18:00+00:00 o=0.01336000 h=0.01336000 l=0.01336000 c=0.01336000 v=216.20000000
2026-08-18 11:19:43,501 | INFO | crypto_bot | ENTRY signal=HOLD reason=trend_filter_not_passed meta={'regime': 'unknown'}
2026-08-18 11:19:43,502 | INFO | crypto_bot | TRADE pair=ROBO-USDT time=2026-08-18T11:19:43.449000+00:00 price=0.01336000 size=2726.00000000
2026-08-18 11:20:33,075 | INFO | crypto_bot | TRADE pair=ROBO-USDT time=2026-08-18T11:20:33.021000+00:00 price=0.01335000 size=3667.60000000
2026-08-18 11:20:33,075 | INFO | crypto_bot | 1m CLOSED ts=2026-08-18T11:19:00+00:00 o=0.01336000 h=0.01336000 l=0.01336000 c=0.01336000 v=3671.60000000
2026-08-18 11:20:33,075 | INFO | crypto_bot | ENTRY signal=HOLD reason=trend_filter_not_passed meta={'regime': 'unknown'}
2026-08-18 11:20:33,076 | INFO | crypto_bot | 5m CLOSED ts=2026-08-18T11:15:00+00:00 o=0.01348000 h=0.01348000 l=0.01329000 c=0.01336000 v=2338256.90000000
2026-08-18 11:20:33,275 | INFO | crypto_bot | TRADE pair=ROBO-USDT time=2026-08-18T11:20:33.221000+00:00 price=0.01335000 size=3667.60000000
2026-08-18 11:20:33,275 | INFO | crypto_bot | TRADE pair=ROBO-USDT time=2026-08-18T11:20:33.222000+00:00 price=0.01335000 size=4.00000000
2026-08-18 11:23:47,401 | INFO | crypto_bot | TRADE pair=ROBO-USDT time=2026-08-18T11:23:47.347000+00:00 price=0.01338000 size=20777.20000000
2026-08-18 11:23:47,401 | INFO | crypto_bot | 1m CLOSED ts=2026-08-18T11:20:00+00:00 o=0.01335000 h=0.01335000 l=0.01335000 c=0.01335000 v=7339.20000000
2026-08-18 11:23:47,401 | INFO | crypto_bot | ENTRY signal=HOLD reason=trend_filter_not_passed meta={'regime': 'unknown'}
2026-08-18 11:27:12,463 | INFO | crypto_bot | TRADE pair=ROBO-USDT time=2026-08-18T11:27:12.408000+00:00 price=0.01337000 size=141.10000000
2026-08-18 11:27:12,463 | INFO | crypto_bot | 1m CLOSED ts=2026-08-18T11:23:00+00:00 o=0.01338000 h=0.01338000 l=0.01338000 c=0.01338000 v=20777.20000000
2026-08-18 11:27:12,463 | INFO | crypto_bot | ENTRY signal=HOLD reason=trend_filter_not_passed meta={'regime': 'unknown'}
2026-08-18 11:27:12,464 | INFO | crypto_bot | 5m CLOSED ts=2026-08-18T11:20:00+00:00 o=0.01335000 h=0.01338000 l=0.01335000 c=0.01338000 v=28116.40000000
2026-08-18 11:27:12,464 | INFO | crypto_bot | TRADE pair=ROBO-USDT time=2026-08-18T11:27:12.408000+00:00 price=0.01336000 size=18237.80000000
2026-08-18 11:27:12,464 | INFO | crypto_bot | TRADE pair=ROBO-USDT time=2026-08-18T11:27:12.408000+00:00 price=0.01335000 size=55394.40000000
2026-08-18 11:27:12,563 | INFO | crypto_bot | TRADE pair=ROBO-USDT time=2026-08-18T11:27:12.506000+00:00 price=0.01335000 size=109.70000000
2026-08-18 11:27:12,632 | INFO | crypto_bot | TRADE pair=ROBO-USDT time=2026-08-18T11:27:12.578000+00:00 price=0.01335000 size=3671.60000000
2026-08-18 11:27:24,641 | INFO | crypto_bot | TRADE pair=ROBO-USDT time=2026-08-18T11:27:24.588000+00:00 price=0.01335000 size=510.00000000
2026-08-18 11:27:24,641 | INFO | crypto_bot | TRADE pair=ROBO-USDT time=2026-08-18T11:27:24.588000+00:00 price=0.01334000 size=1215.00000000
2026-08-18 11:27:24,643 | INFO | crypto_bot | TRADE pair=ROBO-USDT time=2026-08-18T11:27:24.589000+00:00 price=0.01333000 size=45031.90000000
2026-08-18 11:27:24,643 | INFO | crypto_bot | TRADE pair=ROBO-USDT time=2026-08-18T11:27:24.589000+00:00 price=0.01332000 size=2712.00000000
2026-08-18 11:27:24,792 | INFO | crypto_bot | TRADE pair=ROBO-USDT time=2026-08-18T11:27:24.739000+00:00 price=0.01332000 size=1215.00000000
2026-08-18 11:27:24,792 | INFO | crypto_bot | TRADE pair=ROBO-USDT time=2026-08-18T11:27:24.739000+00:00 price=0.01331000 size=282.00000000
2026-08-18 11:27:42,841 | INFO | crypto_bot | TRADE pair=ROBO-USDT time=2026-08-18T11:27:42.787000+00:00 price=0.01334000 size=4886.60000000
2026-08-18 11:27:42,842 | INFO | crypto_bot | TRADE pair=ROBO-USDT time=2026-08-18T11:27:42.787000+00:00 price=0.01333000 size=1220.40000000
2026-08-18 11:28:41,587 | INFO | crypto_bot | TRADE pair=ROBO-USDT time=2026-08-18T11:28:41.534000+00:00 price=0.01336000 size=100.00000000
2026-08-18 11:28:41,587 | INFO | crypto_bot | 1m CLOSED ts=2026-08-18T11:27:00+00:00 o=0.01337000 h=0.01337000 l=0.01331000 c=0.01333000 v=134627.50000000
2026-08-18 11:28:41,587 | INFO | crypto_bot | ENTRY signal=HOLD reason=trend_filter_not_passed meta={'regime': 'unknown'}
2026-08-18 11:30:15,795 | INFO | crypto_bot | TRADE pair=ROBO-USDT time=2026-08-18T11:30:15.741000+00:00 price=0.01335000 size=2126.50000000
2026-08-18 11:30:15,795 | INFO | crypto_bot | 1m CLOSED ts=2026-08-18T11:28:00+00:00 o=0.01336000 h=0.01336000 l=0.01336000 c=0.01336000 v=100.00000000
2026-08-18 11:30:15,795 | INFO | crypto_bot | ENTRY signal=HOLD reason=trend_filter_not_passed meta={'regime': 'unknown'}
2026-08-18 11:30:15,795 | INFO | crypto_bot | 5m CLOSED ts=2026-08-18T11:25:00+00:00 o=0.01337000 h=0.01337000 l=0.01331000 c=0.01336000 v=134727.50000000
2026-08-18 11:30:17,234 | INFO | crypto_bot | TRADE pair=ROBO-USDT time=2026-08-18T11:30:17.181000+00:00 price=0.01335000 size=24807.50000000
2026-08-18 11:30:17,236 | INFO | crypto_bot | TRADE pair=ROBO-USDT time=2026-08-18T11:30:17.183000+00:00 price=0.01335000 size=26942.00000000
2026-08-18 11:30:18,682 | INFO | crypto_bot | TRADE pair=ROBO-USDT time=2026-08-18T11:30:18.629000+00:00 price=0.01336000 size=3671.60000000
2026-08-18 11:31:28,938 | INFO | crypto_bot | TRADE pair=ROBO-USDT time=2026-08-18T11:31:28.885000+00:00 price=0.01336000 size=5206.70000000
2026-08-18 11:31:28,939 | INFO | crypto_bot | 1m CLOSED ts=2026-08-18T11:30:00+00:00 o=0.01335000 h=0.01336000 l=0.01335000 c=0.01336000 v=57547.60000000
2026-08-18 11:31:28,939 | INFO | crypto_bot | ENTRY signal=HOLD reason=trend_filter_not_passed meta={'regime': 'unknown'}
2026-08-18 11:31:28,940 | INFO | crypto_bot | TRADE pair=ROBO-USDT time=2026-08-18T11:31:28.886000+00:00 price=0.01336000 size=2517.70000000
2026-08-18 11:32:54,418 | INFO | crypto_bot | TRADE pair=ROBO-USDT time=2026-08-18T11:32:54.365000+00:00 price=0.01339000 size=18294.20000000
2026-08-18 11:32:54,418 | INFO | crypto_bot | 1m CLOSED ts=2026-08-18T11:31:00+00:00 o=0.01336000 h=0.01336000 l=0.01336000 c=0.01336000 v=7724.40000000
2026-08-18 11:32:54,419 | INFO | crypto_bot | ENTRY signal=HOLD reason=trend_filter_not_passed meta={'regime': 'unknown'}
2026-08-18 11:32:54,420 | INFO | crypto_bot | TRADE pair=ROBO-USDT time=2026-08-18T11:32:54.367000+00:00 price=0.01340000 size=39650.10000000
2026-08-18 11:32:54,421 | INFO | crypto_bot | TRADE pair=ROBO-USDT time=2026-08-18T11:32:54.368000+00:00 price=0.01339000 size=3671.60000000
2026-08-18 11:32:54,423 | INFO | crypto_bot | TRADE pair=ROBO-USDT time=2026-08-18T11:32:54.369000+00:00 price=0.01340000 size=3671.60000000
2026-08-18 11:32:58,433 | INFO | crypto_bot | TRADE pair=ROBO-USDT time=2026-08-18T11:32:58.380000+00:00 price=0.01338000 size=1215.00000000
2026-08-18 11:32:58,434 | INFO | crypto_bot | TRADE pair=ROBO-USDT time=2026-08-18T11:32:58.380000+00:00 price=0.01337000 size=2510.50000000
2026-08-18 11:35:01,508 | INFO | crypto_bot | TRADE pair=ROBO-USDT time=2026-08-18T11:35:01.455000+00:00 price=0.01339000 size=20000.00000000
2026-08-18 11:35:01,508 | INFO | crypto_bot | 1m CLOSED ts=2026-08-18T11:32:00+00:00 o=0.01339000 h=0.01340000 l=0.01337000 c=0.01337000 v=69013.00000000
2026-08-18 11:35:01,508 | INFO | crypto_bot | ENTRY signal=HOLD reason=trend_filter_not_passed meta={'regime': 'unknown'}
2026-08-18 11:35:01,509 | INFO | crypto_bot | 5m CLOSED ts=2026-08-18T11:30:00+00:00 o=0.01335000 h=0.01340000 l=0.01335000 c=0.01337000 v=134285.00000000
2026-08-18 11:36:04,940 | INFO | crypto_bot | TRADE pair=ROBO-USDT time=2026-08-18T11:36:04.887000+00:00 price=0.01341000 size=20000.00000000
2026-08-18 11:36:04,941 | INFO | crypto_bot | 1m CLOSED ts=2026-08-18T11:35:00+00:00 o=0.01339000 h=0.01339000 l=0.01339000 c=0.01339000 v=20000.00000000
2026-08-18 11:36:04,941 | INFO | crypto_bot | ENTRY signal=HOLD reason=trend_filter_not_passed meta={'regime': 'unknown'}
2026-08-18 11:36:08,383 | INFO | crypto_bot | TRADE pair=ROBO-USDT time=2026-08-18T11:36:08.330000+00:00 price=0.01341000 size=6192.90000000
2026-08-18 11:36:31,498 | INFO | crypto_bot | TRADE pair=ROBO-USDT time=2026-08-18T11:36:31.444000+00:00 price=0.01343000 size=44889.60000000
2026-08-18 11:36:35,616 | INFO | crypto_bot | TRADE pair=ROBO-USDT time=2026-08-18T11:36:35.563000+00:00 price=0.01342000 size=680.90000000
2026-08-18 11:36:56,344 | INFO | crypto_bot | TRADE pair=ROBO-USDT time=2026-08-18T11:36:56.290000+00:00 price=0.01343000 size=2594.40000000
2026-08-18 11:37:50,280 | INFO | crypto_bot | TRADE pair=ROBO-USDT time=2026-08-18T11:37:50.227000+00:00 price=0.01343000 size=6230.40000000
2026-08-18 11:37:50,281 | INFO | crypto_bot | 1m CLOSED ts=2026-08-18T11:36:00+00:00 o=0.01341000 h=0.01343000 l=0.01341000 c=0.01343000 v=74357.80000000
2026-08-18 11:37:50,281 | INFO | crypto_bot | ENTRY signal=HOLD reason=trend_filter_not_passed meta={'regime': 'unknown'}
2026-08-18 11:37:50,293 | INFO | crypto_bot | TRADE pair=ROBO-USDT time=2026-08-18T11:37:50.239000+00:00 price=0.01343000 size=2420.20000000
2026-08-18 11:37:55,908 | INFO | crypto_bot | TRADE pair=ROBO-USDT time=2026-08-18T11:37:55.854000+00:00 price=0.01344000 size=8080.20000000
2026-08-18 11:39:30,139 | INFO | crypto_bot | TRADE pair=ROBO-USDT time=2026-08-18T11:39:30.081000+00:00 price=0.01344000 size=4423.70000000
2026-08-18 11:39:30,139 | INFO | crypto_bot | 1m CLOSED ts=2026-08-18T11:37:00+00:00 o=0.01343000 h=0.01344000 l=0.01343000 c=0.01344000 v=16730.80000000
2026-08-18 11:39:30,139 | INFO | crypto_bot | ENTRY signal=HOLD reason=trend_filter_not_passed meta={'regime': 'unknown'}
2026-08-18 11:39:30,140 | INFO | crypto_bot | TRADE pair=ROBO-USDT time=2026-08-18T11:39:30.083000+00:00 price=0.01344000 size=64827.40000000
2026-08-18 11:39:30,140 | INFO | crypto_bot | TRADE pair=ROBO-USDT time=2026-08-18T11:39:30.083000+00:00 price=0.01344000 size=24724.80000000
2026-08-18 11:41:02,024 | INFO | crypto_bot | TRADE pair=ROBO-USDT time=2026-08-18T11:41:01.970000+00:00 price=0.01345000 size=100.00000000
2026-08-18 11:41:02,025 | INFO | crypto_bot | 1m CLOSED ts=2026-08-18T11:39:00+00:00 o=0.01344000 h=0.01344000 l=0.01344000 c=0.01344000 v=93975.90000000
2026-08-18 11:41:02,025 | INFO | crypto_bot | ENTRY signal=HOLD reason=trend_filter_not_passed meta={'regime': 'unknown'}
2026-08-18 11:41:02,026 | INFO | crypto_bot | 5m CLOSED ts=2026-08-18T11:35:00+00:00 o=0.01339000 h=0.01344000 l=0.01339000 c=0.01344000 v=205064.50000000
2026-08-18 11:41:38,591 | INFO | crypto_bot | TRADE pair=ROBO-USDT time=2026-08-18T11:41:38.538000+00:00 price=0.01346000 size=26742.00000000
2026-08-18 11:42:56,963 | INFO | crypto_bot | TRADE pair=ROBO-USDT time=2026-08-18T11:42:56.907000+00:00 price=0.01346000 size=18011.30000000
2026-08-18 11:42:56,963 | INFO | crypto_bot | 1m CLOSED ts=2026-08-18T11:41:00+00:00 o=0.01345000 h=0.01346000 l=0.01345000 c=0.01346000 v=26842.00000000
2026-08-18 11:42:56,964 | INFO | crypto_bot | ENTRY signal=HOLD reason=trend_filter_not_passed meta={'regime': 'unknown'}
2026-08-18 11:43:17,795 | INFO | crypto_bot | TRADE pair=ROBO-USDT time=2026-08-18T11:43:17.741000+00:00 price=0.01347000 size=130.60000000
2026-08-18 11:43:17,795 | INFO | crypto_bot | 1m CLOSED ts=2026-08-18T11:42:00+00:00 o=0.01346000 h=0.01346000 l=0.01346000 c=0.01346000 v=18011.30000000
2026-08-18 11:43:17,795 | INFO | crypto_bot | ENTRY signal=HOLD reason=trend_filter_not_passed meta={'regime': 'unknown'}
2026-08-18 11:46:15,430 | INFO | crypto_bot | TRADE pair=ROBO-USDT time=2026-08-18T11:46:15.362000+00:00 price=0.01347000 size=18011.30000000
2026-08-18 11:46:15,431 | INFO | crypto_bot | 1m CLOSED ts=2026-08-18T11:43:00+00:00 o=0.01347000 h=0.01347000 l=0.01347000 c=0.01347000 v=130.60000000
2026-08-18 11:46:15,431 | INFO | crypto_bot | ENTRY signal=HOLD reason=trend_filter_not_passed meta={'regime': 'unknown'}
2026-08-18 11:46:15,431 | INFO | crypto_bot | 5m CLOSED ts=2026-08-18T11:40:00+00:00 o=0.01345000 h=0.01347000 l=0.01345000 c=0.01347000 v=44983.90000000
2026-08-18 11:46:28,675 | INFO | crypto_bot | TRADE pair=ROBO-USDT time=2026-08-18T11:46:28.621000+00:00 price=0.01347000 size=100.00000000
2026-08-18 11:46:37,266 | INFO | crypto_bot | TRADE pair=ROBO-USDT time=2026-08-18T11:46:37.211000+00:00 price=0.01349000 size=198.80000000
2026-08-18 11:47:47,898 | INFO | crypto_bot | TRADE pair=ROBO-USDT time=2026-08-18T11:47:47.845000+00:00 price=0.01349000 size=113.50000000
2026-08-18 11:47:47,898 | INFO | crypto_bot | 1m CLOSED ts=2026-08-18T11:46:00+00:00 o=0.01347000 h=0.01349000 l=0.01347000 c=0.01349000 v=18310.10000000
2026-08-18 11:47:47,898 | INFO | crypto_bot | ENTRY signal=HOLD reason=trend_filter_not_passed meta={'regime': 'unknown'}
2026-08-18 11:47:52,010 | INFO | crypto_bot | TRADE pair=ROBO-USDT time=2026-08-18T11:47:51.957000+00:00 price=0.01350000 size=17953.30000000
2026-08-18 11:49:06,484 | INFO | crypto_bot | TRADE pair=ROBO-USDT time=2026-08-18T11:49:06.429000+00:00 price=0.01351000 size=18011.30000000
2026-08-18 11:49:06,484 | INFO | crypto_bot | 1m CLOSED ts=2026-08-18T11:47:00+00:00 o=0.01349000 h=0.01350000 l=0.01349000 c=0.01350000 v=18066.80000000
2026-08-18 11:49:06,484 | INFO | crypto_bot | ENTRY signal=HOLD reason=trend_filter_not_passed meta={'regime': 'unknown'}
2026-08-18 11:49:06,485 | INFO | crypto_bot | TRADE pair=ROBO-USDT time=2026-08-18T11:49:06.430000+00:00 price=0.01351000 size=26764.80000000
2026-08-18 11:49:10,620 | INFO | crypto_bot | TRADE pair=ROBO-USDT time=2026-08-18T11:49:10.567000+00:00 price=0.01351000 size=18011.30000000
2026-08-18 11:49:20,226 | INFO | crypto_bot | TRADE pair=ROBO-USDT time=2026-08-18T11:49:20.173000+00:00 price=0.01352000 size=38174.30000000
2026-08-18 11:50:31,934 | INFO | crypto_bot | TRADE pair=ROBO-USDT time=2026-08-18T11:50:31.881000+00:00 price=0.01353000 size=120.00000000
2026-08-18 11:50:31,934 | INFO | crypto_bot | 1m CLOSED ts=2026-08-18T11:49:00+00:00 o=0.01351000 h=0.01352000 l=0.01351000 c=0.01352000 v=100961.70000000
2026-08-18 11:50:31,935 | INFO | crypto_bot | ENTRY signal=HOLD reason=trend_filter_not_passed meta={'regime': 'unknown'}
2026-08-18 11:50:31,935 | INFO | crypto_bot | 5m CLOSED ts=2026-08-18T11:45:00+00:00 o=0.01347000 h=0.01352000 l=0.01347000 c=0.01352000 v=137338.60000000
2026-08-18 11:50:40,069 | INFO | crypto_bot | TRADE pair=ROBO-USDT time=2026-08-18T11:50:40.016000+00:00 price=0.01355000 size=119.40000000
2026-08-18 11:54:11,041 | INFO | crypto_bot | TRADE pair=ROBO-USDT time=2026-08-18T11:54:10.988000+00:00 price=0.01354000 size=2854.60000000
2026-08-18 11:54:11,042 | INFO | crypto_bot | 1m CLOSED ts=2026-08-18T11:50:00+00:00 o=0.01353000 h=0.01355000 l=0.01353000 c=0.01355000 v=239.40000000
2026-08-18 11:54:11,042 | INFO | crypto_bot | ENTRY signal=HOLD reason=trend_filter_not_passed meta={'regime': 'unknown'}
2026-08-18 11:54:13,464 | INFO | crypto_bot | TRADE pair=ROBO-USDT time=2026-08-18T11:54:13.411000+00:00 price=0.01354000 size=204.70000000
2026-08-18 11:54:13,464 | INFO | crypto_bot | TRADE pair=ROBO-USDT time=2026-08-18T11:54:13.411000+00:00 price=0.01354000 size=23333.70000000
2026-08-18 11:54:24,665 | INFO | crypto_bot | TRADE pair=ROBO-USDT time=2026-08-18T11:54:24.604000+00:00 price=0.01355000 size=100.60000000
2026-08-18 11:54:24,666 | INFO | crypto_bot | TRADE pair=ROBO-USDT time=2026-08-18T11:54:24.605000+00:00 price=0.01356000 size=113.50000000
2026-08-18 11:54:26,698 | INFO | crypto_bot | TRADE pair=ROBO-USDT time=2026-08-18T11:54:26.645000+00:00 price=0.01357000 size=130.10000000
2026-08-18 11:54:26,704 | INFO | crypto_bot | TRADE pair=ROBO-USDT time=2026-08-18T11:54:26.651000+00:00 price=0.01357000 size=227.90000000
2026-08-18 11:54:39,364 | INFO | crypto_bot | TRADE pair=ROBO-USDT time=2026-08-18T11:54:39.311000+00:00 price=0.01359000 size=37113.60000000
2026-08-18 11:54:39,365 | INFO | crypto_bot | TRADE pair=ROBO-USDT time=2026-08-18T11:54:39.311000+00:00 price=0.01359000 size=8668.90000000
2026-08-18 11:56:02,886 | INFO | crypto_bot | TRADE pair=ROBO-USDT time=2026-08-18T11:56:02.833000+00:00 price=0.01357000 size=360.20000000
2026-08-18 11:56:02,886 | INFO | crypto_bot | 1m CLOSED ts=2026-08-18T11:54:00+00:00 o=0.01354000 h=0.01359000 l=0.01354000 c=0.01359000 v=72747.60000000
2026-08-18 11:56:02,887 | INFO | crypto_bot | ENTRY signal=HOLD reason=trend_filter_not_passed meta={'regime': 'unknown'}
2026-08-18 11:56:02,887 | INFO | crypto_bot | 5m CLOSED ts=2026-08-18T11:50:00+00:00 o=0.01353000 h=0.01359000 l=0.01353000 c=0.01359000 v=72987.00000000
2026-08-18 11:58:55,926 | INFO | crypto_bot | TRADE pair=ROBO-USDT time=2026-08-18T11:58:55.873000+00:00 price=0.01359000 size=22553.00000000
2026-08-18 11:58:55,926 | INFO | crypto_bot | 1m CLOSED ts=2026-08-18T11:56:00+00:00 o=0.01357000 h=0.01357000 l=0.01357000 c=0.01357000 v=360.20000000
2026-08-18 11:58:55,926 | INFO | crypto_bot | ENTRY signal=HOLD reason=trend_filter_not_passed meta={'regime': 'unknown'}
2026-08-18 11:58:56,405 | INFO | crypto_bot | TRADE pair=ROBO-USDT time=2026-08-18T11:58:56.351000+00:00 price=0.01358000 size=1215.00000000
2026-08-18 11:59:40,614 | INFO | crypto_bot | TRADE pair=ROBO-USDT time=2026-08-18T11:59:40.561000+00:00 price=0.01357000 size=167.20000000
2026-08-18 11:59:40,615 | INFO | crypto_bot | 1m CLOSED ts=2026-08-18T11:58:00+00:00 o=0.01359000 h=0.01359000 l=0.01358000 c=0.01358000 v=23768.00000000
2026-08-18 11:59:40,615 | INFO | crypto_bot | ENTRY signal=HOLD reason=trend_filter_not_passed meta={'regime': 'unknown'}
2026-08-18 11:59:47,247 | INFO | crypto_bot | TRADE pair=ROBO-USDT time=2026-08-18T11:59:47.194000+00:00 price=0.01353000 size=5410.90000000
2026-08-18 11:59:47,272 | INFO | crypto_bot | TRADE pair=ROBO-USDT time=2026-08-18T11:59:47.219000+00:00 price=0.01352000 size=1479.60000000
2026-08-18 11:59:47,300 | INFO | crypto_bot | TRADE pair=ROBO-USDT time=2026-08-18T11:59:47.247000+00:00 price=0.01350000 size=1215.00000000
2026-08-18 11:59:47,301 | INFO | crypto_bot | TRADE pair=ROBO-USDT time=2026-08-18T11:59:47.248000+00:00 price=0.01350000 size=267.10000000
2026-08-18 11:59:47,301 | INFO | crypto_bot | TRADE pair=ROBO-USDT time=2026-08-18T11:59:47.248000+00:00 price=0.01349000 size=113.60000000
2026-08-18 11:59:47,301 | INFO | crypto_bot | TRADE pair=ROBO-USDT time=2026-08-18T11:59:47.248000+00:00 price=0.01348000 size=4171.30000000
2026-08-18 12:00:06,493 | INFO | crypto_bot | TRADE pair=ROBO-USDT time=2026-08-18T12:00:06.439000+00:00 price=0.01350000 size=22603.00000000
2026-08-18 12:00:06,493 | INFO | crypto_bot | 1m CLOSED ts=2026-08-18T11:59:00+00:00 o=0.01357000 h=0.01357000 l=0.01348000 c=0.01348000 v=12824.70000000
2026-08-18 12:00:06,493 | INFO | crypto_bot | ENTRY signal=HOLD reason=trend_filter_not_passed meta={'regime': 'unknown'}
2026-08-18 12:00:06,494 | INFO | crypto_bot | 5m CLOSED ts=2026-08-18T11:55:00+00:00 o=0.01357000 h=0.01359000 l=0.01348000 c=0.01348000 v=36952.90000000
2026-08-18 12:00:36,465 | INFO | crypto_bot | TRADE pair=ROBO-USDT time=2026-08-18T12:00:36.404000+00:00 price=0.01351000 size=18011.30000000
2026-08-18 12:01:16,368 | INFO | crypto_bot | TRADE pair=ROBO-USDT time=2026-08-18T12:01:16.314000+00:00 price=0.01351000 size=17953.30000000
2026-08-18 12:01:16,368 | INFO | crypto_bot | 1m CLOSED ts=2026-08-18T12:00:00+00:00 o=0.01350000 h=0.01351000 l=0.01350000 c=0.01351000 v=40614.30000000
2026-08-18 12:01:16,368 | INFO | crypto_bot | ENTRY signal=HOLD reason=trend_filter_not_passed meta={'regime': 'unknown'}
2026-08-18 12:01:20,687 | INFO | crypto_bot | TRADE pair=ROBO-USDT time=2026-08-18T12:01:20.634000+00:00 price=0.01351000 size=15964.60000000
2026-08-18 12:01:43,074 | INFO | crypto_bot | TRADE pair=ROBO-USDT time=2026-08-18T12:01:43.020000+00:00 price=0.01351000 size=22595.00000000
2026-08-18 12:03:02,609 | INFO | crypto_bot | TRADE pair=ROBO-USDT time=2026-08-18T12:03:02.556000+00:00 price=0.01350000 size=22611.00000000
2026-08-18 12:03:02,610 | INFO | crypto_bot | 1m CLOSED ts=2026-08-18T12:01:00+00:00 o=0.01351000 h=0.01351000 l=0.01351000 c=0.01351000 v=56512.90000000
2026-08-18 12:03:02,610 | INFO | crypto_bot | ENTRY signal=HOLD reason=trend_filter_not_passed meta={'regime': 'unknown'}
2026-08-18 12:06:47,976 | INFO | crypto_bot | TRADE pair=ROBO-USDT time=2026-08-18T12:06:47.923000+00:00 price=0.01350000 size=33726.20000000
2026-08-18 12:06:47,976 | INFO | crypto_bot | 1m CLOSED ts=2026-08-18T12:03:00+00:00 o=0.01350000 h=0.01350000 l=0.01350000 c=0.01350000 v=22611.00000000
2026-08-18 12:06:47,976 | INFO | crypto_bot | ENTRY signal=HOLD reason=trend_filter_not_passed meta={'regime': 'unknown'}
2026-08-18 12:06:47,977 | INFO | crypto_bot | 5m CLOSED ts=2026-08-18T12:00:00+00:00 o=0.01350000 h=0.01351000 l=0.01350000 c=0.01350000 v=119738.20000000
2026-08-18 12:06:47,991 | INFO | crypto_bot | TRADE pair=ROBO-USDT time=2026-08-18T12:06:47.938000+00:00 price=0.01350000 size=2430.00000000
2026-08-18 12:06:47,991 | INFO | crypto_bot | TRADE pair=ROBO-USDT time=2026-08-18T12:06:47.938000+00:00 price=0.01350000 size=9716.60000000
2026-08-18 12:06:49,277 | INFO | crypto_bot | TRADE pair=ROBO-USDT time=2026-08-18T12:06:49.224000+00:00 price=0.01350000 size=12125.30000000
2026-08-18 12:07:02,023 | INFO | crypto_bot | TRADE pair=ROBO-USDT time=2026-08-18T12:07:01.969000+00:00 price=0.01350000 size=10505.70000000
2026-08-18 12:07:02,023 | INFO | crypto_bot | 1m CLOSED ts=2026-08-18T12:06:00+00:00 o=0.01350000 h=0.01350000 l=0.01350000 c=0.01350000 v=57998.10000000
2026-08-18 12:07:02,023 | INFO | crypto_bot | ENTRY signal=HOLD reason=trend_filter_not_passed meta={'regime': 'unknown'}
2026-08-18 12:07:02,025 | INFO | crypto_bot | TRADE pair=ROBO-USDT time=2026-08-18T12:07:01.972000+00:00 price=0.01350000 size=22637.00000000
2026-08-18 12:08:10,332 | INFO | crypto_bot | TRADE pair=ROBO-USDT time=2026-08-18T12:08:10.279000+00:00 price=0.01352000 size=22632.00000000
2026-08-18 12:08:10,333 | INFO | crypto_bot | 1m CLOSED ts=2026-08-18T12:07:00+00:00 o=0.01350000 h=0.01350000 l=0.01350000 c=0.01350000 v=33142.70000000
2026-08-18 12:08:10,333 | INFO | crypto_bot | ENTRY signal=HOLD reason=trend_filter_not_passed meta={'regime': 'unknown'}
2026-08-18 12:08:22,082 | INFO | crypto_bot | TRADE pair=ROBO-USDT time=2026-08-18T12:08:22.029000+00:00 price=0.01353000 size=22632.00000000
2026-08-18 12:08:38,853 | INFO | crypto_bot | TRADE pair=ROBO-USDT time=2026-08-18T12:08:38.800000+00:00 price=0.01353000 size=1055.90000000
2026-08-18 12:10:21,791 | INFO | crypto_bot | TRADE pair=ROBO-USDT time=2026-08-18T12:10:21.738000+00:00 price=0.01352000 size=18578.00000000
2026-08-18 12:10:21,791 | INFO | crypto_bot | 1m CLOSED ts=2026-08-18T12:08:00+00:00 o=0.01352000 h=0.01353000 l=0.01352000 c=0.01353000 v=46319.90000000
2026-08-18 12:10:21,791 | INFO | crypto_bot | ENTRY signal=HOLD reason=trend_filter_not_passed meta={'regime': 'unknown'}
2026-08-18 12:10:21,792 | INFO | crypto_bot | 5m CLOSED ts=2026-08-18T12:05:00+00:00 o=0.01350000 h=0.01353000 l=0.01350000 c=0.01353000 v=137460.70000000
2026-08-18 12:10:21,799 | INFO | crypto_bot | TRADE pair=ROBO-USDT time=2026-08-18T12:10:21.747000+00:00 price=0.01352000 size=4042.00000000
2026-08-18 12:12:26,573 | INFO | crypto_bot | TRADE pair=ROBO-USDT time=2026-08-18T12:12:26.520000+00:00 price=0.01354000 size=177.20000000
2026-08-18 12:12:26,573 | INFO | crypto_bot | 1m CLOSED ts=2026-08-18T12:10:00+00:00 o=0.01352000 h=0.01352000 l=0.01352000 c=0.01352000 v=22620.00000000
2026-08-18 12:12:26,573 | INFO | crypto_bot | ENTRY signal=HOLD reason=trend_filter_not_passed meta={'regime': 'unknown'}
2026-08-18 12:20:20,163 | INFO | crypto_bot | TRADE pair=ROBO-USDT time=2026-08-18T12:20:20.107000+00:00 price=0.01352000 size=22156.60000000
2026-08-18 12:20:20,163 | INFO | crypto_bot | 1m CLOSED ts=2026-08-18T12:12:00+00:00 o=0.01354000 h=0.01354000 l=0.01354000 c=0.01354000 v=177.20000000
2026-08-18 12:20:20,163 | INFO | crypto_bot | ENTRY signal=HOLD reason=trend_filter_not_passed meta={'regime': 'unknown'}
2026-08-18 12:20:20,164 | INFO | crypto_bot | 5m CLOSED ts=2026-08-18T12:10:00+00:00 o=0.01352000 h=0.01354000 l=0.01352000 c=0.01354000 v=22797.20000000
2026-08-18 12:20:56,426 | INFO | crypto_bot | TRADE pair=ROBO-USDT time=2026-08-18T12:20:56.373000+00:00 price=0.01351000 size=22156.60000000
2026-08-18 12:21:19,972 | INFO | crypto_bot | TRADE pair=ROBO-USDT time=2026-08-18T12:21:19.919000+00:00 price=0.01354000 size=19249.20000000
2026-08-18 12:21:19,972 | INFO | crypto_bot | 1m CLOSED ts=2026-08-18T12:20:00+00:00 o=0.01352000 h=0.01352000 l=0.01351000 c=0.01351000 v=44313.20000000
2026-08-18 12:21:19,973 | INFO | crypto_bot | ENTRY signal=HOLD reason=trend_filter_not_passed meta={'regime': 'unknown'}
2026-08-18 12:21:44,827 | INFO | crypto_bot | TRADE pair=ROBO-USDT time=2026-08-18T12:21:44.774000+00:00 price=0.01354000 size=19086.80000000
2026-08-18 12:22:10,601 | INFO | crypto_bot | TRADE pair=ROBO-USDT time=2026-08-18T12:22:10.548000+00:00 price=0.01351000 size=1215.00000000
2026-08-18 12:22:10,601 | INFO | crypto_bot | 1m CLOSED ts=2026-08-18T12:21:00+00:00 o=0.01354000 h=0.01354000 l=0.01354000 c=0.01354000 v=38336.00000000
2026-08-18 12:22:10,601 | INFO | crypto_bot | ENTRY signal=HOLD reason=trend_filter_not_passed meta={'regime': 'unknown'}
2026-08-18 12:23:06,819 | INFO | crypto_bot | TRADE pair=ROBO-USDT time=2026-08-18T12:23:06.765000+00:00 price=0.01352000 size=23267.10000000
2026-08-18 12:23:06,819 | INFO | crypto_bot | 1m CLOSED ts=2026-08-18T12:22:00+00:00 o=0.01351000 h=0.01351000 l=0.01351000 c=0.01351000 v=1215.00000000
2026-08-18 12:23:06,819 | INFO | crypto_bot | ENTRY signal=HOLD reason=trend_filter_not_passed meta={'regime': 'unknown'}
2026-08-18 12:23:06,820 | INFO | crypto_bot | TRADE pair=ROBO-USDT time=2026-08-18T12:23:06.767000+00:00 price=0.01351000 size=103663.00000000
2026-08-18 12:24:10,293 | INFO | crypto_bot | TRADE pair=ROBO-USDT time=2026-08-18T12:24:10.240000+00:00 price=0.01350000 size=30848.10000000
2026-08-18 12:24:10,293 | INFO | crypto_bot | 1m CLOSED ts=2026-08-18T12:23:00+00:00 o=0.01352000 h=0.01352000 l=0.01351000 c=0.01351000 v=126930.10000000
2026-08-18 12:24:10,293 | INFO | crypto_bot | ENTRY signal=HOLD reason=trend_filter_not_passed meta={'regime': 'unknown'}
2026-08-18 12:26:50,648 | INFO | crypto_bot | TRADE pair=ROBO-USDT time=2026-08-18T12:26:50.595000+00:00 price=0.01350000 size=1215.00000000
2026-08-18 12:26:50,648 | INFO | crypto_bot | 1m CLOSED ts=2026-08-18T12:24:00+00:00 o=0.01350000 h=0.01350000 l=0.01350000 c=0.01350000 v=30848.10000000
2026-08-18 12:26:50,648 | INFO | crypto_bot | ENTRY signal=HOLD reason=trend_filter_not_passed meta={'regime': 'unknown'}
2026-08-18 12:26:50,648 | INFO | crypto_bot | 5m CLOSED ts=2026-08-18T12:20:00+00:00 o=0.01352000 h=0.01354000 l=0.01350000 c=0.01350000 v=241642.40000000
2026-08-18 12:26:50,649 | INFO | crypto_bot | TRADE pair=ROBO-USDT time=2026-08-18T12:26:50.595000+00:00 price=0.01349000 size=27360.30000000
2026-08-18 12:27:53,175 | INFO | crypto_bot | TRADE pair=ROBO-USDT time=2026-08-18T12:27:53.122000+00:00 price=0.01349000 size=6819.80000000
2026-08-18 12:27:53,175 | INFO | crypto_bot | 1m CLOSED ts=2026-08-18T12:26:00+00:00 o=0.01350000 h=0.01350000 l=0.01349000 c=0.01349000 v=28575.30000000
2026-08-18 12:27:53,175 | INFO | crypto_bot | ENTRY signal=HOLD reason=trend_filter_not_passed meta={'regime': 'unknown'}
2026-08-18 12:28:22,542 | INFO | crypto_bot | TRADE pair=ROBO-USDT time=2026-08-18T12:28:22.490000+00:00 price=0.01348000 size=14417.60000000
2026-08-18 12:28:22,543 | INFO | crypto_bot | 1m CLOSED ts=2026-08-18T12:27:00+00:00 o=0.01349000 h=0.01349000 l=0.01349000 c=0.01349000 v=6819.80000000
2026-08-18 12:28:22,543 | INFO | crypto_bot | ENTRY signal=HOLD reason=trend_filter_not_passed meta={'regime': 'unknown'}
2026-08-18 12:29:00,895 | INFO | crypto_bot | TRADE pair=ROBO-USDT time=2026-08-18T12:29:00.842000+00:00 price=0.01345000 size=23371.60000000
2026-08-18 12:29:00,895 | INFO | crypto_bot | 1m CLOSED ts=2026-08-18T12:28:00+00:00 o=0.01348000 h=0.01348000 l=0.01348000 c=0.01348000 v=14417.60000000
2026-08-18 12:29:00,895 | INFO | crypto_bot | ENTRY signal=HOLD reason=trend_filter_not_passed meta={'regime': 'unknown'}
2026-08-18 12:29:12,844 | INFO | crypto_bot | TRADE pair=ROBO-USDT time=2026-08-18T12:29:12.791000+00:00 price=0.01345000 size=259.60000000
2026-08-18 12:29:39,669 | INFO | crypto_bot | TRADE pair=ROBO-USDT time=2026-08-18T12:29:39.616000+00:00 price=0.01343000 size=113.60000000
2026-08-18 12:29:48,251 | INFO | crypto_bot | TRADE pair=ROBO-USDT time=2026-08-18T12:29:48.198000+00:00 price=0.01344000 size=13385.20000000
2026-08-18 12:30:19,649 | INFO | crypto_bot | TRADE pair=ROBO-USDT time=2026-08-18T12:30:19.596000+00:00 price=0.01344000 size=1002.60000000
2026-08-18 12:30:19,649 | INFO | crypto_bot | 1m CLOSED ts=2026-08-18T12:29:00+00:00 o=0.01345000 h=0.01345000 l=0.01343000 c=0.01344000 v=37130.00000000
2026-08-18 12:30:19,649 | INFO | crypto_bot | ENTRY signal=HOLD reason=trend_filter_not_passed meta={'regime': 'range'}
2026-08-18 12:30:19,649 | INFO | crypto_bot | 5m CLOSED ts=2026-08-18T12:25:00+00:00 o=0.01350000 h=0.01350000 l=0.01343000 c=0.01344000 v=86942.70000000
2026-08-18 12:30:52,089 | INFO | crypto_bot | TRADE pair=ROBO-USDT time=2026-08-18T12:30:52.037000+00:00 price=0.01342000 size=2430.00000000
2026-08-18 12:30:52,090 | INFO | crypto_bot | TRADE pair=ROBO-USDT time=2026-08-18T12:30:52.038000+00:00 price=0.01342000 size=19726.60000000
2026-08-18 12:30:53,621 | INFO | crypto_bot | TRADE pair=ROBO-USDT time=2026-08-18T12:30:53.568000+00:00 price=0.01342000 size=13920.50000000
2026-08-18 12:30:57,451 | INFO | crypto_bot | TRADE pair=ROBO-USDT time=2026-08-18T12:30:57.397000+00:00 price=0.01344000 size=37230.00000000
2026-08-18 12:31:17,234 | INFO | crypto_bot | TRADE pair=ROBO-USDT time=2026-08-18T12:31:17.181000+00:00 price=0.01345000 size=1226.60000000
2026-08-18 12:31:17,234 | INFO | crypto_bot | 1m CLOSED ts=2026-08-18T12:30:00+00:00 o=0.01344000 h=0.01344000 l=0.01342000 c=0.01344000 v=74309.70000000
2026-08-18 12:31:17,235 | INFO | crypto_bot | ENTRY signal=HOLD reason=trend_filter_not_passed meta={'regime': 'range'}
2026-08-18 12:36:44,061 | INFO | crypto_bot | TRADE pair=ROBO-USDT time=2026-08-18T12:36:44.006000+00:00 price=0.01349000 size=113.50000000
2026-08-18 12:36:44,062 | INFO | crypto_bot | 1m CLOSED ts=2026-08-18T12:31:00+00:00 o=0.01345000 h=0.01345000 l=0.01345000 c=0.01345000 v=1226.60000000
2026-08-18 12:36:44,062 | INFO | crypto_bot | ENTRY signal=HOLD reason=trend_filter_not_passed meta={'regime': 'range'}
2026-08-18 12:36:44,062 | INFO | crypto_bot | 5m CLOSED ts=2026-08-18T12:30:00+00:00 o=0.01344000 h=0.01345000 l=0.01342000 c=0.01345000 v=75536.30000000
2026-08-18 12:37:22,817 | INFO | crypto_bot | TRADE pair=ROBO-USDT time=2026-08-18T12:37:22.764000+00:00 price=0.01350000 size=199.80000000
2026-08-18 12:37:22,817 | INFO | crypto_bot | 1m CLOSED ts=2026-08-18T12:36:00+00:00 o=0.01349000 h=0.01349000 l=0.01349000 c=0.01349000 v=113.50000000
2026-08-18 12:37:22,817 | INFO | crypto_bot | ENTRY signal=HOLD reason=trend_filter_not_passed meta={'regime': 'range'}
2026-08-18 12:40:08,996 | INFO | crypto_bot | TRADE pair=ROBO-USDT time=2026-08-18T12:40:08.943000+00:00 price=0.01351000 size=18160.10000000
2026-08-18 12:40:08,996 | INFO | crypto_bot | 1m CLOSED ts=2026-08-18T12:37:00+00:00 o=0.01350000 h=0.01350000 l=0.01350000 c=0.01350000 v=199.80000000
2026-08-18 12:40:08,996 | INFO | crypto_bot | ENTRY signal=HOLD reason=trend_filter_not_passed meta={'regime': 'range'}
2026-08-18 12:40:08,997 | INFO | crypto_bot | 5m CLOSED ts=2026-08-18T12:35:00+00:00 o=0.01349000 h=0.01350000 l=0.01349000 c=0.01350000 v=313.30000000
2026-08-18 12:40:08,997 | INFO | crypto_bot | TRADE pair=ROBO-USDT time=2026-08-18T12:40:08.943000+00:00 price=0.01351000 size=3996.50000000
2026-08-18 12:42:22,930 | INFO | crypto_bot | TRADE pair=ROBO-USDT time=2026-08-18T12:42:22.878000+00:00 price=0.01349000 size=4088.70000000
2026-08-18 12:42:22,931 | INFO | crypto_bot | 1m CLOSED ts=2026-08-18T12:40:00+00:00 o=0.01351000 h=0.01351000 l=0.01351000 c=0.01351000 v=22156.60000000
2026-08-18 12:42:22,931 | INFO | crypto_bot | ENTRY signal=HOLD reason=trend_filter_not_passed meta={'regime': 'range'}
2026-08-18 12:43:58,417 | INFO | crypto_bot | TRADE pair=ROBO-USDT time=2026-08-18T12:43:58.364000+00:00 price=0.01349000 size=9954.60000000
2026-08-18 12:43:58,418 | INFO | crypto_bot | 1m CLOSED ts=2026-08-18T12:42:00+00:00 o=0.01349000 h=0.01349000 l=0.01349000 c=0.01349000 v=4088.70000000
2026-08-18 12:43:58,418 | INFO | crypto_bot | ENTRY signal=HOLD reason=trend_filter_not_passed meta={'regime': 'range'}
2026-08-18 12:44:02,663 | INFO | crypto_bot | TRADE pair=ROBO-USDT time=2026-08-18T12:44:02.602000+00:00 price=0.01350000 size=147.70000000
2026-08-18 12:44:02,663 | INFO | crypto_bot | 1m CLOSED ts=2026-08-18T12:43:00+00:00 o=0.01349000 h=0.01349000 l=0.01349000 c=0.01349000 v=9954.60000000
2026-08-18 12:44:02,663 | INFO | crypto_bot | ENTRY signal=HOLD reason=trend_filter_not_passed meta={'regime': 'range'}
2026-08-18 12:45:52,324 | INFO | crypto_bot | TRADE pair=ROBO-USDT time=2026-08-18T12:45:52.270000+00:00 price=0.01351000 size=22156.60000000
2026-08-18 12:45:52,324 | INFO | crypto_bot | 1m CLOSED ts=2026-08-18T12:44:00+00:00 o=0.01350000 h=0.01350000 l=0.01350000 c=0.01350000 v=147.70000000
2026-08-18 12:45:52,324 | INFO | crypto_bot | ENTRY signal=HOLD reason=trend_filter_not_passed meta={'regime': 'range'}
2026-08-18 12:45:52,325 | INFO | crypto_bot | 5m CLOSED ts=2026-08-18T12:40:00+00:00 o=0.01351000 h=0.01351000 l=0.01349000 c=0.01350000 v=36347.60000000
2026-08-18 12:45:52,325 | INFO | crypto_bot | TRADE pair=ROBO-USDT time=2026-08-18T12:45:52.271000+00:00 price=0.01352000 size=11108.40000000
2026-08-18 12:45:52,331 | INFO | crypto_bot | TRADE pair=ROBO-USDT time=2026-08-18T12:45:52.278000+00:00 price=0.01352000 size=4307.60000000
2026-08-18 12:48:30,508 | INFO | crypto_bot | TRADE pair=ROBO-USDT time=2026-08-18T12:48:30.455000+00:00 price=0.01352000 size=348.20000000
2026-08-18 12:48:30,508 | INFO | crypto_bot | 1m CLOSED ts=2026-08-18T12:45:00+00:00 o=0.01351000 h=0.01352000 l=0.01351000 c=0.01352000 v=37572.60000000
2026-08-18 12:48:30,508 | INFO | crypto_bot | ENTRY signal=HOLD reason=trend_filter_not_passed meta={'regime': 'range'}
2026-08-18 12:49:42,484 | INFO | crypto_bot | TRADE pair=ROBO-USDT time=2026-08-18T12:49:42.431000+00:00 price=0.01350000 size=135.20000000
2026-08-18 12:49:42,485 | INFO | crypto_bot | 1m CLOSED ts=2026-08-18T12:48:00+00:00 o=0.01352000 h=0.01352000 l=0.01352000 c=0.01352000 v=348.20000000
2026-08-18 12:49:42,485 | INFO | crypto_bot | ENTRY signal=HOLD reason=trend_filter_not_passed meta={'regime': 'range'}
2026-08-18 12:51:01,722 | INFO | crypto_bot | TRADE pair=ROBO-USDT time=2026-08-18T12:51:01.669000+00:00 price=0.01353000 size=135.20000000
2026-08-18 12:51:01,722 | INFO | crypto_bot | 1m CLOSED ts=2026-08-18T12:49:00+00:00 o=0.01350000 h=0.01350000 l=0.01350000 c=0.01350000 v=135.20000000
2026-08-18 12:51:01,722 | INFO | crypto_bot | ENTRY signal=HOLD reason=trend_filter_not_passed meta={'regime': 'range'}
2026-08-18 12:51:01,723 | INFO | crypto_bot | 5m CLOSED ts=2026-08-18T12:45:00+00:00 o=0.01351000 h=0.01352000 l=0.01350000 c=0.01350000 v=38056.00000000
2026-08-18 12:51:01,723 | INFO | crypto_bot | TRADE pair=ROBO-USDT time=2026-08-18T12:51:01.669000+00:00 price=0.01353000 size=31.70000000
2026-08-18 12:53:30,845 | INFO | crypto_bot | TRADE pair=ROBO-USDT time=2026-08-18T12:53:30.792000+00:00 price=0.01352000 size=16916.20000000
2026-08-18 12:53:30,845 | INFO | crypto_bot | 1m CLOSED ts=2026-08-18T12:51:00+00:00 o=0.01353000 h=0.01353000 l=0.01353000 c=0.01353000 v=166.90000000
2026-08-18 12:53:30,845 | INFO | crypto_bot | ENTRY signal=HOLD reason=trend_filter_not_passed meta={'regime': 'range'}
2026-08-18 12:53:57,467 | INFO | crypto_bot | TRADE pair=ROBO-USDT time=2026-08-18T12:53:57.414000+00:00 price=0.01353000 size=13360.50000000
2026-08-18 12:56:45,311 | INFO | crypto_bot | TRADE pair=ROBO-USDT time=2026-08-18T12:56:45.258000+00:00 price=0.01351000 size=1215.00000000
2026-08-18 12:56:45,311 | INFO | crypto_bot | 1m CLOSED ts=2026-08-18T12:53:00+00:00 o=0.01352000 h=0.01353000 l=0.01352000 c=0.01353000 v=30276.70000000
2026-08-18 12:56:45,312 | INFO | crypto_bot | ENTRY signal=HOLD reason=trend_filter_not_passed meta={'regime': 'range'}
2026-08-18 12:56:45,312 | INFO | crypto_bot | 5m CLOSED ts=2026-08-18T12:50:00+00:00 o=0.01353000 h=0.01353000 l=0.01352000 c=0.01353000 v=30443.60000000
2026-08-18 12:58:34,817 | INFO | crypto_bot | TRADE pair=ROBO-USDT time=2026-08-18T12:58:34.763000+00:00 price=0.01350000 size=1003.10000000
2026-08-18 12:58:34,817 | INFO | crypto_bot | 1m CLOSED ts=2026-08-18T12:56:00+00:00 o=0.01351000 h=0.01351000 l=0.01351000 c=0.01351000 v=1215.00000000
2026-08-18 12:58:34,817 | INFO | crypto_bot | ENTRY signal=HOLD reason=trend_filter_not_passed meta={'regime': 'range'}
2026-08-18 12:59:41,090 | INFO | crypto_bot | TRADE pair=ROBO-USDT time=2026-08-18T12:59:41.036000+00:00 price=0.01349000 size=44733.50000000
2026-08-18 12:59:41,090 | INFO | crypto_bot | 1m CLOSED ts=2026-08-18T12:58:00+00:00 o=0.01350000 h=0.01350000 l=0.01350000 c=0.01350000 v=1003.10000000
2026-08-18 12:59:41,090 | INFO | crypto_bot | ENTRY signal=HOLD reason=trend_filter_not_passed meta={'regime': 'range'}
2026-08-18 12:59:59,206 | INFO | crypto_bot | TRADE pair=ROBO-USDT time=2026-08-18T12:59:59.153000+00:00 price=0.01348000 size=718.10000000
2026-08-18 13:01:45,862 | INFO | crypto_bot | TRADE pair=ROBO-USDT time=2026-08-18T13:01:45.805000+00:00 price=0.01344000 size=4392.40000000
2026-08-18 13:01:45,863 | INFO | crypto_bot | 1m CLOSED ts=2026-08-18T12:59:00+00:00 o=0.01349000 h=0.01349000 l=0.01348000 c=0.01348000 v=45451.60000000
2026-08-18 13:01:45,863 | INFO | crypto_bot | ENTRY signal=HOLD reason=trend_filter_not_passed meta={'regime': 'range'}
2026-08-18 13:01:45,863 | INFO | crypto_bot | 5m CLOSED ts=2026-08-18T12:55:00+00:00 o=0.01351000 h=0.01351000 l=0.01348000 c=0.01348000 v=47669.70000000
2026-08-18 13:01:45,875 | INFO | crypto_bot | TRADE pair=ROBO-USDT time=2026-08-18T13:01:45.814000+00:00 price=0.01346000 size=229.50000000
2026-08-18 13:03:48,715 | INFO | crypto_bot | TRADE pair=ROBO-USDT time=2026-08-18T13:03:48.661000+00:00 price=0.01347000 size=717.50000000
2026-08-18 13:03:48,715 | INFO | crypto_bot | 1m CLOSED ts=2026-08-18T13:01:00+00:00 o=0.01344000 h=0.01346000 l=0.01344000 c=0.01346000 v=4621.90000000
2026-08-18 13:03:48,715 | INFO | crypto_bot | ENTRY signal=HOLD reason=trend_filter_not_passed meta={'regime': 'range'}
2026-08-18 13:03:48,716 | INFO | crypto_bot | TRADE pair=ROBO-USDT time=2026-08-18T13:03:48.661000+00:00 price=0.01348000 size=8838.80000000
2026-08-18 13:03:54,247 | INFO | crypto_bot | TRADE pair=ROBO-USDT time=2026-08-18T13:03:54.194000+00:00 price=0.01346000 size=309.60000000
2026-08-18 13:04:19,747 | INFO | crypto_bot | TRADE pair=ROBO-USDT time=2026-08-18T13:04:19.694000+00:00 price=0.01348000 size=13291.00000000
2026-08-18 13:04:19,747 | INFO | crypto_bot | 1m CLOSED ts=2026-08-18T13:03:00+00:00 o=0.01347000 h=0.01348000 l=0.01346000 c=0.01346000 v=9865.90000000
2026-08-18 13:04:19,748 | INFO | crypto_bot | ENTRY signal=HOLD reason=trend_filter_not_passed meta={'regime': 'range'}
2026-08-18 13:06:25,398 | INFO | crypto_bot | TRADE pair=ROBO-USDT time=2026-08-18T13:06:25.345000+00:00 price=0.01347000 size=22156.60000000
2026-08-18 13:06:25,398 | INFO | crypto_bot | 1m CLOSED ts=2026-08-18T13:04:00+00:00 o=0.01348000 h=0.01348000 l=0.01348000 c=0.01348000 v=13291.00000000
2026-08-18 13:06:25,399 | INFO | crypto_bot | ENTRY signal=HOLD reason=trend_filter_not_passed meta={'regime': 'range'}
2026-08-18 13:06:25,399 | INFO | crypto_bot | 5m CLOSED ts=2026-08-18T13:00:00+00:00 o=0.01344000 h=0.01348000 l=0.01344000 c=0.01348000 v=27778.80000000
2026-08-18 13:07:42,564 | INFO | crypto_bot | TRADE pair=ROBO-USDT time=2026-08-18T13:07:42.510000+00:00 price=0.01345000 size=16924.40000000
2026-08-18 13:07:42,564 | INFO | crypto_bot | 1m CLOSED ts=2026-08-18T13:06:00+00:00 o=0.01347000 h=0.01347000 l=0.01347000 c=0.01347000 v=22156.60000000
2026-08-18 13:07:42,565 | INFO | crypto_bot | ENTRY signal=HOLD reason=trend_filter_not_passed meta={'regime': 'range'}
2026-08-18 13:08:14,400 | INFO | crypto_bot | TRADE pair=ROBO-USDT time=2026-08-18T13:08:14.347000+00:00 price=0.01345000 size=46482.60000000
2026-08-18 13:08:14,401 | INFO | crypto_bot | 1m CLOSED ts=2026-08-18T13:07:00+00:00 o=0.01345000 h=0.01345000 l=0.01345000 c=0.01345000 v=16924.40000000
2026-08-18 13:08:14,401 | INFO | crypto_bot | ENTRY signal=HOLD reason=trend_filter_not_passed meta={'regime': 'range'}
2026-08-18 13:10:24,730 | INFO | crypto_bot | TRADE pair=ROBO-USDT time=2026-08-18T13:10:24.676000+00:00 price=0.01346000 size=5822.60000000
2026-08-18 13:10:24,730 | INFO | crypto_bot | 1m CLOSED ts=2026-08-18T13:08:00+00:00 o=0.01345000 h=0.01345000 l=0.01345000 c=0.01345000 v=46482.60000000
2026-08-18 13:10:24,730 | INFO | crypto_bot | ENTRY signal=HOLD reason=trend_filter_not_passed meta={'regime': 'range'}
2026-08-18 13:10:24,731 | INFO | crypto_bot | 5m CLOSED ts=2026-08-18T13:05:00+00:00 o=0.01347000 h=0.01347000 l=0.01345000 c=0.01345000 v=85563.60000000
2026-08-18 13:10:24,731 | INFO | crypto_bot | TRADE pair=ROBO-USDT time=2026-08-18T13:10:24.676000+00:00 price=0.01346000 size=8614.70000000
2026-08-18 13:11:37,513 | INFO | crypto_bot | TRADE pair=ROBO-USDT time=2026-08-18T13:11:37.460000+00:00 price=0.01347000 size=18385.30000000
2026-08-18 13:11:37,514 | INFO | crypto_bot | 1m CLOSED ts=2026-08-18T13:10:00+00:00 o=0.01346000 h=0.01346000 l=0.01346000 c=0.01346000 v=14437.30000000
2026-08-18 13:11:37,514 | INFO | crypto_bot | ENTRY signal=HOLD reason=trend_filter_not_passed meta={'regime': 'range'}
2026-08-18 13:12:43,867 | INFO | crypto_bot | TRADE pair=ROBO-USDT time=2026-08-18T13:12:43.813000+00:00 price=0.01343000 size=23000.90000000
2026-08-18 13:12:43,867 | INFO | crypto_bot | 1m CLOSED ts=2026-08-18T13:11:00+00:00 o=0.01347000 h=0.01347000 l=0.01347000 c=0.01347000 v=18385.30000000
2026-08-18 13:12:43,867 | INFO | crypto_bot | ENTRY signal=HOLD reason=trend_filter_not_passed meta={'regime': 'range'}
2026-08-18 13:12:43,868 | INFO | crypto_bot | TRADE pair=ROBO-USDT time=2026-08-18T13:12:43.814000+00:00 price=0.01343000 size=33522.20000000
2026-08-18 13:12:43,868 | INFO | crypto_bot | TRADE pair=ROBO-USDT time=2026-08-18T13:12:43.814000+00:00 price=0.01343000 size=10127.80000000
2026-08-18 13:14:04,667 | INFO | crypto_bot | TRADE pair=ROBO-USDT time=2026-08-18T13:14:04.612000+00:00 price=0.01343000 size=1215.00000000
2026-08-18 13:14:04,668 | INFO | crypto_bot | 1m CLOSED ts=2026-08-18T13:12:00+00:00 o=0.01343000 h=0.01343000 l=0.01343000 c=0.01343000 v=66650.90000000
2026-08-18 13:14:04,668 | INFO | crypto_bot | ENTRY signal=HOLD reason=trend_filter_not_passed meta={'regime': 'range'}
2026-08-18 13:14:04,670 | INFO | crypto_bot | TRADE pair=ROBO-USDT time=2026-08-18T13:14:04.612000+00:00 price=0.01342000 size=6242.30000000
2026-08-18 13:14:34,621 | INFO | crypto_bot | TRADE pair=ROBO-USDT time=2026-08-18T13:14:34.568000+00:00 price=0.01345000 size=9845.40000000
2026-08-18 13:18:17,902 | INFO | crypto_bot | TRADE pair=ROBO-USDT time=2026-08-18T13:18:17.849000+00:00 price=0.01345000 size=10000.00000000
2026-08-18 13:18:17,902 | INFO | crypto_bot | 1m CLOSED ts=2026-08-18T13:14:00+00:00 o=0.01343000 h=0.01345000 l=0.01342000 c=0.01345000 v=17302.70000000
2026-08-18 13:18:17,902 | INFO | crypto_bot | ENTRY signal=HOLD reason=trend_filter_not_passed meta={'regime': 'range'}
2026-08-18 13:18:17,903 | INFO | crypto_bot | 5m CLOSED ts=2026-08-18T13:10:00+00:00 o=0.01346000 h=0.01347000 l=0.01342000 c=0.01345000 v=116776.20000000
2026-08-18 13:18:36,799 | INFO | crypto_bot | TRADE pair=ROBO-USDT time=2026-08-18T13:18:36.746000+00:00 price=0.01347000 size=1215.00000000
2026-08-18 13:18:36,814 | INFO | crypto_bot | TRADE pair=ROBO-USDT time=2026-08-18T13:18:36.762000+00:00 price=0.01348000 size=4319.00000000
2026-08-18 13:18:36,818 | INFO | crypto_bot | TRADE pair=ROBO-USDT time=2026-08-18T13:18:36.765000+00:00 price=0.01348000 size=4321.10000000
2026-08-18 13:18:42,343 | INFO | crypto_bot | TRADE pair=ROBO-USDT time=2026-08-18T13:18:42.289000+00:00 price=0.01349000 size=113.50000000
2026-08-18 13:18:42,347 | INFO | crypto_bot | TRADE pair=ROBO-USDT time=2026-08-18T13:18:42.294000+00:00 price=0.01352000 size=127956.90000000
2026-08-18 13:18:42,356 | INFO | crypto_bot | TRADE pair=ROBO-USDT time=2026-08-18T13:18:42.303000+00:00 price=0.01352000 size=14538.40000000
2026-08-18 13:18:42,364 | INFO | crypto_bot | TRADE pair=ROBO-USDT time=2026-08-18T13:18:42.304000+00:00 price=0.01352000 size=1215.00000000
2026-08-18 13:18:42,364 | INFO | crypto_bot | TRADE pair=ROBO-USDT time=2026-08-18T13:18:42.304000+00:00 price=0.01351000 size=3091.20000000
2026-08-18 13:18:42,364 | INFO | crypto_bot | TRADE pair=ROBO-USDT time=2026-08-18T13:18:42.306000+00:00 price=0.01354000 size=12916.00000000
2026-08-18 13:18:42,365 | INFO | crypto_bot | TRADE pair=ROBO-USDT time=2026-08-18T13:18:42.311000+00:00 price=0.01351000 size=21518.20000000
2026-08-18 13:18:42,666 | INFO | crypto_bot | TRADE pair=ROBO-USDT time=2026-08-18T13:18:42.609000+00:00 price=0.01352000 size=100.00000000
2026-08-18 13:18:46,688 | INFO | crypto_bot | TRADE pair=ROBO-USDT time=2026-08-18T13:18:46.634000+00:00 price=0.01350000 size=26026.90000000
2026-08-18 13:18:46,688 | INFO | crypto_bot | TRADE pair=ROBO-USDT time=2026-08-18T13:18:46.634000+00:00 price=0.01350000 size=1071.20000000
2026-08-18 13:19:03,919 | INFO | crypto_bot | TRADE pair=ROBO-USDT time=2026-08-18T13:19:03.866000+00:00 price=0.01349000 size=368.30000000
2026-08-18 13:19:03,919 | INFO | crypto_bot | 1m CLOSED ts=2026-08-18T13:18:00+00:00 o=0.01345000 h=0.01354000 l=0.01345000 c=0.01350000 v=228402.40000000
2026-08-18 13:19:03,919 | INFO | crypto_bot | ENTRY signal=HOLD reason=trend_filter_not_passed meta={'regime': 'range'}
2026-08-18 13:19:03,920 | INFO | crypto_bot | TRADE pair=ROBO-USDT time=2026-08-18T13:19:03.866000+00:00 price=0.01349000 size=368.30000000
2026-08-18 13:19:03,920 | INFO | crypto_bot | TRADE pair=ROBO-USDT time=2026-08-18T13:19:03.866000+00:00 price=0.01349000 size=368.30000000
2026-08-18 13:19:53,851 | INFO | crypto_bot | TRADE pair=ROBO-USDT time=2026-08-18T13:19:53.798000+00:00 price=0.01350000 size=3018.20000000
2026-08-18 13:25:11,584 | INFO | crypto_bot | TRADE pair=ROBO-USDT time=2026-08-18T13:25:11.531000+00:00 price=0.01348000 size=37050.70000000
2026-08-18 13:25:11,585 | INFO | crypto_bot | 1m CLOSED ts=2026-08-18T13:19:00+00:00 o=0.01349000 h=0.01350000 l=0.01349000 c=0.01350000 v=4123.10000000
2026-08-18 13:25:11,585 | INFO | crypto_bot | ENTRY signal=HOLD reason=trend_filter_not_passed meta={'regime': 'range'}
2026-08-18 13:25:11,585 | INFO | crypto_bot | 5m CLOSED ts=2026-08-18T13:15:00+00:00 o=0.01345000 h=0.01354000 l=0.01345000 c=0.01350000 v=232525.50000000
2026-08-18 13:26:51,513 | INFO | crypto_bot | TRADE pair=ROBO-USDT time=2026-08-18T13:26:51.460000+00:00 price=0.01351000 size=12270.10000000
2026-08-18 13:26:51,513 | INFO | crypto_bot | 1m CLOSED ts=2026-08-18T13:25:00+00:00 o=0.01348000 h=0.01348000 l=0.01348000 c=0.01348000 v=37050.70000000
2026-08-18 13:26:51,513 | INFO | crypto_bot | ENTRY signal=HOLD reason=trend_filter_not_passed meta={'regime': 'range'}
2026-08-18 13:26:51,514 | INFO | crypto_bot | TRADE pair=ROBO-USDT time=2026-08-18T13:26:51.461000+00:00 price=0.01351000 size=14495.70000000
2026-08-18 13:27:11,405 | INFO | crypto_bot | TRADE pair=ROBO-USDT time=2026-08-18T13:27:11.352000+00:00 price=0.01352000 size=9816.00000000
2026-08-18 13:27:11,405 | INFO | crypto_bot | 1m CLOSED ts=2026-08-18T13:26:00+00:00 o=0.01351000 h=0.01351000 l=0.01351000 c=0.01351000 v=26765.80000000
2026-08-18 13:27:11,405 | INFO | crypto_bot | ENTRY signal=HOLD reason=trend_filter_not_passed meta={'regime': 'range'}
2026-08-18 13:27:11,467 | INFO | crypto_bot | TRADE pair=ROBO-USDT time=2026-08-18T13:27:11.414000+00:00 price=0.01354000 size=21967.00000000
2026-08-18 13:27:11,593 | INFO | crypto_bot | TRADE pair=ROBO-USDT time=2026-08-18T13:27:11.540000+00:00 price=0.01356000 size=24284.20000000
2026-08-18 13:27:34,956 | INFO | crypto_bot | TRADE pair=ROBO-USDT time=2026-08-18T13:27:34.903000+00:00 price=0.01353000 size=1143.90000000
2026-08-18 13:27:47,570 | INFO | crypto_bot | TRADE pair=ROBO-USDT time=2026-08-18T13:27:47.517000+00:00 price=0.01353000 size=24136.50000000
2026-08-18 13:27:47,571 | INFO | crypto_bot | TRADE pair=ROBO-USDT time=2026-08-18T13:27:47.517000+00:00 price=0.01353000 size=5273.40000000
2026-08-18 13:27:52,473 | INFO | crypto_bot | TRADE pair=ROBO-USDT time=2026-08-18T13:27:52.420000+00:00 price=0.01354000 size=31059.90000000
2026-08-18 13:27:52,478 | INFO | crypto_bot | TRADE pair=ROBO-USDT time=2026-08-18T13:27:52.425000+00:00 price=0.01354000 size=18574.70000000
2026-08-18 13:27:57,990 | INFO | crypto_bot | TRADE pair=ROBO-USDT time=2026-08-18T13:27:57.934000+00:00 price=0.01354000 size=41179.50000000
2026-08-18 13:28:48,707 | INFO | crypto_bot | TRADE pair=ROBO-USDT time=2026-08-18T13:28:48.654000+00:00 price=0.01351000 size=1480.70000000
2026-08-18 13:28:48,707 | INFO | crypto_bot | 1m CLOSED ts=2026-08-18T13:27:00+00:00 o=0.01352000 h=0.01356000 l=0.01352000 c=0.01354000 v=177435.10000000
2026-08-18 13:28:48,708 | INFO | crypto_bot | ENTRY signal=HOLD reason=trend_filter_not_passed meta={'regime': 'range'}
2026-08-18 13:30:07,379 | INFO | crypto_bot | TRADE pair=ROBO-USDT time=2026-08-18T13:30:07.326000+00:00 price=0.01349000 size=113.60000000
2026-08-18 13:30:07,379 | INFO | crypto_bot | 1m CLOSED ts=2026-08-18T13:28:00+00:00 o=0.01351000 h=0.01351000 l=0.01351000 c=0.01351000 v=1480.70000000
2026-08-18 13:30:07,379 | INFO | crypto_bot | ENTRY signal=HOLD reason=trend_filter_not_passed meta={'regime': 'range'}
2026-08-18 13:30:07,380 | INFO | crypto_bot | 5m CLOSED ts=2026-08-18T13:25:00+00:00 o=0.01348000 h=0.01356000 l=0.01348000 c=0.01351000 v=242732.30000000
2026-08-18 13:34:16,292 | INFO | crypto_bot | TRADE pair=ROBO-USDT time=2026-08-18T13:34:16.239000+00:00 price=0.01348000 size=12116.80000000
2026-08-18 13:34:16,292 | INFO | crypto_bot | 1m CLOSED ts=2026-08-18T13:30:00+00:00 o=0.01349000 h=0.01349000 l=0.01349000 c=0.01349000 v=113.60000000
2026-08-18 13:34:16,292 | INFO | crypto_bot | ENTRY signal=HOLD reason=trend_filter_not_passed meta={'regime': 'range'}
2026-08-18 13:40:10,349 | INFO | crypto_bot | TRADE pair=ROBO-USDT time=2026-08-18T13:40:10.296000+00:00 price=0.01348000 size=1215.00000000
2026-08-18 13:40:10,350 | INFO | crypto_bot | 1m CLOSED ts=2026-08-18T13:34:00+00:00 o=0.01348000 h=0.01348000 l=0.01348000 c=0.01348000 v=12116.80000000
2026-08-18 13:40:10,350 | INFO | crypto_bot | ENTRY signal=HOLD reason=trend_filter_not_passed meta={'regime': 'range'}
2026-08-18 13:40:10,350 | INFO | crypto_bot | 5m CLOSED ts=2026-08-18T13:30:00+00:00 o=0.01349000 h=0.01349000 l=0.01348000 c=0.01348000 v=12230.40000000
2026-08-18 13:40:10,350 | INFO | crypto_bot | TRADE pair=ROBO-USDT time=2026-08-18T13:40:10.296000+00:00 price=0.01347000 size=3828.00000000
2026-08-18 13:40:43,241 | INFO | crypto_bot | TRADE pair=ROBO-USDT time=2026-08-18T13:40:43.188000+00:00 price=0.01348000 size=26765.80000000
2026-08-18 13:41:42,447 | INFO | crypto_bot | TRADE pair=ROBO-USDT time=2026-08-18T13:41:42.394000+00:00 price=0.01348000 size=1215.00000000
2026-08-18 13:41:42,447 | INFO | crypto_bot | 1m CLOSED ts=2026-08-18T13:40:00+00:00 o=0.01348000 h=0.01348000 l=0.01347000 c=0.01348000 v=31808.80000000
2026-08-18 13:41:42,447 | INFO | crypto_bot | ENTRY signal=HOLD reason=trend_filter_not_passed meta={'regime': 'range'}
2026-08-18 13:41:42,448 | INFO | crypto_bot | TRADE pair=ROBO-USDT time=2026-08-18T13:41:42.394000+00:00 price=0.01347000 size=1800.20000000
2026-08-18 13:44:23,497 | INFO | crypto_bot | TRADE pair=ROBO-USDT time=2026-08-18T13:44:23.443000+00:00 price=0.01349000 size=169.50000000
2026-08-18 13:44:23,497 | INFO | crypto_bot | 1m CLOSED ts=2026-08-18T13:41:00+00:00 o=0.01348000 h=0.01348000 l=0.01347000 c=0.01347000 v=3015.20000000
2026-08-18 13:44:23,497 | INFO | crypto_bot | ENTRY signal=HOLD reason=trend_filter_not_passed meta={'regime': 'range'}
2026-08-18 13:44:56,647 | INFO | crypto_bot | TRADE pair=ROBO-USDT time=2026-08-18T13:44:56.594000+00:00 price=0.01348000 size=6218.00000000
2026-08-18 13:45:01,175 | INFO | crypto_bot | TRADE pair=ROBO-USDT time=2026-08-18T13:45:01.122000+00:00 price=0.01347000 size=1215.00000000
2026-08-18 13:45:01,175 | INFO | crypto_bot | 1m CLOSED ts=2026-08-18T13:44:00+00:00 o=0.01349000 h=0.01349000 l=0.01348000 c=0.01348000 v=6387.50000000
2026-08-18 13:45:01,175 | INFO | crypto_bot | ENTRY signal=HOLD reason=trend_filter_not_passed meta={'regime': 'range'}
2026-08-18 13:45:01,176 | INFO | crypto_bot | 5m CLOSED ts=2026-08-18T13:40:00+00:00 o=0.01348000 h=0.01349000 l=0.01347000 c=0.01348000 v=41211.50000000
2026-08-18 13:45:01,768 | INFO | crypto_bot | TRADE pair=ROBO-USDT time=2026-08-18T13:45:01.706000+00:00 price=0.01348000 size=1215.00000000
2026-08-18 13:45:01,768 | INFO | crypto_bot | TRADE pair=ROBO-USDT time=2026-08-18T13:45:01.708000+00:00 price=0.01348000 size=22408.40000000
2026-08-18 13:48:00,597 | INFO | crypto_bot | TRADE pair=ROBO-USDT time=2026-08-18T13:48:00.543000+00:00 price=0.01349000 size=20000.00000000
2026-08-18 13:48:00,597 | INFO | crypto_bot | 1m CLOSED ts=2026-08-18T13:45:00+00:00 o=0.01347000 h=0.01348000 l=0.01347000 c=0.01348000 v=24838.40000000
2026-08-18 13:48:00,598 | INFO | crypto_bot | ENTRY signal=HOLD reason=trend_filter_not_passed meta={'regime': 'range'}
2026-08-18 13:50:30,385 | INFO | crypto_bot | TRADE pair=ROBO-USDT time=2026-08-18T13:50:30.331000+00:00 price=0.01349000 size=27980.80000000
2026-08-18 13:50:30,385 | INFO | crypto_bot | 1m CLOSED ts=2026-08-18T13:48:00+00:00 o=0.01349000 h=0.01349000 l=0.01349000 c=0.01349000 v=20000.00000000
2026-08-18 13:50:30,385 | INFO | crypto_bot | ENTRY signal=HOLD reason=trend_filter_not_passed meta={'regime': 'range'}
2026-08-18 13:50:30,386 | INFO | crypto_bot | 5m CLOSED ts=2026-08-18T13:45:00+00:00 o=0.01347000 h=0.01349000 l=0.01347000 c=0.01349000 v=44838.40000000
2026-08-18 13:50:30,386 | INFO | crypto_bot | TRADE pair=ROBO-USDT time=2026-08-18T13:50:30.331000+00:00 price=0.01348000 size=65045.20000000
2026-08-18 13:50:30,386 | INFO | crypto_bot | TRADE pair=ROBO-USDT time=2026-08-18T13:50:30.332000+00:00 price=0.01348000 size=28388.30000000
2026-08-18 13:53:19,915 | INFO | crypto_bot | TRADE pair=ROBO-USDT time=2026-08-18T13:53:19.862000+00:00 price=0.01350000 size=15016.40000000
2026-08-18 13:53:19,915 | INFO | crypto_bot | 1m CLOSED ts=2026-08-18T13:50:00+00:00 o=0.01349000 h=0.01349000 l=0.01348000 c=0.01348000 v=121414.30000000
2026-08-18 13:53:19,916 | INFO | crypto_bot | ENTRY signal=HOLD reason=trend_filter_not_passed meta={'regime': 'range'}
2026-08-18 13:53:19,920 | INFO | crypto_bot | TRADE pair=ROBO-USDT time=2026-08-18T13:53:19.864000+00:00 price=0.01349000 size=51999.90000000
2026-08-18 13:55:01,751 | INFO | crypto_bot | TRADE pair=ROBO-USDT time=2026-08-18T13:55:01.698000+00:00 price=0.01348000 size=7290.00000000
2026-08-18 13:55:01,751 | INFO | crypto_bot | 1m CLOSED ts=2026-08-18T13:53:00+00:00 o=0.01350000 h=0.01350000 l=0.01349000 c=0.01349000 v=67016.30000000
2026-08-18 13:55:01,751 | INFO | crypto_bot | ENTRY signal=HOLD reason=trend_filter_not_passed meta={'regime': 'range'}
2026-08-18 13:55:01,752 | INFO | crypto_bot | 5m CLOSED ts=2026-08-18T13:50:00+00:00 o=0.01349000 h=0.01350000 l=0.01348000 c=0.01349000 v=188430.60000000
2026-08-18 13:55:01,752 | INFO | crypto_bot | TRADE pair=ROBO-USDT time=2026-08-18T13:55:01.698000+00:00 price=0.01348000 size=4421.20000000
2026-08-18 13:55:26,990 | INFO | crypto_bot | TRADE pair=ROBO-USDT time=2026-08-18T13:55:26.937000+00:00 price=0.01348000 size=1215.00000000
2026-08-18 13:55:26,990 | INFO | crypto_bot | TRADE pair=ROBO-USDT time=2026-08-18T13:55:26.937000+00:00 price=0.01347000 size=728.10000000
2026-08-18 13:56:11,865 | INFO | crypto_bot | TRADE pair=ROBO-USDT time=2026-08-18T13:56:11.804000+00:00 price=0.01348000 size=10089.90000000
2026-08-18 13:56:11,865 | INFO | crypto_bot | 1m CLOSED ts=2026-08-18T13:55:00+00:00 o=0.01348000 h=0.01348000 l=0.01347000 c=0.01347000 v=13654.30000000
2026-08-18 13:56:11,865 | INFO | crypto_bot | ENTRY signal=HOLD reason=trend_filter_not_passed meta={'regime': 'range'}
2026-08-18 13:56:27,102 | INFO | crypto_bot | TRADE pair=ROBO-USDT time=2026-08-18T13:56:27.048000+00:00 price=0.01350000 size=125.60000000
2026-08-18 13:56:27,102 | INFO | crypto_bot | TRADE pair=ROBO-USDT time=2026-08-18T13:56:27.048000+00:00 price=0.01350000 size=125.60000000
2026-08-18 13:56:27,102 | INFO | crypto_bot | TRADE pair=ROBO-USDT time=2026-08-18T13:56:27.048000+00:00 price=0.01350000 size=125.60000000
2026-08-18 13:56:27,102 | INFO | crypto_bot | TRADE pair=ROBO-USDT time=2026-08-18T13:56:27.048000+00:00 price=0.01350000 size=125.60000000
2026-08-18 13:56:27,102 | INFO | crypto_bot | TRADE pair=ROBO-USDT time=2026-08-18T13:56:27.048000+00:00 price=0.01350000 size=125.60000000
2026-08-18 13:56:27,103 | INFO | crypto_bot | TRADE pair=ROBO-USDT time=2026-08-18T13:56:27.048000+00:00 price=0.01350000 size=125.60000000
2026-08-18 13:56:27,103 | INFO | crypto_bot | TRADE pair=ROBO-USDT time=2026-08-18T13:56:27.048000+00:00 price=0.01350000 size=125.60000000
2026-08-18 13:56:27,103 | INFO | crypto_bot | TRADE pair=ROBO-USDT time=2026-08-18T13:56:27.048000+00:00 price=0.01350000 size=125.60000000
2026-08-18 13:56:27,103 | INFO | crypto_bot | TRADE pair=ROBO-USDT time=2026-08-18T13:56:27.048000+00:00 price=0.01350000 size=125.60000000
2026-08-18 13:56:27,103 | INFO | crypto_bot | TRADE pair=ROBO-USDT time=2026-08-18T13:56:27.048000+00:00 price=0.01350000 size=125.60000000
2026-08-18 13:56:27,104 | INFO | crypto_bot | TRADE pair=ROBO-USDT time=2026-08-18T13:56:27.048000+00:00 price=0.01350000 size=125.60000000
2026-08-18 13:56:27,104 | INFO | crypto_bot | TRADE pair=ROBO-USDT time=2026-08-18T13:56:27.048000+00:00 price=0.01350000 size=125.60000000
2026-08-18 13:56:27,104 | INFO | crypto_bot | TRADE pair=ROBO-USDT time=2026-08-18T13:56:27.048000+00:00 price=0.01350000 size=125.60000000
2026-08-18 13:56:27,104 | INFO | crypto_bot | TRADE pair=ROBO-USDT time=2026-08-18T13:56:27.048000+00:00 price=0.01350000 size=125.60000000
2026-08-18 13:56:27,104 | INFO | crypto_bot | TRADE pair=ROBO-USDT time=2026-08-18T13:56:27.048000+00:00 price=0.01350000 size=125.60000000
2026-08-18 13:56:27,104 | INFO | crypto_bot | TRADE pair=ROBO-USDT time=2026-08-18T13:56:27.048000+00:00 price=0.01350000 size=125.60000000
2026-08-18 13:56:27,105 | INFO | crypto_bot | TRADE pair=ROBO-USDT time=2026-08-18T13:56:27.048000+00:00 price=0.01350000 size=125.60000000
2026-08-18 13:56:27,105 | INFO | crypto_bot | TRADE pair=ROBO-USDT time=2026-08-18T13:56:27.048000+00:00 price=0.01350000 size=125.60000000
2026-08-18 13:56:27,105 | INFO | crypto_bot | TRADE pair=ROBO-USDT time=2026-08-18T13:56:27.048000+00:00 price=0.01350000 size=125.60000000
2026-08-18 13:56:27,105 | INFO | crypto_bot | TRADE pair=ROBO-USDT time=2026-08-18T13:56:27.048000+00:00 price=0.01350000 size=125.60000000
2026-08-18 13:56:27,105 | INFO | crypto_bot | TRADE pair=ROBO-USDT time=2026-08-18T13:56:27.048000+00:00 price=0.01350000 size=125.60000000
2026-08-18 13:56:27,106 | INFO | crypto_bot | TRADE pair=ROBO-USDT time=2026-08-18T13:56:27.048000+00:00 price=0.01350000 size=125.60000000
2026-08-18 13:56:27,106 | INFO | crypto_bot | TRADE pair=ROBO-USDT time=2026-08-18T13:56:27.048000+00:00 price=0.01350000 size=125.60000000
2026-08-18 13:56:27,106 | INFO | crypto_bot | TRADE pair=ROBO-USDT time=2026-08-18T13:56:27.048000+00:00 price=0.01350000 size=125.60000000
2026-08-18 13:56:27,106 | INFO | crypto_bot | TRADE pair=ROBO-USDT time=2026-08-18T13:56:27.048000+00:00 price=0.01350000 size=125.60000000
2026-08-18 13:56:27,107 | INFO | crypto_bot | TRADE pair=ROBO-USDT time=2026-08-18T13:56:27.048000+00:00 price=0.01350000 size=125.60000000
2026-08-18 13:57:32,601 | INFO | crypto_bot | TRADE pair=ROBO-USDT time=2026-08-18T13:57:32.548000+00:00 price=0.01348000 size=13764.90000000
2026-08-18 13:57:32,602 | INFO | crypto_bot | 1m CLOSED ts=2026-08-18T13:56:00+00:00 o=0.01348000 h=0.01350000 l=0.01348000 c=0.01350000 v=13355.50000000
2026-08-18 13:57:32,602 | INFO | crypto_bot | ENTRY signal=HOLD reason=trend_filter_not_passed meta={'regime': 'range'}
2026-08-18 13:57:32,607 | INFO | crypto_bot | TRADE pair=ROBO-USDT time=2026-08-18T13:57:32.554000+00:00 price=0.01348000 size=11939.00000000
2026-08-18 13:57:32,607 | INFO | crypto_bot | TRADE pair=ROBO-USDT time=2026-08-18T13:57:32.554000+00:00 price=0.01348000 size=14826.80000000
2026-08-18 13:57:34,292 | INFO | crypto_bot | TRADE pair=ROBO-USDT time=2026-08-18T13:57:34.238000+00:00 price=0.01349000 size=51262.40000000
2026-08-18 13:57:34,292 | INFO | crypto_bot | TRADE pair=ROBO-USDT time=2026-08-18T13:57:34.238000+00:00 price=0.01350000 size=11646.40000000
2026-08-18 13:57:50,853 | INFO | crypto_bot | TRADE pair=ROBO-USDT time=2026-08-18T13:57:50.800000+00:00 price=0.01350000 size=692.70000000
2026-08-18 13:58:08,742 | INFO | crypto_bot | TRADE pair=ROBO-USDT time=2026-08-18T13:58:08.690000+00:00 price=0.01350000 size=1477.00000000
2026-08-18 13:58:08,743 | INFO | crypto_bot | 1m CLOSED ts=2026-08-18T13:57:00+00:00 o=0.01348000 h=0.01350000 l=0.01348000 c=0.01350000 v=104132.20000000
2026-08-18 13:58:08,743 | INFO | crypto_bot | ENTRY signal=HOLD reason=trend_filter_not_passed meta={'regime': 'range'}
2026-08-18 13:58:18,876 | INFO | crypto_bot | TRADE pair=ROBO-USDT time=2026-08-18T13:58:18.823000+00:00 price=0.01351000 size=1215.00000000
2026-08-18 13:58:18,877 | INFO | crypto_bot | TRADE pair=ROBO-USDT time=2026-08-18T13:58:18.823000+00:00 price=0.01352000 size=6182.30000000
2026-08-18 14:00:30,889 | INFO | crypto_bot | TRADE pair=ROBO-USDT time=2026-08-18T14:00:30.836000+00:00 price=0.01353000 size=11480.50000000
2026-08-18 14:00:30,889 | INFO | crypto_bot | 1m CLOSED ts=2026-08-18T13:58:00+00:00 o=0.01350000 h=0.01352000 l=0.01350000 c=0.01352000 v=8874.30000000
2026-08-18 14:00:30,889 | INFO | crypto_bot | ENTRY signal=HOLD reason=trend_filter_not_passed meta={'regime': 'range'}
2026-08-18 14:00:30,890 | INFO | crypto_bot | 5m CLOSED ts=2026-08-18T13:55:00+00:00 o=0.01348000 h=0.01352000 l=0.01347000 c=0.01352000 v=140016.30000000
2026-08-18 14:01:26,056 | INFO | crypto_bot | TRADE pair=ROBO-USDT time=2026-08-18T14:01:26.003000+00:00 price=0.01355000 size=1515.70000000
2026-08-18 14:01:26,056 | INFO | crypto_bot | 1m CLOSED ts=2026-08-18T14:00:00+00:00 o=0.01353000 h=0.01353000 l=0.01353000 c=0.01353000 v=11480.50000000
2026-08-18 14:01:26,056 | INFO | crypto_bot | ENTRY signal=HOLD reason=trend_filter_not_passed meta={'regime': 'range'}
2026-08-18 14:02:42,747 | INFO | crypto_bot | TRADE pair=ROBO-USDT time=2026-08-18T14:02:42.694000+00:00 price=0.01356000 size=19959.40000000
2026-08-18 14:02:42,747 | INFO | crypto_bot | 1m CLOSED ts=2026-08-18T14:01:00+00:00 o=0.01355000 h=0.01355000 l=0.01355000 c=0.01355000 v=1515.70000000
2026-08-18 14:02:42,747 | INFO | crypto_bot | ENTRY signal=HOLD reason=trend_filter_not_passed meta={'regime': 'range'}
2026-08-18 14:04:56,535 | INFO | crypto_bot | TRADE pair=ROBO-USDT time=2026-08-18T14:04:56.482000+00:00 price=0.01357000 size=1007.90000000
2026-08-18 14:04:56,535 | INFO | crypto_bot | 1m CLOSED ts=2026-08-18T14:02:00+00:00 o=0.01356000 h=0.01356000 l=0.01356000 c=0.01356000 v=19959.40000000
2026-08-18 14:04:56,536 | INFO | crypto_bot | ENTRY signal=HOLD reason=trend_filter_not_passed meta={'regime': 'range'}
2026-08-18 14:05:17,239 | INFO | crypto_bot | TRADE pair=ROBO-USDT time=2026-08-18T14:05:17.186000+00:00 price=0.01356000 size=44151.00000000
2026-08-18 14:05:17,239 | INFO | crypto_bot | 1m CLOSED ts=2026-08-18T14:04:00+00:00 o=0.01357000 h=0.01357000 l=0.01357000 c=0.01357000 v=1007.90000000
2026-08-18 14:05:17,240 | INFO | crypto_bot | ENTRY signal=HOLD reason=trend_filter_not_passed meta={'regime': 'range'}
2026-08-18 14:05:17,240 | INFO | crypto_bot | 5m CLOSED ts=2026-08-18T14:00:00+00:00 o=0.01353000 h=0.01357000 l=0.01353000 c=0.01357000 v=33963.50000000
2026-08-18 14:08:04,118 | INFO | crypto_bot | TRADE pair=ROBO-USDT time=2026-08-18T14:08:04.065000+00:00 price=0.01357000 size=135177.30000000
2026-08-18 14:08:04,118 | INFO | crypto_bot | 1m CLOSED ts=2026-08-18T14:05:00+00:00 o=0.01356000 h=0.01356000 l=0.01356000 c=0.01356000 v=44151.00000000
2026-08-18 14:08:04,118 | INFO | crypto_bot | ENTRY signal=HOLD reason=trend_filter_not_passed meta={'regime': 'range'}
2026-08-18 14:08:04,119 | INFO | crypto_bot | TRADE pair=ROBO-USDT time=2026-08-18T14:08:04.065000+00:00 price=0.01357000 size=14748.30000000
2026-08-18 14:08:04,119 | INFO | crypto_bot | TRADE pair=ROBO-USDT time=2026-08-18T14:08:04.065000+00:00 price=0.01357000 size=71150.30000000
2026-08-18 14:09:08,127 | INFO | crypto_bot | TRADE pair=ROBO-USDT time=2026-08-18T14:09:08.073000+00:00 price=0.01358000 size=2588.50000000
2026-08-18 14:09:08,127 | INFO | crypto_bot | 1m CLOSED ts=2026-08-18T14:08:00+00:00 o=0.01357000 h=0.01357000 l=0.01357000 c=0.01357000 v=221075.90000000
2026-08-18 14:09:08,131 | INFO | crypto_bot | ENTRY signal=HOLD reason=trend_filter_not_passed meta={'regime': 'range'}
2026-08-18 14:10:13,270 | INFO | crypto_bot | TRADE pair=ROBO-USDT time=2026-08-18T14:10:13.217000+00:00 price=0.01355000 size=20091.30000000
2026-08-18 14:10:13,270 | INFO | crypto_bot | 1m CLOSED ts=2026-08-18T14:09:00+00:00 o=0.01358000 h=0.01358000 l=0.01358000 c=0.01358000 v=2588.50000000
2026-08-18 14:10:13,270 | INFO | crypto_bot | ENTRY signal=HOLD reason=trend_filter_not_passed meta={'regime': 'range'}
2026-08-18 14:10:13,271 | INFO | crypto_bot | 5m CLOSED ts=2026-08-18T14:05:00+00:00 o=0.01356000 h=0.01358000 l=0.01356000 c=0.01358000 v=267815.40000000
2026-08-18 14:10:13,273 | INFO | crypto_bot | TRADE pair=ROBO-USDT time=2026-08-18T14:10:13.220000+00:00 price=0.01355000 size=60867.80000000
2026-08-18 14:10:13,337 | INFO | crypto_bot | TRADE pair=ROBO-USDT time=2026-08-18T14:10:13.284000+00:00 price=0.01355000 size=66860.50000000
2026-08-18 14:10:26,610 | INFO | crypto_bot | TRADE pair=ROBO-USDT time=2026-08-18T14:10:26.557000+00:00 price=0.01355000 size=20000.00000000
2026-08-18 14:10:26,611 | INFO | crypto_bot | TRADE pair=ROBO-USDT time=2026-08-18T14:10:26.557000+00:00 price=0.01356000 size=55711.60000000
2026-08-18 14:10:49,870 | INFO | crypto_bot | TRADE pair=ROBO-USDT time=2026-08-18T14:10:49.813000+00:00 price=0.01356000 size=23715.30000000
2026-08-18 14:10:49,870 | INFO | crypto_bot | TRADE pair=ROBO-USDT time=2026-08-18T14:10:49.813000+00:00 price=0.01356000 size=16199.40000000
2026-08-18 14:13:21,963 | INFO | crypto_bot | TRADE pair=ROBO-USDT time=2026-08-18T14:13:21.909000+00:00 price=0.01359000 size=26765.80000000
2026-08-18 14:13:21,964 | INFO | crypto_bot | 1m CLOSED ts=2026-08-18T14:10:00+00:00 o=0.01355000 h=0.01356000 l=0.01355000 c=0.01356000 v=263445.90000000
2026-08-18 14:13:21,964 | INFO | crypto_bot | ENTRY signal=HOLD reason=trend_filter_not_passed meta={'regime': 'range'}
2026-08-18 14:14:15,067 | INFO | crypto_bot | TRADE pair=ROBO-USDT time=2026-08-18T14:14:15.009000+00:00 price=0.01359000 size=3679.10000000
2026-08-18 14:14:15,068 | INFO | crypto_bot | 1m CLOSED ts=2026-08-18T14:13:00+00:00 o=0.01359000 h=0.01359000 l=0.01359000 c=0.01359000 v=26765.80000000
2026-08-18 14:14:15,068 | INFO | crypto_bot | ENTRY signal=HOLD reason=trend_filter_not_passed meta={'regime': 'range'}
2026-08-18 14:14:15,070 | INFO | crypto_bot | TRADE pair=ROBO-USDT time=2026-08-18T14:14:15.018000+00:00 price=0.01359000 size=45652.00000000
2026-08-18 14:15:17,742 | INFO | crypto_bot | TRADE pair=ROBO-USDT time=2026-08-18T14:15:17.689000+00:00 price=0.01358000 size=65039.70000000
2026-08-18 14:15:17,742 | INFO | crypto_bot | 1m CLOSED ts=2026-08-18T14:14:00+00:00 o=0.01359000 h=0.01359000 l=0.01359000 c=0.01359000 v=49331.10000000
2026-08-18 14:15:17,742 | INFO | crypto_bot | ENTRY signal=HOLD reason=trend_filter_not_passed meta={'regime': 'range'}
2026-08-18 14:15:17,742 | INFO | crypto_bot | 5m CLOSED ts=2026-08-18T14:10:00+00:00 o=0.01355000 h=0.01359000 l=0.01355000 c=0.01359000 v=339542.80000000
2026-08-18 14:17:45,889 | INFO | crypto_bot | TRADE pair=ROBO-USDT time=2026-08-18T14:17:45.834000+00:00 price=0.01356000 size=3257.80000000
2026-08-18 14:17:45,889 | INFO | crypto_bot | 1m CLOSED ts=2026-08-18T14:15:00+00:00 o=0.01358000 h=0.01358000 l=0.01358000 c=0.01358000 v=65039.70000000
2026-08-18 14:17:45,889 | INFO | crypto_bot | ENTRY signal=HOLD reason=trend_filter_not_passed meta={'regime': 'range'}
2026-08-18 14:17:45,890 | INFO | crypto_bot | TRADE pair=ROBO-USDT time=2026-08-18T14:17:45.834000+00:00 price=0.01356000 size=19296.20000000
2026-08-18 14:20:05,964 | INFO | crypto_bot | TRADE pair=ROBO-USDT time=2026-08-18T14:20:05.907000+00:00 price=0.01356000 size=19415.70000000
2026-08-18 14:20:05,965 | INFO | crypto_bot | 1m CLOSED ts=2026-08-18T14:17:00+00:00 o=0.01356000 h=0.01356000 l=0.01356000 c=0.01356000 v=22554.00000000
2026-08-18 14:20:05,965 | INFO | crypto_bot | ENTRY signal=HOLD reason=trend_filter_not_passed meta={'regime': 'range'}
2026-08-18 14:20:05,965 | INFO | crypto_bot | 5m CLOSED ts=2026-08-18T14:15:00+00:00 o=0.01358000 h=0.01358000 l=0.01356000 c=0.01356000 v=87593.70000000
2026-08-18 14:20:06,040 | INFO | crypto_bot | TRADE pair=ROBO-USDT time=2026-08-18T14:20:05.985000+00:00 price=0.01355000 size=7703.80000000
2026-08-18 14:20:06,040 | INFO | crypto_bot | TRADE pair=ROBO-USDT time=2026-08-18T14:20:05.985000+00:00 price=0.01355000 size=12747.20000000
2026-08-18 14:22:23,582 | INFO | crypto_bot | TRADE pair=ROBO-USDT time=2026-08-18T14:22:23.530000+00:00 price=0.01357000 size=15853.00000000
2026-08-18 14:22:23,582 | INFO | crypto_bot | 1m CLOSED ts=2026-08-18T14:20:00+00:00 o=0.01356000 h=0.01356000 l=0.01355000 c=0.01355000 v=39866.70000000
2026-08-18 14:22:23,583 | INFO | crypto_bot | ENTRY signal=HOLD reason=trend_filter_not_passed meta={'regime': 'range'}
2026-08-18 14:22:38,766 | INFO | crypto_bot | TRADE pair=ROBO-USDT time=2026-08-18T14:22:38.708000+00:00 price=0.01358000 size=294.80000000
2026-08-18 14:25:25,715 | INFO | crypto_bot | TRADE pair=ROBO-USDT time=2026-08-18T14:25:25.662000+00:00 price=0.01357000 size=54583.20000000
2026-08-18 14:25:25,715 | INFO | crypto_bot | 1m CLOSED ts=2026-08-18T14:22:00+00:00 o=0.01357000 h=0.01358000 l=0.01357000 c=0.01358000 v=16147.80000000
2026-08-18 14:25:25,716 | INFO | crypto_bot | ENTRY signal=HOLD reason=breakout_not_passed meta={'ok': False, 'breakout_level': 0.01359, 'current_price': 0.01358, 'current_volume': 16147.8, 'avg_volume': 55861.45, 'extension_pct': -0.0007358351729212357, 'is_breakout': False, 'volume_ok': False, 'not_overextended': True}
2026-08-18 14:25:25,716 | INFO | crypto_bot | 5m CLOSED ts=2026-08-18T14:20:00+00:00 o=0.01356000 h=0.01358000 l=0.01355000 c=0.01358000 v=56014.50000000
2026-08-18 14:25:25,716 | INFO | crypto_bot | TRADE pair=ROBO-USDT time=2026-08-18T14:25:25.662000+00:00 price=0.01358000 size=13069.70000000
2026-08-18 14:28:32,105 | INFO | crypto_bot | TRADE pair=ROBO-USDT time=2026-08-18T14:28:32.052000+00:00 price=0.01354000 size=14881.90000000
2026-08-18 14:28:32,105 | INFO | crypto_bot | 1m CLOSED ts=2026-08-18T14:25:00+00:00 o=0.01357000 h=0.01358000 l=0.01357000 c=0.01358000 v=67652.90000000
2026-08-18 14:28:32,105 | INFO | crypto_bot | ENTRY signal=HOLD reason=breakout_not_passed meta={'ok': False, 'breakout_level': 0.01359, 'current_price': 0.01358, 'current_volume': 67652.9, 'avg_volume': 55668.840000000004, 'extension_pct': -0.0007358351729212357, 'is_breakout': False, 'volume_ok': False, 'not_overextended': True}
2026-08-18 14:28:32,106 | INFO | crypto_bot | TRADE pair=ROBO-USDT time=2026-08-18T14:28:32.052000+00:00 price=0.01353000 size=5057.60000000
2026-08-18 14:29:39,967 | INFO | crypto_bot | TRADE pair=ROBO-USDT time=2026-08-18T14:29:39.913000+00:00 price=0.01351000 size=358.20000000
2026-08-18 14:29:39,968 | INFO | crypto_bot | 1m CLOSED ts=2026-08-18T14:28:00+00:00 o=0.01354000 h=0.01354000 l=0.01353000 c=0.01353000 v=19939.50000000
2026-08-18 14:29:39,968 | INFO | crypto_bot | ENTRY signal=HOLD reason=breakout_not_passed meta={'ok': False, 'breakout_level': 0.01359, 'current_price': 0.01353, 'current_volume': 19939.5, 'avg_volume': 52980.77, 'extension_pct': -0.004415011037527542, 'is_breakout': False, 'volume_ok': False, 'not_overextended': True}
2026-08-18 14:32:08,539 | INFO | crypto_bot | TRADE pair=ROBO-USDT time=2026-08-18T14:32:08.485000+00:00 price=0.01351000 size=12747.20000000
2026-08-18 14:32:08,539 | INFO | crypto_bot | 1m CLOSED ts=2026-08-18T14:29:00+00:00 o=0.01351000 h=0.01351000 l=0.01351000 c=0.01351000 v=358.20000000
2026-08-18 14:32:08,539 | INFO | crypto_bot | ENTRY signal=HOLD reason=breakout_not_passed meta={'ok': False, 'breakout_level': 0.01359, 'current_price': 0.01351, 'current_volume': 358.2, 'avg_volume': 50626.93, 'extension_pct': -0.005886681383370141, 'is_breakout': False, 'volume_ok': False, 'not_overextended': True}
2026-08-18 14:32:08,540 | INFO | crypto_bot | 5m CLOSED ts=2026-08-18T14:25:00+00:00 o=0.01357000 h=0.01358000 l=0.01351000 c=0.01351000 v=87950.60000000
2026-08-18 14:32:09,772 | INFO | crypto_bot | TRADE pair=ROBO-USDT time=2026-08-18T14:32:09.719000+00:00 price=0.01351000 size=10498.20000000
2026-08-18 14:32:29,712 | INFO | crypto_bot | TRADE pair=ROBO-USDT time=2026-08-18T14:32:29.659000+00:00 price=0.01351000 size=79843.90000000
2026-08-18 14:33:25,141 | INFO | crypto_bot | TRADE pair=ROBO-USDT time=2026-08-18T14:33:25.088000+00:00 price=0.01349000 size=294.50000000
2026-08-18 14:33:25,142 | INFO | crypto_bot | 1m CLOSED ts=2026-08-18T14:32:00+00:00 o=0.01351000 h=0.01351000 l=0.01351000 c=0.01351000 v=103089.30000000
2026-08-18 14:33:25,142 | INFO | crypto_bot | ENTRY signal=HOLD reason=breakout_not_passed meta={'ok': False, 'breakout_level': 0.01359, 'current_price': 0.01351, 'current_volume': 103089.29999999999, 'avg_volume': 49962.125, 'extension_pct': -0.005886681383370141, 'is_breakout': False, 'volume_ok': True, 'not_overextended': True}
2026-08-18 14:33:31,579 | INFO | crypto_bot | TRADE pair=ROBO-USDT time=2026-08-18T14:33:31.526000+00:00 price=0.01349000 size=133.40000000
2026-08-18 14:35:05,855 | INFO | crypto_bot | TRADE pair=ROBO-USDT time=2026-08-18T14:35:05.801000+00:00 price=0.01349000 size=10298.80000000
2026-08-18 14:35:05,855 | INFO | crypto_bot | 1m CLOSED ts=2026-08-18T14:33:00+00:00 o=0.01349000 h=0.01349000 l=0.01349000 c=0.01349000 v=427.90000000
2026-08-18 14:35:05,855 | INFO | crypto_bot | ENTRY signal=HOLD reason=breakout_not_passed meta={'ok': False, 'breakout_level': 0.01359, 'current_price': 0.01349, 'current_volume': 427.9, 'avg_volume': 54448.815, 'extension_pct': -0.007358351729212612, 'is_breakout': False, 'volume_ok': False, 'not_overextended': True}
2026-08-18 14:35:05,856 | INFO | crypto_bot | 5m CLOSED ts=2026-08-18T14:30:00+00:00 o=0.01351000 h=0.01351000 l=0.01349000 c=0.01349000 v=103517.20000000
2026-08-18 14:36:22,333 | INFO | crypto_bot | TRADE pair=ROBO-USDT time=2026-08-18T14:36:22.279000+00:00 price=0.01348000 size=19067.70000000
2026-08-18 14:36:22,333 | INFO | crypto_bot | 1m CLOSED ts=2026-08-18T14:35:00+00:00 o=0.01349000 h=0.01349000 l=0.01349000 c=0.01349000 v=10298.80000000
2026-08-18 14:36:22,333 | INFO | crypto_bot | ENTRY signal=HOLD reason=breakout_not_passed meta={'ok': False, 'breakout_level': 0.01359, 'current_price': 0.01349, 'current_volume': 10298.8, 'avg_volume': 49263.6, 'extension_pct': -0.007358351729212612, 'is_breakout': False, 'volume_ok': False, 'not_overextended': True}
2026-08-18 14:36:26,519 | INFO | crypto_bot | TRADE pair=ROBO-USDT time=2026-08-18T14:36:26.467000+00:00 price=0.01349000 size=3675.40000000
2026-08-18 14:36:54,942 | INFO | crypto_bot | TRADE pair=ROBO-USDT time=2026-08-18T14:36:54.889000+00:00 price=0.01350000 size=26800.60000000
2026-08-18 14:39:54,562 | INFO | crypto_bot | TRADE pair=ROBO-USDT time=2026-08-18T14:39:54.506000+00:00 price=0.01347000 size=24705.90000000
2026-08-18 14:39:54,563 | INFO | crypto_bot | 1m CLOSED ts=2026-08-18T14:36:00+00:00 o=0.01348000 h=0.01350000 l=0.01348000 c=0.01350000 v=49543.70000000
2026-08-18 14:39:54,563 | INFO | crypto_bot | ENTRY signal=HOLD reason=breakout_not_passed meta={'ok': False, 'breakout_level': 0.01359, 'current_price': 0.0135, 'current_volume': 49543.7, 'avg_volume': 49334.825, 'extension_pct': -0.006622516556291376, 'is_breakout': False, 'volume_ok': False, 'not_overextended': True}
2026-08-18 14:39:54,563 | INFO | crypto_bot | TRADE pair=ROBO-USDT time=2026-08-18T14:39:54.506000+00:00 price=0.01346000 size=32142.90000000
2026-08-18 14:39:54,564 | INFO | crypto_bot | TRADE pair=ROBO-USDT time=2026-08-18T14:39:54.506000+00:00 price=0.01345000 size=18787.10000000
2026-08-18 14:40:42,180 | INFO | crypto_bot | TRADE pair=ROBO-USDT time=2026-08-18T14:40:42.127000+00:00 price=0.01345000 size=2585.90000000
2026-08-18 14:40:42,180 | INFO | crypto_bot | 1m CLOSED ts=2026-08-18T14:39:00+00:00 o=0.01347000 h=0.01347000 l=0.01345000 c=0.01345000 v=75635.90000000
2026-08-18 14:40:42,181 | INFO | crypto_bot | ENTRY signal=HOLD reason=breakout_not_passed meta={'ok': False, 'breakout_level': 0.01359, 'current_price': 0.01345, 'current_volume': 75635.9, 'avg_volume': 51237.985, 'extension_pct': -0.010301692420897682, 'is_breakout': False, 'volume_ok': False, 'not_overextended': True}
2026-08-18 14:40:42,181 | INFO | crypto_bot | 5m CLOSED ts=2026-08-18T14:35:00+00:00 o=0.01349000 h=0.01350000 l=0.01345000 c=0.01345000 v=135478.40000000
2026-08-18 14:40:49,945 | INFO | crypto_bot | TRADE pair=ROBO-USDT time=2026-08-18T14:40:49.892000+00:00 price=0.01345000 size=560.60000000
2026-08-18 14:41:19,170 | INFO | crypto_bot | TRADE pair=ROBO-USDT time=2026-08-18T14:41:19.117000+00:00 price=0.01347000 size=14513.30000000
2026-08-18 14:41:19,170 | INFO | crypto_bot | 1m CLOSED ts=2026-08-18T14:40:00+00:00 o=0.01345000 h=0.01345000 l=0.01345000 c=0.01345000 v=3146.50000000
2026-08-18 14:41:19,171 | INFO | crypto_bot | ENTRY signal=HOLD reason=breakout_not_passed meta={'ok': False, 'breakout_level': 0.01359, 'current_price': 0.01345, 'current_volume': 3146.5, 'avg_volume': 54943.994999999995, 'extension_pct': -0.010301692420897682, 'is_breakout': False, 'volume_ok': False, 'not_overextended': True}
2026-08-18 14:41:51,545 | INFO | crypto_bot | TRADE pair=ROBO-USDT time=2026-08-18T14:41:51.491000+00:00 price=0.01348000 size=17666.70000000
2026-08-18 14:42:39,299 | INFO | crypto_bot | TRADE pair=ROBO-USDT time=2026-08-18T14:42:39.246000+00:00 price=0.01349000 size=10255.20000000
2026-08-18 14:42:39,300 | INFO | crypto_bot | 1m CLOSED ts=2026-08-18T14:41:00+00:00 o=0.01347000 h=0.01348000 l=0.01347000 c=0.01348000 v=32180.00000000
2026-08-18 14:42:39,300 | INFO | crypto_bot | ENTRY signal=HOLD reason=breakout_not_passed meta={'ok': False, 'breakout_level': 0.01359, 'current_price': 0.01348, 'current_volume': 32180.0, 'avg_volume': 54103.35, 'extension_pct': -0.008094186902133848, 'is_breakout': False, 'volume_ok': False, 'not_overextended': True}
2026-08-18 14:42:39,301 | INFO | crypto_bot | TRADE pair=ROBO-USDT time=2026-08-18T14:42:39.247000+00:00 price=0.01350000 size=37133.30000000
2026-08-18 14:42:39,301 | INFO | crypto_bot | TRADE pair=ROBO-USDT time=2026-08-18T14:42:39.247000+00:00 price=0.01352000 size=30927.90000000
2026-08-18 14:42:39,303 | INFO | crypto_bot | TRADE pair=ROBO-USDT time=2026-08-18T14:42:39.251000+00:00 price=0.01351000 size=1215.00000000
2026-08-18 14:42:39,304 | INFO | crypto_bot | TRADE pair=ROBO-USDT time=2026-08-18T14:42:39.251000+00:00 price=0.01350000 size=3099.00000000
2026-08-18 14:42:39,305 | INFO | crypto_bot | TRADE pair=ROBO-USDT time=2026-08-18T14:42:39.252000+00:00 price=0.01352000 size=18938.70000000
2026-08-18 14:42:39,306 | INFO | crypto_bot | TRADE pair=ROBO-USDT time=2026-08-18T14:42:39.253000+00:00 price=0.01351000 size=4314.70000000
2026-08-18 14:42:39,328 | INFO | crypto_bot | TRADE pair=ROBO-USDT time=2026-08-18T14:42:39.275000+00:00 price=0.01351000 size=1215.00000000
2026-08-18 14:42:39,330 | INFO | crypto_bot | TRADE pair=ROBO-USDT time=2026-08-18T14:42:39.277000+00:00 price=0.01350000 size=3099.20000000
2026-08-18 14:45:38,588 | INFO | crypto_bot | TRADE pair=ROBO-USDT time=2026-08-18T14:45:38.535000+00:00 price=0.01351000 size=50367.90000000
2026-08-18 14:45:38,588 | INFO | crypto_bot | 1m CLOSED ts=2026-08-18T14:42:00+00:00 o=0.01349000 h=0.01352000 l=0.01349000 c=0.01350000 v=110198.00000000
2026-08-18 14:45:38,588 | INFO | crypto_bot | ENTRY signal=HOLD reason=breakout_not_passed meta={'ok': False, 'breakout_level': 0.01359, 'current_price': 0.0135, 'current_volume': 110197.99999999999, 'avg_volume': 55661.954999999994, 'extension_pct': -0.006622516556291376, 'is_breakout': False, 'volume_ok': True, 'not_overextended': True}
2026-08-18 14:45:38,590 | INFO | crypto_bot | 5m CLOSED ts=2026-08-18T14:40:00+00:00 o=0.01345000 h=0.01352000 l=0.01345000 c=0.01350000 v=145524.50000000
2026-08-18 14:45:38,593 | INFO | crypto_bot | TRADE pair=ROBO-USDT time=2026-08-18T14:45:38.541000+00:00 price=0.01351000 size=30927.90000000
2026-08-18 14:47:36,149 | INFO | crypto_bot | TRADE pair=ROBO-USDT time=2026-08-18T14:47:36.096000+00:00 price=0.01348000 size=10856.20000000
2026-08-18 14:47:36,149 | INFO | crypto_bot | 1m CLOSED ts=2026-08-18T14:45:00+00:00 o=0.01351000 h=0.01351000 l=0.01351000 c=0.01351000 v=81295.80000000
2026-08-18 14:47:36,150 | INFO | crypto_bot | ENTRY signal=HOLD reason=breakout_not_passed meta={'ok': False, 'breakout_level': 0.01359, 'current_price': 0.01351, 'current_volume': 81295.8, 'avg_volume': 58964.30499999999, 'extension_pct': -0.005886681383370141, 'is_breakout': False, 'volume_ok': False, 'not_overextended': True}
2026-08-18 14:47:36,151 | INFO | crypto_bot | TRADE pair=ROBO-USDT time=2026-08-18T14:47:36.097000+00:00 price=0.01348000 size=20071.70000000
2026-08-18 14:52:45,428 | INFO | crypto_bot | TRADE pair=ROBO-USDT time=2026-08-18T14:52:45.373000+00:00 price=0.01345000 size=3727.10000000
2026-08-18 14:52:45,428 | INFO | crypto_bot | 1m CLOSED ts=2026-08-18T14:47:00+00:00 o=0.01348000 h=0.01348000 l=0.01348000 c=0.01348000 v=30927.90000000
2026-08-18 14:52:45,429 | INFO | crypto_bot | ENTRY signal=HOLD reason=breakout_not_passed meta={'ok': False, 'breakout_level': 0.01359, 'current_price': 0.01348, 'current_volume': 30927.9, 'avg_volume': 51975.3, 'extension_pct': -0.008094186902133848, 'is_breakout': False, 'volume_ok': False, 'not_overextended': True}
2026-08-18 14:52:45,431 | INFO | crypto_bot | 5m CLOSED ts=2026-08-18T14:45:00+00:00 o=0.01351000 h=0.01351000 l=0.01348000 c=0.01348000 v=112223.70000000
2026-08-18 14:54:21,245 | INFO | crypto_bot | TRADE pair=ROBO-USDT time=2026-08-18T14:54:21.191000+00:00 price=0.01348000 size=32142.90000000
2026-08-18 14:54:21,245 | INFO | crypto_bot | 1m CLOSED ts=2026-08-18T14:52:00+00:00 o=0.01345000 h=0.01345000 l=0.01345000 c=0.01345000 v=3727.10000000
2026-08-18 14:54:21,245 | INFO | crypto_bot | ENTRY signal=HOLD reason=breakout_not_passed meta={'ok': False, 'breakout_level': 0.01359, 'current_price': 0.01345, 'current_volume': 3727.1, 'avg_volume': 53392.27, 'extension_pct': -0.010301692420897682, 'is_breakout': False, 'volume_ok': False, 'not_overextended': True}
2026-08-18 14:54:21,246 | INFO | crypto_bot | TRADE pair=ROBO-USDT time=2026-08-18T14:54:21.191000+00:00 price=0.01349000 size=55540.10000000
2026-08-18 14:55:24,071 | INFO | crypto_bot | TRADE pair=ROBO-USDT time=2026-08-18T14:55:24.007000+00:00 price=0.01348000 size=22699.00000000
2026-08-18 14:55:24,071 | INFO | crypto_bot | 1m CLOSED ts=2026-08-18T14:54:00+00:00 o=0.01348000 h=0.01349000 l=0.01348000 c=0.01349000 v=87683.00000000
2026-08-18 14:55:24,071 | INFO | crypto_bot | ENTRY signal=HOLD reason=breakout_not_passed meta={'ok': False, 'breakout_level': 0.01359, 'current_price': 0.01349, 'current_volume': 87683.0, 'avg_volume': 40406.33, 'extension_pct': -0.007358351729212612, 'is_breakout': False, 'volume_ok': True, 'not_overextended': True}
2026-08-18 14:55:24,072 | INFO | crypto_bot | 5m CLOSED ts=2026-08-18T14:50:00+00:00 o=0.01345000 h=0.01349000 l=0.01345000 c=0.01349000 v=91410.10000000
2026-08-18 14:55:28,090 | INFO | crypto_bot | TRADE pair=ROBO-USDT time=2026-08-18T14:55:28.037000+00:00 price=0.01348000 size=99224.00000000
2026-08-18 14:55:28,305 | INFO | crypto_bot | TRADE pair=ROBO-USDT time=2026-08-18T14:55:28.253000+00:00 price=0.01348000 size=1215.00000000
2026-08-18 14:55:35,633 | INFO | crypto_bot | TRADE pair=ROBO-USDT time=2026-08-18T14:55:35.580000+00:00 price=0.01348000 size=11246.00000000
2026-08-18 14:55:36,926 | INFO | crypto_bot | TRADE pair=ROBO-USDT time=2026-08-18T14:55:36.873000+00:00 price=0.01347000 size=15100.90000000
2026-08-18 14:55:36,927 | INFO | crypto_bot | TRADE pair=ROBO-USDT time=2026-08-18T14:55:36.874000+00:00 price=0.01347000 size=83930.10000000
2026-08-18 14:55:45,052 | INFO | crypto_bot | TRADE pair=ROBO-USDT time=2026-08-18T14:55:44.999000+00:00 price=0.01347000 size=63107.10000000
2026-08-18 14:56:10,573 | INFO | crypto_bot | TRADE pair=ROBO-USDT time=2026-08-18T14:56:10.520000+00:00 price=0.01346000 size=1215.00000000
2026-08-18 14:56:10,573 | INFO | crypto_bot | 1m CLOSED ts=2026-08-18T14:55:00+00:00 o=0.01348000 h=0.01348000 l=0.01347000 c=0.01347000 v=296522.10000000
2026-08-18 14:56:10,573 | INFO | crypto_bot | ENTRY signal=HOLD reason=breakout_not_passed meta={'ok': False, 'breakout_level': 0.01359, 'current_price': 0.01347, 'current_volume': 296522.1, 'avg_volume': 43452.189999999995, 'extension_pct': -0.00883002207505521, 'is_breakout': False, 'volume_ok': True, 'not_overextended': True}
2026-08-18 14:56:10,587 | INFO | crypto_bot | TRADE pair=ROBO-USDT time=2026-08-18T14:56:10.534000+00:00 price=0.01346000 size=15153.90000000
2026-08-18 14:56:10,587 | INFO | crypto_bot | TRADE pair=ROBO-USDT time=2026-08-18T14:56:10.535000+00:00 price=0.01346000 size=94642.20000000
2026-08-18 14:56:10,588 | INFO | crypto_bot | TRADE pair=ROBO-USDT time=2026-08-18T14:56:10.536000+00:00 price=0.01346000 size=15153.90000000
2026-08-18 14:56:17,577 | INFO | crypto_bot | TRADE pair=ROBO-USDT time=2026-08-18T14:56:17.524000+00:00 price=0.01346000 size=19476.70000000
2026-08-18 14:56:17,680 | INFO | crypto_bot | TRADE pair=ROBO-USDT time=2026-08-18T14:56:17.626000+00:00 price=0.01345000 size=1215.00000000
2026-08-18 14:56:17,825 | INFO | crypto_bot | TRADE pair=ROBO-USDT time=2026-08-18T14:56:17.772000+00:00 price=0.01346000 size=5997.00000000
2026-08-18 14:56:18,223 | INFO | crypto_bot | TRADE pair=ROBO-USDT time=2026-08-18T14:56:18.170000+00:00 price=0.01345000 size=34360.30000000
2026-08-18 14:56:18,223 | INFO | crypto_bot | TRADE pair=ROBO-USDT time=2026-08-18T14:56:18.170000+00:00 price=0.01345000 size=46505.10000000
2026-08-18 14:56:19,331 | INFO | crypto_bot | TRADE pair=ROBO-USDT time=2026-08-18T14:56:19.278000+00:00 price=0.01345000 size=7169.70000000
2026-08-18 14:56:19,333 | INFO | crypto_bot | TRADE pair=ROBO-USDT time=2026-08-18T14:56:19.280000+00:00 price=0.01345000 size=6627.40000000
2026-08-18 14:56:19,345 | INFO | crypto_bot | TRADE pair=ROBO-USDT time=2026-08-18T14:56:19.293000+00:00 price=0.01345000 size=8106.30000000
2026-08-18 14:56:19,764 | INFO | crypto_bot | TRADE pair=ROBO-USDT time=2026-08-18T14:56:19.708000+00:00 price=0.01345000 size=9256.50000000
2026-08-18 14:56:21,748 | INFO | crypto_bot | TRADE pair=ROBO-USDT time=2026-08-18T14:56:21.692000+00:00 price=0.01345000 size=13489.70000000
2026-08-18 14:56:21,751 | INFO | crypto_bot | TRADE pair=ROBO-USDT time=2026-08-18T14:56:21.694000+00:00 price=0.01345000 size=5349.10000000
2026-08-18 14:56:21,759 | INFO | crypto_bot | TRADE pair=ROBO-USDT time=2026-08-18T14:56:21.701000+00:00 price=0.01345000 size=5531.70000000
2026-08-18 14:56:21,773 | INFO | crypto_bot | TRADE pair=ROBO-USDT time=2026-08-18T14:56:21.712000+00:00 price=0.01345000 size=62411.50000000
2026-08-18 14:56:22,337 | INFO | crypto_bot | TRADE pair=ROBO-USDT time=2026-08-18T14:56:22.283000+00:00 price=0.01345000 size=5206.50000000
2026-08-18 14:56:30,113 | INFO | crypto_bot | TRADE pair=ROBO-USDT time=2026-08-18T14:56:30.061000+00:00 price=0.01345000 size=6049.00000000
2026-08-18 14:56:30,781 | INFO | crypto_bot | TRADE pair=ROBO-USDT time=2026-08-18T14:56:30.728000+00:00 price=0.01344000 size=69236.90000000
2026-08-18 14:56:30,781 | INFO | crypto_bot | TRADE pair=ROBO-USDT time=2026-08-18T14:56:30.728000+00:00 price=0.01343000 size=1728.60000000
2026-08-18 14:56:30,781 | INFO | crypto_bot | TRADE pair=ROBO-USDT time=2026-08-18T14:56:30.728000+00:00 price=0.01341000 size=1650.50000000
2026-08-18 14:56:30,782 | INFO | crypto_bot | TRADE pair=ROBO-USDT time=2026-08-18T14:56:30.730000+00:00 price=0.01341000 size=1215.00000000
2026-08-18 14:56:30,785 | INFO | crypto_bot | TRADE pair=ROBO-USDT time=2026-08-18T14:56:30.731000+00:00 price=0.01341000 size=1215.00000000
2026-08-18 14:56:30,785 | INFO | crypto_bot | TRADE pair=ROBO-USDT time=2026-08-18T14:56:30.731000+00:00 price=0.01340000 size=25411.00000000
2026-08-18 14:56:30,785 | INFO | crypto_bot | TRADE pair=ROBO-USDT time=2026-08-18T14:56:30.731000+00:00 price=0.01339000 size=1215.00000000
2026-08-18 14:56:30,785 | INFO | crypto_bot | TRADE pair=ROBO-USDT time=2026-08-18T14:56:30.731000+00:00 price=0.01338000 size=1215.00000000
2026-08-18 14:56:30,785 | INFO | crypto_bot | TRADE pair=ROBO-USDT time=2026-08-18T14:56:30.731000+00:00 price=0.01337000 size=1215.00000000
2026-08-18 14:56:30,788 | INFO | crypto_bot | TRADE pair=ROBO-USDT time=2026-08-18T14:56:30.735000+00:00 price=0.01340000 size=2089.50000000
2026-08-18 14:56:30,788 | INFO | crypto_bot | TRADE pair=ROBO-USDT time=2026-08-18T14:56:30.735000+00:00 price=0.01340000 size=6716.40000000
2026-08-18 14:56:30,788 | INFO | crypto_bot | TRADE pair=ROBO-USDT time=2026-08-18T14:56:30.736000+00:00 price=0.01340000 size=4336.20000000
2026-08-18 14:56:30,789 | INFO | crypto_bot | TRADE pair=ROBO-USDT time=2026-08-18T14:56:30.737000+00:00 price=0.01340000 size=9300.50000000
2026-08-18 14:56:30,790 | INFO | crypto_bot | TRADE pair=ROBO-USDT time=2026-08-18T14:56:30.737000+00:00 price=0.01340000 size=2089.50000000
2026-08-18 14:56:30,790 | INFO | crypto_bot | TRADE pair=ROBO-USDT time=2026-08-18T14:56:30.737000+00:00 price=0.01340000 size=6395.80000000
2026-08-18 14:56:30,792 | INFO | crypto_bot | TRADE pair=ROBO-USDT time=2026-08-18T14:56:30.739000+00:00 price=0.01341000 size=3329.30000000
2026-08-18 14:56:30,803 | INFO | crypto_bot | TRADE pair=ROBO-USDT time=2026-08-18T14:56:30.750000+00:00 price=0.01341000 size=1215.00000000
2026-08-18 14:56:30,803 | INFO | crypto_bot | TRADE pair=ROBO-USDT time=2026-08-18T14:56:30.750000+00:00 price=0.01342000 size=649.00000000
2026-08-18 14:56:30,866 | INFO | crypto_bot | TRADE pair=ROBO-USDT time=2026-08-18T14:56:30.805000+00:00 price=0.01339000 size=14781.40000000
2026-08-18 14:56:31,075 | INFO | crypto_bot | TRADE pair=ROBO-USDT time=2026-08-18T14:56:31.021000+00:00 price=0.01340000 size=3668.30000000
2026-08-18 14:56:31,273 | INFO | crypto_bot | TRADE pair=ROBO-USDT time=2026-08-18T14:56:31.205000+00:00 price=0.01340000 size=19171.30000000
2026-08-18 14:56:31,273 | INFO | crypto_bot | TRADE pair=ROBO-USDT time=2026-08-18T14:56:31.206000+00:00 price=0.01340000 size=8785.70000000
2026-08-18 14:56:31,274 | INFO | crypto_bot | TRADE pair=ROBO-USDT time=2026-08-18T14:56:31.221000+00:00 price=0.01340000 size=3668.30000000
2026-08-18 14:56:31,371 | INFO | crypto_bot | TRADE pair=ROBO-USDT time=2026-08-18T14:56:31.307000+00:00 price=0.01340000 size=3.30000000
2026-08-18 14:56:31,371 | INFO | crypto_bot | TRADE pair=ROBO-USDT time=2026-08-18T14:56:31.308000+00:00 price=0.01340000 size=11178.70000000
2026-08-18 14:56:31,467 | INFO | crypto_bot | TRADE pair=ROBO-USDT time=2026-08-18T14:56:31.409000+00:00 price=0.01340000 size=3671.60000000
2026-08-18 14:56:31,467 | INFO | crypto_bot | TRADE pair=ROBO-USDT time=2026-08-18T14:56:31.413000+00:00 price=0.01340000 size=346.90000000
2026-08-18 14:56:32,207 | INFO | crypto_bot | TRADE pair=ROBO-USDT time=2026-08-18T14:56:32.155000+00:00 price=0.01340000 size=3277.30000000
2026-08-18 14:56:32,212 | INFO | crypto_bot | TRADE pair=ROBO-USDT time=2026-08-18T14:56:32.159000+00:00 price=0.01340000 size=3886.20000000
2026-08-18 14:56:32,474 | INFO | crypto_bot | TRADE pair=ROBO-USDT time=2026-08-18T14:56:32.421000+00:00 price=0.01341000 size=7390.90000000
2026-08-18 14:56:32,675 | INFO | crypto_bot | TRADE pair=ROBO-USDT time=2026-08-18T14:56:32.621000+00:00 price=0.01340000 size=1213.90000000
2026-08-18 14:56:34,075 | INFO | crypto_bot | TRADE pair=ROBO-USDT time=2026-08-18T14:56:34.021000+00:00 price=0.01340000 size=3668.30000000
2026-08-18 14:56:35,529 | INFO | crypto_bot | TRADE pair=ROBO-USDT time=2026-08-18T14:56:35.475000+00:00 price=0.01340000 size=4886.60000000
2026-08-18 14:56:37,498 | INFO | crypto_bot | TRADE pair=ROBO-USDT time=2026-08-18T14:56:37.445000+00:00 price=0.01340000 size=4886.60000000
2026-08-18 14:56:37,599 | INFO | crypto_bot | TRADE pair=ROBO-USDT time=2026-08-18T14:56:37.546000+00:00 price=0.01340000 size=3671.60000000
2026-08-18 14:56:37,767 | INFO | crypto_bot | TRADE pair=ROBO-USDT time=2026-08-18T14:56:37.712000+00:00 price=0.01340000 size=1393.80000000
2026-08-18 14:56:44,689 | INFO | crypto_bot | TRADE pair=ROBO-USDT time=2026-08-18T14:56:44.636000+00:00 price=0.01340000 size=2640.10000000
2026-08-18 14:56:44,954 | INFO | crypto_bot | TRADE pair=ROBO-USDT time=2026-08-18T14:56:44.901000+00:00 price=0.01339000 size=1215.00000000
2026-08-18 14:56:44,968 | INFO | crypto_bot | TRADE pair=ROBO-USDT time=2026-08-18T14:56:44.902000+00:00 price=0.01339000 size=108856.00000000
2026-08-18 14:56:45,082 | INFO | crypto_bot | TRADE pair=ROBO-USDT time=2026-08-18T14:56:45.027000+00:00 price=0.01339000 size=6009.70000000
2026-08-18 14:56:45,084 | INFO | crypto_bot | TRADE pair=ROBO-USDT time=2026-08-18T14:56:45.028000+00:00 price=0.01339000 size=9882.10000000
2026-08-18 14:56:45,084 | INFO | crypto_bot | TRADE pair=ROBO-USDT time=2026-08-18T14:56:45.029000+00:00 price=0.01339000 size=7205.40000000
2026-08-18 14:56:45,086 | INFO | crypto_bot | TRADE pair=ROBO-USDT time=2026-08-18T14:56:45.032000+00:00 price=0.01339000 size=2053.40000000
2026-08-18 14:56:45,096 | INFO | crypto_bot | TRADE pair=ROBO-USDT time=2026-08-18T14:56:45.043000+00:00 price=0.01339000 size=7828.70000000
2026-08-18 14:56:45,148 | INFO | crypto_bot | TRADE pair=ROBO-USDT time=2026-08-18T14:56:45.093000+00:00 price=0.01339000 size=8305.40000000
2026-08-18 14:56:45,192 | INFO | crypto_bot | TRADE pair=ROBO-USDT time=2026-08-18T14:56:45.139000+00:00 price=0.01339000 size=2735.30000000
2026-08-18 14:56:45,593 | INFO | crypto_bot | TRADE pair=ROBO-USDT time=2026-08-18T14:56:45.540000+00:00 price=0.01339000 size=5503.80000000
2026-08-18 14:56:45,785 | INFO | crypto_bot | TRADE pair=ROBO-USDT time=2026-08-18T14:56:45.733000+00:00 price=0.01339000 size=5917.70000000
2026-08-18 14:56:46,130 | INFO | crypto_bot | TRADE pair=ROBO-USDT time=2026-08-18T14:56:46.076000+00:00 price=0.01339000 size=8103.80000000
2026-08-18 14:56:49,378 | INFO | crypto_bot | TRADE pair=ROBO-USDT time=2026-08-18T14:56:49.325000+00:00 price=0.01339000 size=31249.20000000
2026-08-18 14:56:49,467 | INFO | crypto_bot | TRADE pair=ROBO-USDT time=2026-08-18T14:56:49.412000+00:00 price=0.01339000 size=13983.90000000
2026-08-18 14:56:55,043 | INFO | crypto_bot | TRADE pair=ROBO-USDT time=2026-08-18T14:56:54.990000+00:00 price=0.01339000 size=6721.40000000
2026-08-18 14:56:55,069 | INFO | crypto_bot | TRADE pair=ROBO-USDT time=2026-08-18T14:56:55.017000+00:00 price=0.01339000 size=5338.00000000
2026-08-18 14:56:59,070 | INFO | crypto_bot | TRADE pair=ROBO-USDT time=2026-08-18T14:56:59.017000+00:00 price=0.01339000 size=19451.50000000
2026-08-18 14:56:59,070 | INFO | crypto_bot | TRADE pair=ROBO-USDT time=2026-08-18T14:56:59.018000+00:00 price=0.01339000 size=11963.10000000
2026-08-18 14:57:00,313 | INFO | crypto_bot | TRADE pair=ROBO-USDT time=2026-08-18T14:57:00.260000+00:00 price=0.01338000 size=3736.90000000
2026-08-18 14:57:00,313 | INFO | crypto_bot | 1m CLOSED ts=2026-08-18T14:56:00+00:00 o=0.01346000 h=0.01346000 l=0.01337000 c=0.01339000 v=867653.90000000
2026-08-18 14:57:00,314 | INFO | crypto_bot | ENTRY signal=HOLD reason=breakout_not_passed meta={'ok': False, 'breakout_level': 0.01358, 'current_price': 0.01339, 'current_volume': 867653.9000000001, 'avg_volume': 55811.740000000005, 'extension_pct': -0.0139911634756995, 'is_breakout': False, 'volume_ok': True, 'not_overextended': True}
2026-08-18 14:57:01,107 | INFO | crypto_bot | TRADE pair=ROBO-USDT time=2026-08-18T14:57:01.052000+00:00 price=0.01338000 size=5979.10000000
2026-08-18 14:57:01,246 | INFO | crypto_bot | TRADE pair=ROBO-USDT time=2026-08-18T14:57:01.193000+00:00 price=0.01338000 size=4019.00000000
2026-08-18 14:57:01,803 | INFO | crypto_bot | TRADE pair=ROBO-USDT time=2026-08-18T14:57:01.750000+00:00 price=0.01338000 size=3836.70000000
2026-08-18 14:57:02,268 | INFO | crypto_bot | TRADE pair=ROBO-USDT time=2026-08-18T14:57:02.215000+00:00 price=0.01338000 size=3836.70000000
2026-08-18 14:57:03,745 | INFO | crypto_bot | TRADE pair=ROBO-USDT time=2026-08-18T14:57:03.692000+00:00 price=0.01339000 size=5206.00000000
2026-08-18 14:57:03,847 | INFO | crypto_bot | TRADE pair=ROBO-USDT time=2026-08-18T14:57:03.794000+00:00 price=0.01338000 size=7809.00000000
2026-08-18 14:57:04,803 | INFO | crypto_bot | TRADE pair=ROBO-USDT time=2026-08-18T14:57:04.750000+00:00 price=0.01338000 size=6049.00000000
2026-08-18 14:57:07,839 | INFO | crypto_bot | TRADE pair=ROBO-USDT time=2026-08-18T14:57:07.785000+00:00 price=0.01338000 size=3774.00000000
2026-08-18 14:57:21,392 | INFO | crypto_bot | TRADE pair=ROBO-USDT time=2026-08-18T14:57:21.339000+00:00 price=0.01338000 size=41903.50000000
2026-08-18 14:57:21,392 | INFO | crypto_bot | TRADE pair=ROBO-USDT time=2026-08-18T14:57:21.339000+00:00 price=0.01338000 size=47998.70000000
2026-08-18 14:57:24,376 | INFO | crypto_bot | TRADE pair=ROBO-USDT time=2026-08-18T14:57:24.323000+00:00 price=0.01337000 size=27000.00000000
2026-08-18 14:57:25,264 | INFO | crypto_bot | TRADE pair=ROBO-USDT time=2026-08-18T14:57:25.207000+00:00 price=0.01336000 size=113.60000000
2026-08-18 14:57:26,235 | INFO | crypto_bot | TRADE pair=ROBO-USDT time=2026-08-18T14:57:26.183000+00:00 price=0.01335000 size=54000.00000000
2026-08-18 14:57:26,236 | INFO | crypto_bot | TRADE pair=ROBO-USDT time=2026-08-18T14:57:26.184000+00:00 price=0.01335000 size=27000.00000000
2026-08-18 14:57:26,237 | INFO | crypto_bot | TRADE pair=ROBO-USDT time=2026-08-18T14:57:26.184000+00:00 price=0.01335000 size=45991.00000000
2026-08-18 14:57:26,353 | INFO | crypto_bot | TRADE pair=ROBO-USDT time=2026-08-18T14:57:26.300000+00:00 price=0.01335000 size=5992.50000000
2026-08-18 14:57:26,471 | INFO | crypto_bot | TRADE pair=ROBO-USDT time=2026-08-18T14:57:26.410000+00:00 price=0.01335000 size=1491.50000000
2026-08-18 14:57:26,471 | INFO | crypto_bot | TRADE pair=ROBO-USDT time=2026-08-18T14:57:26.410000+00:00 price=0.01335000 size=14936.80000000
2026-08-18 14:57:27,769 | INFO | crypto_bot | TRADE pair=ROBO-USDT time=2026-08-18T14:57:27.717000+00:00 price=0.01335000 size=6084.10000000
2026-08-18 14:57:36,083 | INFO | crypto_bot | TRADE pair=ROBO-USDT time=2026-08-18T14:57:36.029000+00:00 price=0.01335000 size=45249.00000000
2026-08-18 14:57:38,573 | INFO | crypto_bot | TRADE pair=ROBO-USDT time=2026-08-18T14:57:38.520000+00:00 price=0.01335000 size=18099.00000000
2026-08-18 14:57:38,862 | INFO | crypto_bot | TRADE pair=ROBO-USDT time=2026-08-18T14:57:38.803000+00:00 price=0.01335000 size=1389.20000000
2026-08-18 14:57:38,872 | INFO | crypto_bot | TRADE pair=ROBO-USDT time=2026-08-18T14:57:38.819000+00:00 price=0.01335000 size=5243.40000000
2026-08-18 14:57:38,881 | INFO | crypto_bot | TRADE pair=ROBO-USDT time=2026-08-18T14:57:38.828000+00:00 price=0.01335000 size=607.40000000
2026-08-18 14:57:38,993 | INFO | crypto_bot | TRADE pair=ROBO-USDT time=2026-08-18T14:57:38.939000+00:00 price=0.01335000 size=2247.20000000
2026-08-18 14:57:42,162 | INFO | crypto_bot | TRADE pair=ROBO-USDT time=2026-08-18T14:57:42.103000+00:00 price=0.01335000 size=640.30000000
2026-08-18 14:57:58,074 | INFO | crypto_bot | TRADE pair=ROBO-USDT time=2026-08-18T14:57:58.021000+00:00 price=0.01335000 size=1068.00000000
2026-08-18 14:58:25,415 | INFO | crypto_bot | TRADE pair=ROBO-USDT time=2026-08-18T14:58:25.362000+00:00 price=0.01339000 size=442.70000000
2026-08-18 14:58:25,415 | INFO | crypto_bot | 1m CLOSED ts=2026-08-18T14:57:00+00:00 o=0.01338000 h=0.01339000 l=0.01335000 c=0.01335000 v=391301.60000000
2026-08-18 14:58:25,415 | INFO | crypto_bot | ENTRY signal=HOLD reason=breakout_not_passed meta={'ok': False, 'breakout_level': 0.01358, 'current_price': 0.01335, 'current_volume': 391301.6, 'avg_volume': 95942.45, 'extension_pct': -0.016936671575846784, 'is_breakout': False, 'volume_ok': True, 'not_overextended': True}
2026-08-18 14:58:40,670 | INFO | crypto_bot | TRADE pair=ROBO-USDT time=2026-08-18T14:58:40.617000+00:00 price=0.01338000 size=11170.50000000
2026-08-18 14:58:48,694 | INFO | crypto_bot | TRADE pair=ROBO-USDT time=2026-08-18T14:58:48.641000+00:00 price=0.01335000 size=1493.60000000
2026-08-18 14:59:34,318 | INFO | crypto_bot | TRADE pair=ROBO-USDT time=2026-08-18T14:59:34.265000+00:00 price=0.01336000 size=14046.50000000
2026-08-18 14:59:34,318 | INFO | crypto_bot | 1m CLOSED ts=2026-08-18T14:58:00+00:00 o=0.01339000 h=0.01339000 l=0.01335000 c=0.01335000 v=13106.80000000
2026-08-18 14:59:34,318 | INFO | crypto_bot | ENTRY signal=HOLD reason=breakout_not_passed meta={'ok': False, 'breakout_level': 0.01358, 'current_price': 0.01335, 'current_volume': 13106.800000000001, 'avg_volume': 114379.83, 'extension_pct': -0.016936671575846784, 'is_breakout': False, 'volume_ok': False, 'not_overextended': True}
2026-08-18 14:59:42,931 | INFO | crypto_bot | TRADE pair=ROBO-USDT time=2026-08-18T14:59:42.878000+00:00 price=0.01336000 size=11753.90000000
2026-08-18 14:59:51,173 | INFO | crypto_bot | TRADE pair=ROBO-USDT time=2026-08-18T14:59:51.120000+00:00 price=0.01335000 size=4289.40000000
2026-08-18 15:03:25,943 | INFO | crypto_bot | TRADE pair=ROBO-USDT time=2026-08-18T15:03:25.890000+00:00 price=0.01339000 size=4366.40000000
2026-08-18 15:03:25,943 | INFO | crypto_bot | 1m CLOSED ts=2026-08-18T14:59:00+00:00 o=0.01336000 h=0.01336000 l=0.01335000 c=0.01335000 v=30089.80000000
2026-08-18 15:03:25,943 | INFO | crypto_bot | ENTRY signal=HOLD reason=breakout_not_passed meta={'ok': False, 'breakout_level': 0.01358, 'current_price': 0.01335, 'current_volume': 30089.800000000003, 'avg_volume': 113041.835, 'extension_pct': -0.016936671575846784, 'is_breakout': False, 'volume_ok': False, 'not_overextended': True}
2026-08-18 15:03:25,944 | INFO | crypto_bot | 5m CLOSED ts=2026-08-18T14:55:00+00:00 o=0.01348000 h=0.01348000 l=0.01335000 c=0.01335000 v=1598674.20000000
2026-08-18 15:03:27,918 | INFO | crypto_bot | TRADE pair=ROBO-USDT time=2026-08-18T15:03:27.863000+00:00 price=0.01340000 size=30927.90000000
2026-08-18 15:03:49,619 | INFO | crypto_bot | TRADE pair=ROBO-USDT time=2026-08-18T15:03:49.566000+00:00 price=0.01340000 size=2100.60000000
2026-08-18 15:04:01,346 | INFO | crypto_bot | TRADE pair=ROBO-USDT time=2026-08-18T15:04:01.292000+00:00 price=0.01341000 size=20000.00000000
2026-08-18 15:04:01,346 | INFO | crypto_bot | 1m CLOSED ts=2026-08-18T15:03:00+00:00 o=0.01339000 h=0.01340000 l=0.01339000 c=0.01340000 v=37394.90000000
2026-08-18 15:04:01,346 | INFO | crypto_bot | ENTRY signal=HOLD reason=breakout_not_passed meta={'ok': False, 'breakout_level': 0.01358, 'current_price': 0.0134, 'current_volume': 37394.9, 'avg_volume': 113738.93500000001, 'extension_pct': -0.01325478645066271, 'is_breakout': False, 'volume_ok': False, 'not_overextended': True}
2026-08-18 15:05:41,041 | INFO | crypto_bot | TRADE pair=ROBO-USDT time=2026-08-18T15:05:40.988000+00:00 price=0.01343000 size=492.30000000
2026-08-18 15:05:41,041 | INFO | crypto_bot | 1m CLOSED ts=2026-08-18T15:04:00+00:00 o=0.01341000 h=0.01341000 l=0.01341000 c=0.01341000 v=20000.00000000
2026-08-18 15:05:41,041 | INFO | crypto_bot | ENTRY signal=HOLD reason=breakout_not_passed meta={'ok': False, 'breakout_level': 0.01354, 'current_price': 0.01341, 'current_volume': 20000.0, 'avg_volume': 112226.035, 'extension_pct': -0.00960118168389955, 'is_breakout': False, 'volume_ok': False, 'not_overextended': True}
2026-08-18 15:05:41,042 | INFO | crypto_bot | 5m CLOSED ts=2026-08-18T15:00:00+00:00 o=0.01339000 h=0.01341000 l=0.01339000 c=0.01341000 v=57394.90000000
2026-08-18 15:07:04,799 | INFO | crypto_bot | TRADE pair=ROBO-USDT time=2026-08-18T15:07:04.742000+00:00 price=0.01341000 size=51470.20000000
2026-08-18 15:07:04,799 | INFO | crypto_bot | 1m CLOSED ts=2026-08-18T15:05:00+00:00 o=0.01343000 h=0.01343000 l=0.01343000 c=0.01343000 v=492.30000000
2026-08-18 15:07:04,800 | INFO | crypto_bot | ENTRY signal=HOLD reason=breakout_not_passed meta={'ok': False, 'breakout_level': 0.01352, 'current_price': 0.01343, 'current_volume': 492.3, 'avg_volume': 112229.06000000001, 'extension_pct': -0.006656804733727924, 'is_breakout': False, 'volume_ok': False, 'not_overextended': True}
2026-08-18 15:07:10,028 | INFO | crypto_bot | TRADE pair=ROBO-USDT time=2026-08-18T15:07:09.975000+00:00 price=0.01343000 size=15245.70000000
2026-08-18 15:07:37,484 | INFO | crypto_bot | TRADE pair=ROBO-USDT time=2026-08-18T15:07:37.431000+00:00 price=0.01338000 size=1122.10000000
2026-08-18 15:07:44,906 | INFO | crypto_bot | TRADE pair=ROBO-USDT time=2026-08-18T15:07:44.853000+00:00 price=0.01337000 size=1051.40000000
2026-08-18 15:07:49,532 | INFO | crypto_bot | TRADE pair=ROBO-USDT time=2026-08-18T15:07:49.479000+00:00 price=0.01336000 size=8772.80000000
2026-08-18 15:08:12,177 | INFO | crypto_bot | TRADE pair=ROBO-USDT time=2026-08-18T15:08:12.113000+00:00 price=0.01335000 size=19694.60000000
2026-08-18 15:08:12,178 | INFO | crypto_bot | 1m CLOSED ts=2026-08-18T15:07:00+00:00 o=0.01341000 h=0.01343000 l=0.01336000 c=0.01336000 v=77662.20000000
2026-08-18 15:08:12,178 | INFO | crypto_bot | ENTRY signal=HOLD reason=breakout_not_passed meta={'ok': False, 'breakout_level': 0.01352, 'current_price': 0.01336, 'current_volume': 77662.2, 'avg_volume': 112235.76500000001, 'extension_pct': -0.01183431952662725, 'is_breakout': False, 'volume_ok': False, 'not_overextended': True}
2026-08-18 15:08:57,354 | INFO | crypto_bot | TRADE pair=ROBO-USDT time=2026-08-18T15:08:57.300000+00:00 price=0.01333000 size=125.60000000
2026-08-18 15:08:57,354 | INFO | crypto_bot | TRADE pair=ROBO-USDT time=2026-08-18T15:08:57.301000+00:00 price=0.01332000 size=17037.60000000
2026-08-18 15:09:02,774 | INFO | crypto_bot | TRADE pair=ROBO-USDT time=2026-08-18T15:09:02.721000+00:00 price=0.01333000 size=1665.00000000
2026-08-18 15:09:02,774 | INFO | crypto_bot | 1m CLOSED ts=2026-08-18T15:08:00+00:00 o=0.01335000 h=0.01335000 l=0.01332000 c=0.01332000 v=36857.80000000
2026-08-18 15:09:02,775 | INFO | crypto_bot | ENTRY signal=HOLD reason=breakout_not_passed meta={'ok': False, 'breakout_level': 0.01352, 'current_price': 0.01332, 'current_volume': 36857.799999999996, 'avg_volume': 110964.41, 'extension_pct': -0.014792899408284061, 'is_breakout': False, 'volume_ok': False, 'not_overextended': True}
2026-08-18 15:09:02,775 | INFO | crypto_bot | TRADE pair=ROBO-USDT time=2026-08-18T15:09:02.721000+00:00 price=0.01333000 size=561.00000000
2026-08-18 15:09:02,776 | INFO | crypto_bot | TRADE pair=ROBO-USDT time=2026-08-18T15:09:02.722000+00:00 price=0.01333000 size=2187.00000000
2026-08-18 15:09:18,685 | INFO | crypto_bot | TRADE pair=ROBO-USDT time=2026-08-18T15:09:18.632000+00:00 price=0.01333000 size=1161.90000000
2026-08-18 15:09:18,688 | INFO | crypto_bot | TRADE pair=ROBO-USDT time=2026-08-18T15:09:18.636000+00:00 price=0.01333000 size=2962.90000000
2026-08-18 15:09:18,755 | INFO | crypto_bot | TRADE pair=ROBO-USDT time=2026-08-18T15:09:18.701000+00:00 price=0.01333000 size=334.40000000
2026-08-18 15:09:18,835 | INFO | crypto_bot | TRADE pair=ROBO-USDT time=2026-08-18T15:09:18.782000+00:00 price=0.01333000 size=3486.00000000
2026-08-18 15:09:30,550 | INFO | crypto_bot | TRADE pair=ROBO-USDT time=2026-08-18T15:09:30.497000+00:00 price=0.01333000 size=4001.00000000
2026-08-18 15:09:30,550 | INFO | crypto_bot | TRADE pair=ROBO-USDT time=2026-08-18T15:09:30.498000+00:00 price=0.01333000 size=7637.00000000
2026-08-18 15:09:34,593 | INFO | crypto_bot | TRADE pair=ROBO-USDT time=2026-08-18T15:09:34.540000+00:00 price=0.01330000 size=113.60000000
2026-08-18 15:09:34,597 | INFO | crypto_bot | TRADE pair=ROBO-USDT time=2026-08-18T15:09:34.544000+00:00 price=0.01330000 size=346.90000000
2026-08-18 15:09:34,599 | INFO | crypto_bot | TRADE pair=ROBO-USDT time=2026-08-18T15:09:34.547000+00:00 price=0.01330000 size=346.90000000
2026-08-18 15:09:35,578 | INFO | crypto_bot | TRADE pair=ROBO-USDT time=2026-08-18T15:09:35.525000+00:00 price=0.01330000 size=47631.00000000
2026-08-18 15:09:36,928 | INFO | crypto_bot | TRADE pair=ROBO-USDT time=2026-08-18T15:09:36.875000+00:00 price=0.01330000 size=1051.00000000
2026-08-18 15:09:36,931 | INFO | crypto_bot | TRADE pair=ROBO-USDT time=2026-08-18T15:09:36.879000+00:00 price=0.01331000 size=383.60000000
2026-08-18 15:09:37,267 | INFO | crypto_bot | TRADE pair=ROBO-USDT time=2026-08-18T15:09:37.211000+00:00 price=0.01333000 size=4168.20000000
2026-08-18 15:10:00,646 | INFO | crypto_bot | TRADE pair=ROBO-USDT time=2026-08-18T15:10:00.592000+00:00 price=0.01332000 size=15986.60000000
2026-08-18 15:10:00,646 | INFO | crypto_bot | 1m CLOSED ts=2026-08-18T15:09:00+00:00 o=0.01333000 h=0.01333000 l=0.01330000 c=0.01333000 v=78037.40000000
2026-08-18 15:10:00,646 | INFO | crypto_bot | ENTRY signal=HOLD reason=breakout_not_passed meta={'ok': False, 'breakout_level': 0.01352, 'current_price': 0.01333, 'current_volume': 78037.40000000001, 'avg_volume': 112785.905, 'extension_pct': -0.01405325443786989, 'is_breakout': False, 'volume_ok': False, 'not_overextended': True}
2026-08-18 15:10:00,647 | INFO | crypto_bot | 5m CLOSED ts=2026-08-18T15:05:00+00:00 o=0.01343000 h=0.01343000 l=0.01330000 c=0.01333000 v=193049.70000000
2026-08-18 15:10:00,647 | INFO | crypto_bot | TRADE pair=ROBO-USDT time=2026-08-18T15:10:00.592000+00:00 price=0.01332000 size=14941.30000000
2026-08-18 15:10:12,432 | INFO | crypto_bot | TRADE pair=ROBO-USDT time=2026-08-18T15:10:12.379000+00:00 price=0.01333000 size=10012.00000000
2026-08-18 15:10:12,798 | INFO | crypto_bot | TRADE pair=ROBO-USDT time=2026-08-18T15:10:12.745000+00:00 price=0.01331000 size=13863.80000000
2026-08-18 15:10:12,798 | INFO | crypto_bot | TRADE pair=ROBO-USDT time=2026-08-18T15:10:12.745000+00:00 price=0.01330000 size=40514.00000000
2026-08-18 15:10:59,995 | INFO | crypto_bot | TRADE pair=ROBO-USDT time=2026-08-18T15:10:59.942000+00:00 price=0.01331000 size=3168.00000000
2026-08-18 15:12:14,835 | INFO | crypto_bot | TRADE pair=ROBO-USDT time=2026-08-18T15:12:14.781000+00:00 price=0.01330000 size=12058.70000000
2026-08-18 15:12:14,835 | INFO | crypto_bot | 1m CLOSED ts=2026-08-18T15:10:00+00:00 o=0.01332000 h=0.01333000 l=0.01330000 c=0.01331000 v=98485.70000000
2026-08-18 15:12:14,835 | INFO | crypto_bot | ENTRY signal=HOLD reason=breakout_not_passed meta={'ok': False, 'breakout_level': 0.01352, 'current_price': 0.01331, 'current_volume': 98485.7, 'avg_volume': 116172.835, 'extension_pct': -0.015532544378698233, 'is_breakout': False, 'volume_ok': False, 'not_overextended': True}
2026-08-18 15:12:14,836 | INFO | crypto_bot | TRADE pair=ROBO-USDT time=2026-08-18T15:12:14.781000+00:00 price=0.01330000 size=18869.20000000
2026-08-18 15:14:55,634 | INFO | crypto_bot | TRADE pair=ROBO-USDT time=2026-08-18T15:14:55.581000+00:00 price=0.01330000 size=6454.10000000
2026-08-18 15:14:55,634 | INFO | crypto_bot | 1m CLOSED ts=2026-08-18T15:12:00+00:00 o=0.01330000 h=0.01330000 l=0.01330000 c=0.01330000 v=30927.90000000
2026-08-18 15:14:55,634 | INFO | crypto_bot | ENTRY signal=HOLD reason=breakout_not_passed meta={'ok': False, 'breakout_level': 0.01352, 'current_price': 0.0133, 'current_volume': 30927.9, 'avg_volume': 118619.93500000001, 'extension_pct': -0.016272189349112533, 'is_breakout': False, 'volume_ok': False, 'not_overextended': True}
2026-08-18 15:15:08,014 | INFO | crypto_bot | TRADE pair=ROBO-USDT time=2026-08-18T15:15:07.961000+00:00 price=0.01331000 size=11616.30000000
2026-08-18 15:15:08,014 | INFO | crypto_bot | 1m CLOSED ts=2026-08-18T15:14:00+00:00 o=0.01330000 h=0.01330000 l=0.01330000 c=0.01330000 v=6454.10000000
2026-08-18 15:15:08,014 | INFO | crypto_bot | ENTRY signal=HOLD reason=breakout_not_passed meta={'ok': False, 'breakout_level': 0.01352, 'current_price': 0.0133, 'current_volume': 6454.1, 'avg_volume': 116384.535, 'extension_pct': -0.016272189349112533, 'is_breakout': False, 'volume_ok': False, 'not_overextended': True}
2026-08-18 15:15:08,017 | INFO | crypto_bot | 5m CLOSED ts=2026-08-18T15:10:00+00:00 o=0.01332000 h=0.01333000 l=0.01330000 c=0.01330000 v=135867.70000000
2026-08-18 15:15:08,073 | INFO | crypto_bot | TRADE pair=ROBO-USDT time=2026-08-18T15:15:08.020000+00:00 price=0.01332000 size=1215.00000000
2026-08-18 15:15:08,073 | INFO | crypto_bot | TRADE pair=ROBO-USDT time=2026-08-18T15:15:08.020000+00:00 price=0.01333000 size=1783.00000000
2026-08-18 15:15:55,389 | INFO | crypto_bot | TRADE pair=ROBO-USDT time=2026-08-18T15:15:55.335000+00:00 price=0.01336000 size=113.50000000
2026-08-18 15:17:13,280 | INFO | crypto_bot | TRADE pair=ROBO-USDT time=2026-08-18T15:17:13.227000+00:00 price=0.01338000 size=18684.60000000
2026-08-18 15:17:13,280 | INFO | crypto_bot | 1m CLOSED ts=2026-08-18T15:15:00+00:00 o=0.01331000 h=0.01336000 l=0.01331000 c=0.01336000 v=14727.80000000
2026-08-18 15:17:13,280 | INFO | crypto_bot | ENTRY signal=HOLD reason=breakout_not_passed meta={'ok': False, 'breakout_level': 0.01352, 'current_price': 0.01336, 'current_volume': 14727.8, 'avg_volume': 116549.91500000001, 'extension_pct': -0.01183431952662725, 'is_breakout': False, 'volume_ok': False, 'not_overextended': True}
2026-08-18 15:18:06,200 | INFO | crypto_bot | TRADE pair=ROBO-USDT time=2026-08-18T15:18:06.146000+00:00 price=0.01336000 size=801.20000000
2026-08-18 15:18:06,200 | INFO | crypto_bot | 1m CLOSED ts=2026-08-18T15:17:00+00:00 o=0.01338000 h=0.01338000 l=0.01338000 c=0.01338000 v=18684.60000000
2026-08-18 15:18:06,201 | INFO | crypto_bot | ENTRY signal=HOLD reason=breakout_not_passed meta={'ok': False, 'breakout_level': 0.01352, 'current_price': 0.01338, 'current_volume': 18684.6, 'avg_volume': 115677.30500000001, 'extension_pct': -0.010355029585798908, 'is_breakout': False, 'volume_ok': False, 'not_overextended': True}
2026-08-18 15:20:54,130 | INFO | crypto_bot | TRADE pair=ROBO-USDT time=2026-08-18T15:20:54.077000+00:00 price=0.01339000 size=13948.50000000
2026-08-18 15:20:54,130 | INFO | crypto_bot | 1m CLOSED ts=2026-08-18T15:18:00+00:00 o=0.01336000 h=0.01336000 l=0.01336000 c=0.01336000 v=801.20000000
2026-08-18 15:20:54,130 | INFO | crypto_bot | ENTRY signal=HOLD reason=trend_filter_not_passed meta={'regime': 'range'}
2026-08-18 15:20:54,131 | INFO | crypto_bot | 5m CLOSED ts=2026-08-18T15:15:00+00:00 o=0.01331000 h=0.01338000 l=0.01331000 c=0.01336000 v=34213.60000000
2026-08-18 15:20:54,131 | INFO | crypto_bot | TRADE pair=ROBO-USDT time=2026-08-18T15:20:54.077000+00:00 price=0.01338000 size=22257.90000000
2026-08-18 15:22:09,733 | INFO | crypto_bot | TRADE pair=ROBO-USDT time=2026-08-18T15:22:09.680000+00:00 price=0.01343000 size=238.90000000
2026-08-18 15:22:09,733 | INFO | crypto_bot | 1m CLOSED ts=2026-08-18T15:20:00+00:00 o=0.01339000 h=0.01339000 l=0.01338000 c=0.01338000 v=36206.40000000
2026-08-18 15:22:09,733 | INFO | crypto_bot | ENTRY signal=HOLD reason=trend_filter_not_passed meta={'regime': 'range'}
2026-08-18 15:22:09,736 | INFO | crypto_bot | TRADE pair=ROBO-USDT time=2026-08-18T15:22:09.683000+00:00 price=0.01342000 size=346.20000000
2026-08-18 15:23:17,425 | INFO | crypto_bot | TRADE pair=ROBO-USDT time=2026-08-18T15:23:17.371000+00:00 price=0.01346000 size=35941.60000000
2026-08-18 15:23:17,425 | INFO | crypto_bot | 1m CLOSED ts=2026-08-18T15:22:00+00:00 o=0.01343000 h=0.01343000 l=0.01342000 c=0.01342000 v=585.10000000
2026-08-18 15:23:17,425 | INFO | crypto_bot | ENTRY signal=HOLD reason=trend_filter_not_passed meta={'regime': 'range'}
2026-08-18 15:23:25,684 | INFO | crypto_bot | TRADE pair=ROBO-USDT time=2026-08-18T15:23:25.631000+00:00 price=0.01345000 size=18671.60000000
2026-08-18 15:24:30,095 | INFO | crypto_bot | TRADE pair=ROBO-USDT time=2026-08-18T15:24:30.042000+00:00 price=0.01346000 size=18573.50000000
2026-08-18 15:24:30,095 | INFO | crypto_bot | 1m CLOSED ts=2026-08-18T15:23:00+00:00 o=0.01346000 h=0.01346000 l=0.01345000 c=0.01345000 v=54613.20000000
2026-08-18 15:24:30,096 | INFO | crypto_bot | ENTRY signal=HOLD reason=trend_filter_not_passed meta={'regime': 'range'}
2026-08-18 15:25:15,897 | INFO | crypto_bot | TRADE pair=ROBO-USDT time=2026-08-18T15:25:15.845000+00:00 price=0.01344000 size=19576.70000000
2026-08-18 15:25:15,898 | INFO | crypto_bot | 1m CLOSED ts=2026-08-18T15:24:00+00:00 o=0.01346000 h=0.01346000 l=0.01346000 c=0.01346000 v=18573.50000000
2026-08-18 15:25:15,898 | INFO | crypto_bot | ENTRY signal=HOLD reason=trend_filter_not_passed meta={'regime': 'range'}
2026-08-18 15:25:15,898 | INFO | crypto_bot | 5m CLOSED ts=2026-08-18T15:20:00+00:00 o=0.01339000 h=0.01346000 l=0.01338000 c=0.01346000 v=109978.20000000
2026-08-18 15:25:43,616 | INFO | crypto_bot | TRADE pair=ROBO-USDT time=2026-08-18T15:25:43.563000+00:00 price=0.01343000 size=5003.70000000
2026-08-18 15:26:00,691 | INFO | crypto_bot | TRADE pair=ROBO-USDT time=2026-08-18T15:26:00.638000+00:00 price=0.01344000 size=27886.90000000
2026-08-18 15:26:00,691 | INFO | crypto_bot | 1m CLOSED ts=2026-08-18T15:25:00+00:00 o=0.01344000 h=0.01344000 l=0.01343000 c=0.01343000 v=24580.40000000
2026-08-18 15:26:00,691 | INFO | crypto_bot | ENTRY signal=HOLD reason=trend_filter_not_passed meta={'regime': 'range'}
2026-08-18 15:26:32,446 | INFO | crypto_bot | TRADE pair=ROBO-USDT time=2026-08-18T15:26:32.393000+00:00 price=0.01344000 size=14798.30000000
2026-08-18 15:26:36,790 | INFO | crypto_bot | TRADE pair=ROBO-USDT time=2026-08-18T15:26:36.737000+00:00 price=0.01344000 size=34830.10000000
2026-08-18 15:26:43,658 | ERROR | crypto_bot | WebSocket 连接异常: no close frame received or sent
Traceback (most recent call last):
  File "/home/ubuntu/crypto-trading-bot/app.py", line 382, in consume_public_ws
    async for raw in ws:
  File "/home/ubuntu/crypto-trading-bot/.venv/lib/python3.12/site-packages/websockets/asyncio/connection.py", line 236, in __aiter__
    yield await self.recv()
          ^^^^^^^^^^^^^^^^^
  File "/home/ubuntu/crypto-trading-bot/.venv/lib/python3.12/site-packages/websockets/asyncio/connection.py", line 316, in recv
    raise self.protocol.close_exc from self.recv_exc
websockets.exceptions.ConnectionClosedError: no close frame received or sent
2026-08-18 15:26:43,658 | INFO | crypto_bot | 将在 5 秒后重连...
2026-08-18 15:26:48,664 | INFO | crypto_bot | 连接 OKX Public WS: wss://ws.okx.com:8443/ws/v5/public
2026-08-18 15:26:49,083 | INFO | crypto_bot | 已订阅 ROBO-USDT trades
2026-08-18 15:26:49,189 | INFO | crypto_bot | WS event: {'event': 'subscribe', 'arg': {'channel': 'trades', 'instId': 'ROBO-USDT'}, 'connId': 'a1aa62bc'}
2026-08-18 15:26:57,154 | INFO | crypto_bot | TRADE pair=ROBO-USDT time=2026-08-18T15:26:57.098000+00:00 price=0.01344000 size=14845.10000000
2026-08-18 15:36:42,188 | INFO | crypto_bot | TRADE pair=ROBO-USDT time=2026-08-18T15:36:42.131000+00:00 price=0.01341000 size=1215.00000000
2026-08-18 15:36:42,188 | INFO | crypto_bot | 1m CLOSED ts=2026-08-18T15:26:00+00:00 o=0.01344000 h=0.01344000 l=0.01344000 c=0.01344000 v=92360.40000000
2026-08-18 15:36:42,188 | INFO | crypto_bot | ENTRY signal=HOLD reason=trend_filter_not_passed meta={'regime': 'range'}
2026-08-18 15:36:42,189 | INFO | crypto_bot | 5m CLOSED ts=2026-08-18T15:25:00+00:00 o=0.01344000 h=0.01344000 l=0.01343000 c=0.01344000 v=116940.80000000
2026-08-18 15:38:56,044 | INFO | crypto_bot | TRADE pair=ROBO-USDT time=2026-08-18T15:38:55.988000+00:00 price=0.01340000 size=16278.30000000
2026-08-18 15:38:56,044 | INFO | crypto_bot | 1m CLOSED ts=2026-08-18T15:36:00+00:00 o=0.01341000 h=0.01341000 l=0.01341000 c=0.01341000 v=1215.00000000
2026-08-18 15:38:56,045 | INFO | crypto_bot | ENTRY signal=HOLD reason=trend_filter_not_passed meta={'regime': 'range'}
2026-08-18 15:39:00,868 | INFO | crypto_bot | TRADE pair=ROBO-USDT time=2026-08-18T15:39:00.812000+00:00 price=0.01340000 size=35941.60000000
2026-08-18 15:39:00,868 | INFO | crypto_bot | 1m CLOSED ts=2026-08-18T15:38:00+00:00 o=0.01340000 h=0.01340000 l=0.01340000 c=0.01340000 v=16278.30000000
2026-08-18 15:39:00,868 | INFO | crypto_bot | ENTRY signal=HOLD reason=trend_filter_not_passed meta={'regime': 'range'}
2026-08-18 15:39:05,255 | INFO | crypto_bot | TRADE pair=ROBO-USDT time=2026-08-18T15:39:05.199000+00:00 price=0.01340000 size=29059.30000000
2026-08-18 15:39:15,930 | INFO | crypto_bot | TRADE pair=ROBO-USDT time=2026-08-18T15:39:15.873000+00:00 price=0.01339000 size=1215.00000000
2026-08-18 15:39:15,930 | INFO | crypto_bot | TRADE pair=ROBO-USDT time=2026-08-18T15:39:15.873000+00:00 price=0.01338000 size=48237.30000000
2026-08-18 15:39:15,930 | INFO | crypto_bot | TRADE pair=ROBO-USDT time=2026-08-18T15:39:15.874000+00:00 price=0.01338000 size=4727.50000000
2026-08-18 15:39:15,931 | INFO | crypto_bot | TRADE pair=ROBO-USDT time=2026-08-18T15:39:15.874000+00:00 price=0.01337000 size=7142.20000000
2026-08-18 15:39:27,953 | INFO | crypto_bot | TRADE pair=ROBO-USDT time=2026-08-18T15:39:27.897000+00:00 price=0.01339000 size=16607.80000000
2026-08-18 15:44:17,180 | INFO | crypto_bot | TRADE pair=ROBO-USDT time=2026-08-18T15:44:17.114000+00:00 price=0.01337000 size=224.50000000
2026-08-18 15:44:17,183 | INFO | crypto_bot | 1m CLOSED ts=2026-08-18T15:39:00+00:00 o=0.01340000 h=0.01340000 l=0.01337000 c=0.01339000 v=142930.70000000
2026-08-18 15:44:17,183 | INFO | crypto_bot | ENTRY signal=HOLD reason=trend_filter_not_passed meta={'regime': 'range'}
2026-08-18 15:44:17,184 | INFO | crypto_bot | 5m CLOSED ts=2026-08-18T15:35:00+00:00 o=0.01341000 h=0.01341000 l=0.01337000 c=0.01339000 v=160424.00000000
2026-08-18 15:45:49,432 | INFO | crypto_bot | TRADE pair=ROBO-USDT time=2026-08-18T15:45:49.372000+00:00 price=0.01339000 size=5601.10000000
2026-08-18 15:45:49,433 | INFO | crypto_bot | 1m CLOSED ts=2026-08-18T15:44:00+00:00 o=0.01337000 h=0.01337000 l=0.01337000 c=0.01337000 v=224.50000000
2026-08-18 15:45:49,433 | INFO | crypto_bot | ENTRY signal=HOLD reason=trend_filter_not_passed meta={'regime': 'range'}
2026-08-18 15:45:49,433 | INFO | crypto_bot | 5m CLOSED ts=2026-08-18T15:40:00+00:00 o=0.01337000 h=0.01337000 l=0.01337000 c=0.01337000 v=224.50000000
2026-08-18 15:52:47,304 | INFO | crypto_bot | TRADE pair=ROBO-USDT time=2026-08-18T15:52:47.247000+00:00 price=0.01336000 size=113.60000000
2026-08-18 15:52:47,304 | INFO | crypto_bot | 1m CLOSED ts=2026-08-18T15:45:00+00:00 o=0.01339000 h=0.01339000 l=0.01339000 c=0.01339000 v=5601.10000000
2026-08-18 15:52:47,304 | INFO | crypto_bot | ENTRY signal=HOLD reason=trend_filter_not_passed meta={'regime': 'range'}
2026-08-18 15:52:47,305 | INFO | crypto_bot | 5m CLOSED ts=2026-08-18T15:45:00+00:00 o=0.01339000 h=0.01339000 l=0.01339000 c=0.01339000 v=5601.10000000
2026-08-18 15:56:02,510 | INFO | crypto_bot | TRADE pair=ROBO-USDT time=2026-08-18T15:56:02.451000+00:00 price=0.01337000 size=1215.00000000
2026-08-18 15:56:02,510 | INFO | crypto_bot | 1m CLOSED ts=2026-08-18T15:52:00+00:00 o=0.01336000 h=0.01336000 l=0.01336000 c=0.01336000 v=113.60000000
2026-08-18 15:56:02,510 | INFO | crypto_bot | ENTRY signal=HOLD reason=trend_filter_not_passed meta={'regime': 'range'}
2026-08-18 15:56:02,511 | INFO | crypto_bot | 5m CLOSED ts=2026-08-18T15:50:00+00:00 o=0.01336000 h=0.01336000 l=0.01336000 c=0.01336000 v=113.60000000
2026-08-18 15:56:02,511 | INFO | crypto_bot | TRADE pair=ROBO-USDT time=2026-08-18T15:56:02.451000+00:00 price=0.01338000 size=37156.60000000
2026-08-18 15:56:02,511 | INFO | crypto_bot | TRADE pair=ROBO-USDT time=2026-08-18T15:56:02.451000+00:00 price=0.01339000 size=47665.80000000
2026-08-18 15:56:02,511 | INFO | crypto_bot | TRADE pair=ROBO-USDT time=2026-08-18T15:56:02.451000+00:00 price=0.01340000 size=26588.20000000
2026-08-18 15:57:35,787 | INFO | crypto_bot | TRADE pair=ROBO-USDT time=2026-08-18T15:57:35.731000+00:00 price=0.01339000 size=3516.10000000
2026-08-18 15:57:35,788 | INFO | crypto_bot | 1m CLOSED ts=2026-08-18T15:56:00+00:00 o=0.01337000 h=0.01340000 l=0.01337000 c=0.01340000 v=112625.60000000
2026-08-18 15:57:35,788 | INFO | crypto_bot | ENTRY signal=HOLD reason=trend_filter_not_passed meta={'regime': 'range'}
2026-08-18 15:59:43,543 | INFO | crypto_bot | TRADE pair=ROBO-USDT time=2026-08-18T15:59:43.487000+00:00 price=0.01342000 size=35941.60000000
2026-08-18 15:59:43,543 | INFO | crypto_bot | 1m CLOSED ts=2026-08-18T15:57:00+00:00 o=0.01339000 h=0.01339000 l=0.01339000 c=0.01339000 v=3516.10000000
2026-08-18 15:59:43,544 | INFO | crypto_bot | ENTRY signal=HOLD reason=trend_filter_not_passed meta={'regime': 'range'}
2026-08-18 15:59:44,440 | INFO | crypto_bot | TRADE pair=ROBO-USDT time=2026-08-18T15:59:44.384000+00:00 price=0.01342000 size=19450.50000000
2026-08-18 16:00:22,909 | INFO | crypto_bot | TRADE pair=ROBO-USDT time=2026-08-18T16:00:22.853000+00:00 price=0.01343000 size=14892.00000000
2026-08-18 16:00:22,910 | INFO | crypto_bot | 1m CLOSED ts=2026-08-18T15:59:00+00:00 o=0.01342000 h=0.01342000 l=0.01342000 c=0.01342000 v=55392.10000000
2026-08-18 16:00:22,910 | INFO | crypto_bot | ENTRY signal=HOLD reason=trend_filter_not_passed meta={'regime': 'range'}
2026-08-18 16:00:22,910 | INFO | crypto_bot | 5m CLOSED ts=2026-08-18T15:55:00+00:00 o=0.01337000 h=0.01342000 l=0.01337000 c=0.01342000 v=171533.80000000
2026-08-18 16:01:38,772 | INFO | crypto_bot | TRADE pair=ROBO-USDT time=2026-08-18T16:01:38.713000+00:00 price=0.01341000 size=23296.00000000
2026-08-18 16:01:38,773 | INFO | crypto_bot | 1m CLOSED ts=2026-08-18T16:00:00+00:00 o=0.01343000 h=0.01343000 l=0.01343000 c=0.01343000 v=14892.00000000
2026-08-18 16:01:38,773 | INFO | crypto_bot | ENTRY signal=HOLD reason=trend_filter_not_passed meta={'regime': 'range'}
2026-08-18 16:03:58,881 | INFO | crypto_bot | TRADE pair=ROBO-USDT time=2026-08-18T16:03:58.826000+00:00 price=0.01337000 size=13898.30000000
2026-08-18 16:03:58,882 | INFO | crypto_bot | 1m CLOSED ts=2026-08-18T16:01:00+00:00 o=0.01341000 h=0.01341000 l=0.01341000 c=0.01341000 v=23296.00000000
2026-08-18 16:03:58,882 | INFO | crypto_bot | ENTRY signal=HOLD reason=trend_filter_not_passed meta={'regime': 'range'}
2026-08-18 16:04:18,625 | INFO | crypto_bot | TRADE pair=ROBO-USDT time=2026-08-18T16:04:18.569000+00:00 price=0.01337000 size=30043.10000000
2026-08-18 16:04:18,625 | INFO | crypto_bot | 1m CLOSED ts=2026-08-18T16:03:00+00:00 o=0.01337000 h=0.01337000 l=0.01337000 c=0.01337000 v=13898.30000000
2026-08-18 16:04:18,626 | INFO | crypto_bot | ENTRY signal=HOLD reason=trend_filter_not_passed meta={'regime': 'range'}
2026-08-18 16:04:31,135 | INFO | crypto_bot | TRADE pair=ROBO-USDT time=2026-08-18T16:04:31.073000+00:00 price=0.01337000 size=20832.70000000
2026-08-18 16:05:23,233 | INFO | crypto_bot | TRADE pair=ROBO-USDT time=2026-08-18T16:05:23.177000+00:00 price=0.01336000 size=113.60000000
2026-08-18 16:05:23,234 | INFO | crypto_bot | 1m CLOSED ts=2026-08-18T16:04:00+00:00 o=0.01337000 h=0.01337000 l=0.01337000 c=0.01337000 v=50875.80000000
2026-08-18 16:05:23,234 | INFO | crypto_bot | ENTRY signal=HOLD reason=trend_filter_not_passed meta={'regime': 'range'}
2026-08-18 16:05:23,234 | INFO | crypto_bot | 5m CLOSED ts=2026-08-18T16:00:00+00:00 o=0.01343000 h=0.01343000 l=0.01337000 c=0.01337000 v=102962.10000000
2026-08-18 16:06:12,394 | INFO | crypto_bot | TRADE pair=ROBO-USDT time=2026-08-18T16:06:12.337000+00:00 price=0.01336000 size=15087.90000000
2026-08-18 16:06:12,394 | INFO | crypto_bot | 1m CLOSED ts=2026-08-18T16:05:00+00:00 o=0.01336000 h=0.01336000 l=0.01336000 c=0.01336000 v=113.60000000
2026-08-18 16:06:12,394 | INFO | crypto_bot | ENTRY signal=HOLD reason=trend_filter_not_passed meta={'regime': 'range'}
2026-08-18 16:06:17,645 | INFO | crypto_bot | TRADE pair=ROBO-USDT time=2026-08-18T16:06:17.588000+00:00 price=0.01334000 size=2298.10000000
2026-08-18 16:07:54,111 | INFO | crypto_bot | TRADE pair=ROBO-USDT time=2026-08-18T16:07:54.054000+00:00 price=0.01333000 size=125.60000000
2026-08-18 16:07:54,111 | INFO | crypto_bot | 1m CLOSED ts=2026-08-18T16:06:00+00:00 o=0.01336000 h=0.01336000 l=0.01334000 c=0.01334000 v=17386.00000000
2026-08-18 16:07:54,111 | INFO | crypto_bot | ENTRY signal=HOLD reason=trend_filter_not_passed meta={'regime': 'range'}
2026-08-18 16:08:43,276 | INFO | crypto_bot | TRADE pair=ROBO-USDT time=2026-08-18T16:08:43.219000+00:00 price=0.01332000 size=35941.60000000
2026-08-18 16:08:43,276 | INFO | crypto_bot | 1m CLOSED ts=2026-08-18T16:07:00+00:00 o=0.01333000 h=0.01333000 l=0.01333000 c=0.01333000 v=125.60000000
2026-08-18 16:08:43,276 | INFO | crypto_bot | ENTRY signal=HOLD reason=trend_filter_not_passed meta={'regime': 'range'}
2026-08-18 16:09:45,678 | INFO | crypto_bot | TRADE pair=ROBO-USDT time=2026-08-18T16:09:45.621000+00:00 price=0.01334000 size=59240.10000000
2026-08-18 16:09:45,678 | INFO | crypto_bot | 1m CLOSED ts=2026-08-18T16:08:00+00:00 o=0.01332000 h=0.01332000 l=0.01332000 c=0.01332000 v=35941.60000000
2026-08-18 16:09:45,679 | INFO | crypto_bot | ENTRY signal=HOLD reason=trend_filter_not_passed meta={'regime': 'range'}
2026-08-18 16:11:58,880 | INFO | crypto_bot | TRADE pair=ROBO-USDT time=2026-08-18T16:11:58.824000+00:00 price=0.01333000 size=8655.60000000
2026-08-18 16:11:58,880 | INFO | crypto_bot | 1m CLOSED ts=2026-08-18T16:09:00+00:00 o=0.01334000 h=0.01334000 l=0.01334000 c=0.01334000 v=59240.10000000
2026-08-18 16:11:58,880 | INFO | crypto_bot | ENTRY signal=HOLD reason=trend_filter_not_passed meta={'regime': 'range'}
2026-08-18 16:11:58,881 | INFO | crypto_bot | 5m CLOSED ts=2026-08-18T16:05:00+00:00 o=0.01336000 h=0.01336000 l=0.01332000 c=0.01334000 v=112806.90000000
2026-08-18 16:13:25,881 | INFO | crypto_bot | TRADE pair=ROBO-USDT time=2026-08-18T16:13:25.825000+00:00 price=0.01334000 size=23701.70000000
2026-08-18 16:13:25,882 | INFO | crypto_bot | 1m CLOSED ts=2026-08-18T16:11:00+00:00 o=0.01333000 h=0.01333000 l=0.01333000 c=0.01333000 v=8655.60000000
2026-08-18 16:13:25,882 | INFO | crypto_bot | ENTRY signal=HOLD reason=trend_filter_not_passed meta={'regime': 'range'}
2026-08-18 16:13:40,120 | INFO | crypto_bot | TRADE pair=ROBO-USDT time=2026-08-18T16:13:40.063000+00:00 price=0.01335000 size=51454.40000000
2026-08-18 16:13:50,172 | INFO | crypto_bot | TRADE pair=ROBO-USDT time=2026-08-18T16:13:50.115000+00:00 price=0.01334000 size=7671.70000000
2026-08-18 16:16:31,327 | INFO | crypto_bot | TRADE pair=ROBO-USDT time=2026-08-18T16:16:31.270000+00:00 price=0.01333000 size=1716.10000000
2026-08-18 16:16:31,327 | INFO | crypto_bot | 1m CLOSED ts=2026-08-18T16:13:00+00:00 o=0.01334000 h=0.01335000 l=0.01334000 c=0.01334000 v=82827.80000000
2026-08-18 16:16:31,327 | INFO | crypto_bot | ENTRY signal=HOLD reason=trend_filter_not_passed meta={'regime': 'range'}
2026-08-18 16:16:31,328 | INFO | crypto_bot | 5m CLOSED ts=2026-08-18T16:10:00+00:00 o=0.01333000 h=0.01335000 l=0.01333000 c=0.01334000 v=91483.40000000
2026-08-18 16:20:25,888 | INFO | crypto_bot | TRADE pair=ROBO-USDT time=2026-08-18T16:20:25.831000+00:00 price=0.01334000 size=792.30000000
2026-08-18 16:20:25,888 | INFO | crypto_bot | 1m CLOSED ts=2026-08-18T16:16:00+00:00 o=0.01333000 h=0.01333000 l=0.01333000 c=0.01333000 v=1716.10000000
2026-08-18 16:20:25,888 | INFO | crypto_bot | ENTRY signal=HOLD reason=trend_filter_not_passed meta={'regime': 'range'}
2026-08-18 16:20:25,889 | INFO | crypto_bot | 5m CLOSED ts=2026-08-18T16:15:00+00:00 o=0.01333000 h=0.01333000 l=0.01333000 c=0.01333000 v=1716.10000000
2026-08-18 16:21:33,872 | INFO | crypto_bot | TRADE pair=ROBO-USDT time=2026-08-18T16:21:33.804000+00:00 price=0.01334000 size=40902.50000000
2026-08-18 16:21:33,872 | INFO | crypto_bot | 1m CLOSED ts=2026-08-18T16:20:00+00:00 o=0.01334000 h=0.01334000 l=0.01334000 c=0.01334000 v=792.30000000
2026-08-18 16:21:33,872 | INFO | crypto_bot | ENTRY signal=HOLD reason=trend_filter_not_passed meta={'regime': 'range'}
2026-08-18 16:22:52,190 | INFO | crypto_bot | TRADE pair=ROBO-USDT time=2026-08-18T16:22:52.134000+00:00 price=0.01330000 size=21523.20000000
2026-08-18 16:22:52,191 | INFO | crypto_bot | 1m CLOSED ts=2026-08-18T16:21:00+00:00 o=0.01334000 h=0.01334000 l=0.01334000 c=0.01334000 v=40902.50000000
2026-08-18 16:22:52,191 | INFO | crypto_bot | ENTRY signal=HOLD reason=trend_filter_not_passed meta={'regime': 'range'}
2026-08-18 16:22:52,202 | INFO | crypto_bot | TRADE pair=ROBO-USDT time=2026-08-18T16:22:52.145000+00:00 price=0.01330000 size=346.90000000
2026-08-18 16:23:44,503 | INFO | crypto_bot | TRADE pair=ROBO-USDT time=2026-08-18T16:23:44.445000+00:00 price=0.01328000 size=147.00000000
2026-08-18 16:23:44,503 | INFO | crypto_bot | 1m CLOSED ts=2026-08-18T16:22:00+00:00 o=0.01330000 h=0.01330000 l=0.01330000 c=0.01330000 v=21870.10000000
2026-08-18 16:23:44,503 | INFO | crypto_bot | ENTRY signal=HOLD reason=trend_filter_not_passed meta={'regime': 'range'}
2026-08-18 16:24:17,712 | INFO | crypto_bot | TRADE pair=ROBO-USDT time=2026-08-18T16:24:17.655000+00:00 price=0.01326000 size=40.40000000
2026-08-18 16:24:17,712 | INFO | crypto_bot | 1m CLOSED ts=2026-08-18T16:23:00+00:00 o=0.01328000 h=0.01328000 l=0.01328000 c=0.01328000 v=147.00000000
2026-08-18 16:24:17,713 | INFO | crypto_bot | ENTRY signal=HOLD reason=trend_filter_not_passed meta={'regime': 'range'}
2026-08-18 16:24:20,606 | INFO | crypto_bot | TRADE pair=ROBO-USDT time=2026-08-18T16:24:20.549000+00:00 price=0.01324000 size=296.70000000
2026-08-18 16:24:20,606 | INFO | crypto_bot | TRADE pair=ROBO-USDT time=2026-08-18T16:24:20.549000+00:00 price=0.01323000 size=35139.20000000
2026-08-18 16:24:20,610 | INFO | crypto_bot | TRADE pair=ROBO-USDT time=2026-08-18T16:24:20.553000+00:00 price=0.01322000 size=1215.00000000
2026-08-18 16:24:20,610 | INFO | crypto_bot | TRADE pair=ROBO-USDT time=2026-08-18T16:24:20.553000+00:00 price=0.01321000 size=6174.90000000
2026-08-18 16:24:20,611 | INFO | crypto_bot | TRADE pair=ROBO-USDT time=2026-08-18T16:24:20.554000+00:00 price=0.01323000 size=1843.60000000
2026-08-18 16:24:20,611 | INFO | crypto_bot | TRADE pair=ROBO-USDT time=2026-08-18T16:24:20.555000+00:00 price=0.01322000 size=1844.50000000
2026-08-18 16:24:20,613 | INFO | crypto_bot | TRADE pair=ROBO-USDT time=2026-08-18T16:24:20.556000+00:00 price=0.01322000 size=38635.30000000
2026-08-18 16:24:20,615 | INFO | crypto_bot | TRADE pair=ROBO-USDT time=2026-08-18T16:24:20.559000+00:00 price=0.01320000 size=14913.00000000
2026-08-18 16:24:20,616 | INFO | crypto_bot | TRADE pair=ROBO-USDT time=2026-08-18T16:24:20.560000+00:00 price=0.01321000 size=24054.40000000
2026-08-18 16:24:20,619 | INFO | crypto_bot | TRADE pair=ROBO-USDT time=2026-08-18T16:24:20.563000+00:00 price=0.01321000 size=4403.80000000
2026-08-18 16:24:20,619 | INFO | crypto_bot | TRADE pair=ROBO-USDT time=2026-08-18T16:24:20.563000+00:00 price=0.01320000 size=1215.00000000
2026-08-18 16:24:20,619 | INFO | crypto_bot | TRADE pair=ROBO-USDT time=2026-08-18T16:24:20.563000+00:00 price=0.01319000 size=17064.40000000
2026-08-18 16:24:20,620 | INFO | crypto_bot | TRADE pair=ROBO-USDT time=2026-08-18T16:24:20.564000+00:00 price=0.01319000 size=8531.10000000
2026-08-18 16:24:20,620 | INFO | crypto_bot | TRADE pair=ROBO-USDT time=2026-08-18T16:24:20.565000+00:00 price=0.01318000 size=1345.80000000
2026-08-18 16:24:20,710 | INFO | crypto_bot | TRADE pair=ROBO-USDT time=2026-08-18T16:24:20.567000+00:00 price=0.01317000 size=1328.60000000
2026-08-18 16:24:20,710 | INFO | crypto_bot | TRADE pair=ROBO-USDT time=2026-08-18T16:24:20.567000+00:00 price=0.01316000 size=1215.00000000
2026-08-18 16:24:20,710 | INFO | crypto_bot | TRADE pair=ROBO-USDT time=2026-08-18T16:24:20.567000+00:00 price=0.01315000 size=1315.00000000
2026-08-18 16:24:20,710 | INFO | crypto_bot | TRADE pair=ROBO-USDT time=2026-08-18T16:24:20.567000+00:00 price=0.01314000 size=69878.30000000
2026-08-18 16:24:20,710 | INFO | crypto_bot | TRADE pair=ROBO-USDT time=2026-08-18T16:24:20.567000+00:00 price=0.01313000 size=71596.10000000
2026-08-18 16:24:20,710 | INFO | crypto_bot | TRADE pair=ROBO-USDT time=2026-08-18T16:24:20.568000+00:00 price=0.01318000 size=5506.10000000
2026-08-18 16:24:20,710 | INFO | crypto_bot | TRADE pair=ROBO-USDT time=2026-08-18T16:24:20.568000+00:00 price=0.01318000 size=14367.70000000
2026-08-18 16:24:20,711 | INFO | crypto_bot | TRADE pair=ROBO-USDT time=2026-08-18T16:24:20.568000+00:00 price=0.01319000 size=26112.10000000
2026-08-18 16:24:20,711 | INFO | crypto_bot | TRADE pair=ROBO-USDT time=2026-08-18T16:24:20.621000+00:00 price=0.01322000 size=1641.20000000
2026-08-18 16:24:20,768 | INFO | crypto_bot | TRADE pair=ROBO-USDT time=2026-08-18T16:24:20.705000+00:00 price=0.01320000 size=1510.00000000
2026-08-18 16:24:20,959 | INFO | crypto_bot | TRADE pair=ROBO-USDT time=2026-08-18T16:24:20.902000+00:00 price=0.01322000 size=2693.00000000
2026-08-18 16:24:21,368 | INFO | crypto_bot | TRADE pair=ROBO-USDT time=2026-08-18T16:24:21.309000+00:00 price=0.01322000 size=9477.10000000
2026-08-18 16:25:05,197 | INFO | crypto_bot | TRADE pair=ROBO-USDT time=2026-08-18T16:25:05.141000+00:00 price=0.01323000 size=238.90000000
2026-08-18 16:25:05,198 | INFO | crypto_bot | 1m CLOSED ts=2026-08-18T16:24:00+00:00 o=0.01326000 h=0.01326000 l=0.01313000 c=0.01322000 v=363357.30000000
2026-08-18 16:25:05,198 | INFO | crypto_bot | ENTRY signal=HOLD reason=trend_filter_not_passed meta={'regime': 'range'}
2026-08-18 16:25:05,198 | INFO | crypto_bot | 5m CLOSED ts=2026-08-18T16:20:00+00:00 o=0.01334000 h=0.01334000 l=0.01313000 c=0.01322000 v=427069.20000000
2026-08-18 16:25:17,928 | INFO | crypto_bot | TRADE pair=ROBO-USDT time=2026-08-18T16:25:17.869000+00:00 price=0.01324000 size=40479.80000000
2026-08-18 16:25:44,780 | INFO | crypto_bot | TRADE pair=ROBO-USDT time=2026-08-18T16:25:44.723000+00:00 price=0.01325000 size=116.20000000
2026-08-18 16:25:44,780 | INFO | crypto_bot | TRADE pair=ROBO-USDT time=2026-08-18T16:25:44.723000+00:00 price=0.01325000 size=116.20000000
2026-08-18 16:25:44,780 | INFO | crypto_bot | TRADE pair=ROBO-USDT time=2026-08-18T16:25:44.723000+00:00 price=0.01325000 size=116.20000000
2026-08-18 16:25:44,781 | INFO | crypto_bot | TRADE pair=ROBO-USDT time=2026-08-18T16:25:44.723000+00:00 price=0.01325000 size=116.20000000
2026-08-18 16:25:44,781 | INFO | crypto_bot | TRADE pair=ROBO-USDT time=2026-08-18T16:25:44.723000+00:00 price=0.01325000 size=116.20000000
2026-08-18 16:25:44,781 | INFO | crypto_bot | TRADE pair=ROBO-USDT time=2026-08-18T16:25:44.723000+00:00 price=0.01325000 size=116.20000000
2026-08-18 16:25:44,781 | INFO | crypto_bot | TRADE pair=ROBO-USDT time=2026-08-18T16:25:44.723000+00:00 price=0.01325000 size=116.20000000
2026-08-18 16:26:26,589 | INFO | crypto_bot | TRADE pair=ROBO-USDT time=2026-08-18T16:26:26.532000+00:00 price=0.01320000 size=116.20000000
2026-08-18 16:26:26,589 | INFO | crypto_bot | 1m CLOSED ts=2026-08-18T16:25:00+00:00 o=0.01323000 h=0.01325000 l=0.01323000 c=0.01325000 v=41532.10000000
2026-08-18 16:26:26,590 | INFO | crypto_bot | ENTRY signal=HOLD reason=trend_filter_not_passed meta={'regime': 'range'}
2026-08-18 16:26:26,593 | INFO | crypto_bot | TRADE pair=ROBO-USDT time=2026-08-18T16:26:26.536000+00:00 price=0.01321000 size=4407.10000000
2026-08-18 16:26:26,593 | INFO | crypto_bot | TRADE pair=ROBO-USDT time=2026-08-18T16:26:26.537000+00:00 price=0.01318000 size=11312.30000000
2026-08-18 16:26:26,725 | INFO | crypto_bot | TRADE pair=ROBO-USDT time=2026-08-18T16:26:26.668000+00:00 price=0.01320000 size=1675.00000000
2026-08-18 16:26:30,171 | INFO | crypto_bot | TRADE pair=ROBO-USDT time=2026-08-18T16:26:30.107000+00:00 price=0.01319000 size=20000.00000000
2026-08-18 16:26:30,171 | INFO | crypto_bot | TRADE pair=ROBO-USDT time=2026-08-18T16:26:30.113000+00:00 price=0.01319000 size=12866.30000000
2026-08-18 16:26:41,757 | INFO | crypto_bot | TRADE pair=ROBO-USDT time=2026-08-18T16:26:41.700000+00:00 price=0.01318000 size=6714.40000000
2026-08-18 16:27:01,154 | INFO | crypto_bot | TRADE pair=ROBO-USDT time=2026-08-18T16:27:01.097000+00:00 price=0.01319000 size=20000.00000000
2026-08-18 16:27:01,154 | INFO | crypto_bot | 1m CLOSED ts=2026-08-18T16:26:00+00:00 o=0.01320000 h=0.01321000 l=0.01318000 c=0.01318000 v=57091.30000000
2026-08-18 16:27:01,154 | INFO | crypto_bot | ENTRY signal=HOLD reason=trend_filter_not_passed meta={'regime': 'range'}
2026-08-18 16:27:01,155 | INFO | crypto_bot | TRADE pair=ROBO-USDT time=2026-08-18T16:27:01.097000+00:00 price=0.01320000 size=10110.60000000
2026-08-18 16:28:44,621 | INFO | crypto_bot | TRADE pair=ROBO-USDT time=2026-08-18T16:28:44.565000+00:00 price=0.01317000 size=245.00000000
2026-08-18 16:28:44,622 | INFO | crypto_bot | 1m CLOSED ts=2026-08-18T16:27:00+00:00 o=0.01319000 h=0.01320000 l=0.01319000 c=0.01320000 v=30110.60000000
2026-08-18 16:28:44,622 | INFO | crypto_bot | ENTRY signal=HOLD reason=trend_filter_not_passed meta={'regime': 'range'}
2026-08-18 16:30:19,017 | INFO | crypto_bot | TRADE pair=ROBO-USDT time=2026-08-18T16:30:18.960000+00:00 price=0.01318000 size=904.90000000
2026-08-18 16:30:19,017 | INFO | crypto_bot | 1m CLOSED ts=2026-08-18T16:28:00+00:00 o=0.01317000 h=0.01317000 l=0.01317000 c=0.01317000 v=245.00000000
2026-08-18 16:30:19,018 | INFO | crypto_bot | ENTRY signal=HOLD reason=trend_filter_not_passed meta={'regime': 'range'}
2026-08-18 16:30:19,018 | INFO | crypto_bot | 5m CLOSED ts=2026-08-18T16:25:00+00:00 o=0.01323000 h=0.01325000 l=0.01317000 c=0.01317000 v=128979.00000000
2026-08-18 16:31:37,489 | INFO | crypto_bot | TRADE pair=ROBO-USDT time=2026-08-18T16:31:37.432000+00:00 price=0.01320000 size=990.20000000
2026-08-18 16:31:37,489 | INFO | crypto_bot | 1m CLOSED ts=2026-08-18T16:30:00+00:00 o=0.01318000 h=0.01318000 l=0.01318000 c=0.01318000 v=904.90000000
2026-08-18 16:31:37,489 | INFO | crypto_bot | ENTRY signal=HOLD reason=trend_filter_not_passed meta={'regime': 'range'}
2026-08-18 16:36:43,891 | INFO | crypto_bot | TRADE pair=ROBO-USDT time=2026-08-18T16:36:43.834000+00:00 price=0.01320000 size=7575.70000000
2026-08-18 16:36:43,891 | INFO | crypto_bot | 1m CLOSED ts=2026-08-18T16:31:00+00:00 o=0.01320000 h=0.01320000 l=0.01320000 c=0.01320000 v=990.20000000
2026-08-18 16:36:43,891 | INFO | crypto_bot | ENTRY signal=HOLD reason=trend_filter_not_passed meta={'regime': 'range'}
2026-08-18 16:36:43,891 | INFO | crypto_bot | 5m CLOSED ts=2026-08-18T16:30:00+00:00 o=0.01318000 h=0.01320000 l=0.01318000 c=0.01320000 v=1895.10000000
2026-08-18 16:41:00,748 | INFO | crypto_bot | TRADE pair=ROBO-USDT time=2026-08-18T16:41:00.692000+00:00 price=0.01323000 size=113.50000000
2026-08-18 16:41:00,748 | INFO | crypto_bot | 1m CLOSED ts=2026-08-18T16:36:00+00:00 o=0.01320000 h=0.01320000 l=0.01320000 c=0.01320000 v=7575.70000000
2026-08-18 16:41:00,749 | INFO | crypto_bot | ENTRY signal=HOLD reason=trend_filter_not_passed meta={'regime': 'range'}
2026-08-18 16:41:00,749 | INFO | crypto_bot | 5m CLOSED ts=2026-08-18T16:35:00+00:00 o=0.01320000 h=0.01320000 l=0.01320000 c=0.01320000 v=7575.70000000
2026-08-18 16:42:54,747 | INFO | crypto_bot | TRADE pair=ROBO-USDT time=2026-08-18T16:42:54.689000+00:00 price=0.01324000 size=15142.40000000
2026-08-18 16:42:54,747 | INFO | crypto_bot | 1m CLOSED ts=2026-08-18T16:41:00+00:00 o=0.01323000 h=0.01323000 l=0.01323000 c=0.01323000 v=113.50000000
2026-08-18 16:42:54,748 | INFO | crypto_bot | ENTRY signal=HOLD reason=trend_filter_not_passed meta={'regime': 'range'}
2026-08-18 16:43:04,097 | INFO | crypto_bot | TRADE pair=ROBO-USDT time=2026-08-18T16:43:04.040000+00:00 price=0.01323000 size=136.30000000
2026-08-18 16:43:04,097 | INFO | crypto_bot | 1m CLOSED ts=2026-08-18T16:42:00+00:00 o=0.01324000 h=0.01324000 l=0.01324000 c=0.01324000 v=15142.40000000
2026-08-18 16:43:04,097 | INFO | crypto_bot | ENTRY signal=HOLD reason=trend_filter_not_passed meta={'regime': 'range'}
2026-08-18 16:43:04,098 | INFO | crypto_bot | TRADE pair=ROBO-USDT time=2026-08-18T16:43:04.040000+00:00 price=0.01323000 size=136.30000000
2026-08-18 16:45:01,182 | INFO | crypto_bot | TRADE pair=ROBO-USDT time=2026-08-18T16:45:01.125000+00:00 price=0.01324000 size=40479.80000000
2026-08-18 16:45:01,183 | INFO | crypto_bot | 1m CLOSED ts=2026-08-18T16:43:00+00:00 o=0.01323000 h=0.01323000 l=0.01323000 c=0.01323000 v=272.60000000
2026-08-18 16:45:01,183 | INFO | crypto_bot | ENTRY signal=HOLD reason=trend_filter_not_passed meta={'regime': 'range'}
2026-08-18 16:45:01,183 | INFO | crypto_bot | 5m CLOSED ts=2026-08-18T16:40:00+00:00 o=0.01323000 h=0.01324000 l=0.01323000 c=0.01323000 v=15528.50000000
2026-08-18 16:46:04,054 | INFO | crypto_bot | TRADE pair=ROBO-USDT time=2026-08-18T16:46:03.997000+00:00 price=0.01322000 size=242.90000000
2026-08-18 16:46:04,054 | INFO | crypto_bot | 1m CLOSED ts=2026-08-18T16:45:00+00:00 o=0.01324000 h=0.01324000 l=0.01324000 c=0.01324000 v=40479.80000000
2026-08-18 16:46:04,055 | INFO | crypto_bot | ENTRY signal=HOLD reason=trend_filter_not_passed meta={'regime': 'range'}
2026-08-18 16:46:04,055 | INFO | crypto_bot | TRADE pair=ROBO-USDT time=2026-08-18T16:46:03.997000+00:00 price=0.01322000 size=242.90000000
2026-08-18 16:46:04,070 | INFO | crypto_bot | TRADE pair=ROBO-USDT time=2026-08-18T16:46:04.008000+00:00 price=0.01322000 size=39994.00000000
2026-08-18 16:46:04,070 | INFO | crypto_bot | TRADE pair=ROBO-USDT time=2026-08-18T16:46:04.010000+00:00 price=0.01322000 size=40479.80000000
2026-08-18 16:46:50,871 | INFO | crypto_bot | TRADE pair=ROBO-USDT time=2026-08-18T16:46:50.814000+00:00 price=0.01320000 size=13120.00000000
2026-08-18 16:46:50,871 | INFO | crypto_bot | TRADE pair=ROBO-USDT time=2026-08-18T16:46:50.814000+00:00 price=0.01320000 size=9069.50000000
2026-08-18 16:46:59,586 | INFO | crypto_bot | TRADE pair=ROBO-USDT time=2026-08-18T16:46:59.529000+00:00 price=0.01318000 size=61694.80000000
2026-08-18 16:46:59,586 | INFO | crypto_bot | TRADE pair=ROBO-USDT time=2026-08-18T16:46:59.529000+00:00 price=0.01317000 size=83638.10000000
2026-08-18 16:48:07,843 | INFO | crypto_bot | TRADE pair=ROBO-USDT time=2026-08-18T16:48:07.781000+00:00 price=0.01318000 size=4763.70000000
2026-08-18 16:48:07,843 | INFO | crypto_bot | 1m CLOSED ts=2026-08-18T16:46:00+00:00 o=0.01322000 h=0.01322000 l=0.01317000 c=0.01317000 v=248482.00000000
2026-08-18 16:48:07,843 | INFO | crypto_bot | ENTRY signal=HOLD reason=trend_filter_not_passed meta={'regime': 'range'}
2026-08-18 16:49:27,833 | INFO | crypto_bot | TRADE pair=ROBO-USDT time=2026-08-18T16:49:27.776000+00:00 price=0.01320000 size=210.90000000
2026-08-18 16:49:27,833 | INFO | crypto_bot | 1m CLOSED ts=2026-08-18T16:48:00+00:00 o=0.01318000 h=0.01318000 l=0.01318000 c=0.01318000 v=4763.70000000
2026-08-18 16:49:27,833 | INFO | crypto_bot | ENTRY signal=HOLD reason=trend_filter_not_passed meta={'regime': 'range'}
2026-08-18 16:49:59,351 | INFO | crypto_bot | TRADE pair=ROBO-USDT time=2026-08-18T16:49:59.295000+00:00 price=0.01321000 size=12116.80000000
2026-08-18 16:50:07,425 | INFO | crypto_bot | TRADE pair=ROBO-USDT time=2026-08-18T16:50:07.369000+00:00 price=0.01318000 size=15151.50000000
2026-08-18 16:50:07,425 | INFO | crypto_bot | 1m CLOSED ts=2026-08-18T16:49:00+00:00 o=0.01320000 h=0.01321000 l=0.01320000 c=0.01321000 v=12327.70000000
2026-08-18 16:50:07,426 | INFO | crypto_bot | ENTRY signal=HOLD reason=trend_filter_not_passed meta={'regime': 'range'}
2026-08-18 16:50:07,426 | INFO | crypto_bot | 5m CLOSED ts=2026-08-18T16:45:00+00:00 o=0.01324000 h=0.01324000 l=0.01317000 c=0.01321000 v=306053.20000000
2026-08-18 16:51:02,720 | INFO | crypto_bot | TRADE pair=ROBO-USDT time=2026-08-18T16:51:02.663000+00:00 price=0.01317000 size=1514.20000000
2026-08-18 16:51:02,720 | INFO | crypto_bot | 1m CLOSED ts=2026-08-18T16:50:00+00:00 o=0.01318000 h=0.01318000 l=0.01318000 c=0.01318000 v=15151.50000000
2026-08-18 16:51:02,720 | INFO | crypto_bot | ENTRY signal=HOLD reason=trend_filter_not_passed meta={'regime': 'range'}
2026-08-18 16:51:10,698 | INFO | crypto_bot | TRADE pair=ROBO-USDT time=2026-08-18T16:51:10.642000+00:00 price=0.01317000 size=4080.20000000
2026-08-18 16:51:53,955 | INFO | crypto_bot | TRADE pair=ROBO-USDT time=2026-08-18T16:51:53.899000+00:00 price=0.01317000 size=4080.20000000
2026-08-18 16:52:09,544 | INFO | crypto_bot | TRADE pair=ROBO-USDT time=2026-08-18T16:52:09.487000+00:00 price=0.01316000 size=4080.20000000
2026-08-18 16:52:09,544 | INFO | crypto_bot | 1m CLOSED ts=2026-08-18T16:51:00+00:00 o=0.01317000 h=0.01317000 l=0.01317000 c=0.01317000 v=9674.60000000
2026-08-18 16:52:09,544 | INFO | crypto_bot | ENTRY signal=HOLD reason=trend_filter_not_passed meta={'regime': 'range'}
2026-08-18 16:52:09,603 | INFO | crypto_bot | TRADE pair=ROBO-USDT time=2026-08-18T16:52:09.546000+00:00 price=0.01316000 size=2587.80000000
2026-08-18 16:54:30,808 | INFO | crypto_bot | TRADE pair=ROBO-USDT time=2026-08-18T16:54:30.752000+00:00 price=0.01316000 size=19773.70000000
2026-08-18 16:54:30,808 | INFO | crypto_bot | 1m CLOSED ts=2026-08-18T16:52:00+00:00 o=0.01316000 h=0.01316000 l=0.01316000 c=0.01316000 v=6668.00000000
2026-08-18 16:54:30,809 | INFO | crypto_bot | ENTRY signal=HOLD reason=trend_filter_not_passed meta={'regime': 'range'}
2026-08-18 16:55:11,827 | INFO | crypto_bot | TRADE pair=ROBO-USDT time=2026-08-18T16:55:11.770000+00:00 price=0.01313000 size=125.60000000
2026-08-18 16:55:11,827 | INFO | crypto_bot | 1m CLOSED ts=2026-08-18T16:54:00+00:00 o=0.01316000 h=0.01316000 l=0.01316000 c=0.01316000 v=19773.70000000
2026-08-18 16:55:11,828 | INFO | crypto_bot | ENTRY signal=HOLD reason=trend_filter_not_passed meta={'regime': 'range'}
2026-08-18 16:55:11,828 | INFO | crypto_bot | 5m CLOSED ts=2026-08-18T16:50:00+00:00 o=0.01318000 h=0.01318000 l=0.01316000 c=0.01316000 v=51267.80000000
2026-08-18 16:55:26,710 | INFO | crypto_bot | TRADE pair=ROBO-USDT time=2026-08-18T16:55:26.653000+00:00 price=0.01316000 size=47382.90000000
2026-08-18 16:57:17,148 | INFO | crypto_bot | TRADE pair=ROBO-USDT time=2026-08-18T16:57:17.091000+00:00 price=0.01312000 size=15863.60000000
2026-08-18 16:57:17,148 | INFO | crypto_bot | 1m CLOSED ts=2026-08-18T16:55:00+00:00 o=0.01313000 h=0.01316000 l=0.01313000 c=0.01316000 v=47508.50000000
2026-08-18 16:57:17,148 | INFO | crypto_bot | ENTRY signal=HOLD reason=trend_filter_not_passed meta={'regime': 'range'}
2026-08-18 16:57:17,151 | INFO | crypto_bot | TRADE pair=ROBO-USDT time=2026-08-18T16:57:17.094000+00:00 price=0.01313000 size=40479.80000000
2026-08-18 16:57:41,806 | INFO | crypto_bot | TRADE pair=ROBO-USDT time=2026-08-18T16:57:41.750000+00:00 price=0.01314000 size=2958.80000000
2026-08-18 16:59:58,578 | INFO | crypto_bot | TRADE pair=ROBO-USDT time=2026-08-18T16:59:58.522000+00:00 price=0.01313000 size=10487.80000000
2026-08-18 16:59:58,579 | INFO | crypto_bot | 1m CLOSED ts=2026-08-18T16:57:00+00:00 o=0.01312000 h=0.01314000 l=0.01312000 c=0.01314000 v=59302.20000000
2026-08-18 16:59:58,579 | INFO | crypto_bot | ENTRY signal=HOLD reason=trend_filter_not_passed meta={'regime': 'range'}
2026-08-18 17:00:02,119 | INFO | crypto_bot | TRADE pair=ROBO-USDT time=2026-08-18T17:00:02.062000+00:00 price=0.01313000 size=3026.10000000
2026-08-18 17:00:02,120 | INFO | crypto_bot | 1m CLOSED ts=2026-08-18T16:59:00+00:00 o=0.01313000 h=0.01313000 l=0.01313000 c=0.01313000 v=10487.80000000
2026-08-18 17:00:02,120 | INFO | crypto_bot | ENTRY signal=HOLD reason=trend_filter_not_passed meta={'regime': 'range'}
2026-08-18 17:00:02,120 | INFO | crypto_bot | 5m CLOSED ts=2026-08-18T16:55:00+00:00 o=0.01313000 h=0.01316000 l=0.01312000 c=0.01313000 v=117298.50000000
2026-08-18 17:00:20,450 | INFO | crypto_bot | TRADE pair=ROBO-USDT time=2026-08-18T17:00:20.393000+00:00 price=0.01312000 size=13774.90000000
2026-08-18 17:01:11,156 | INFO | crypto_bot | TRADE pair=ROBO-USDT time=2026-08-18T17:01:11.100000+00:00 price=0.01312000 size=15425.30000000
2026-08-18 17:01:11,157 | INFO | crypto_bot | 1m CLOSED ts=2026-08-18T17:00:00+00:00 o=0.01313000 h=0.01313000 l=0.01312000 c=0.01312000 v=16801.00000000
2026-08-18 17:01:11,157 | INFO | crypto_bot | ENTRY signal=HOLD reason=trend_filter_not_passed meta={'regime': 'range'}
2026-08-18 17:01:23,049 | INFO | crypto_bot | TRADE pair=ROBO-USDT time=2026-08-18T17:01:22.992000+00:00 price=0.01311000 size=18560.40000000
2026-08-18 17:02:06,873 | INFO | crypto_bot | TRADE pair=ROBO-USDT time=2026-08-18T17:02:06.817000+00:00 price=0.01315000 size=1519.70000000
2026-08-18 17:02:06,873 | INFO | crypto_bot | 1m CLOSED ts=2026-08-18T17:01:00+00:00 o=0.01312000 h=0.01312000 l=0.01311000 c=0.01311000 v=33985.70000000
2026-08-18 17:02:06,874 | INFO | crypto_bot | ENTRY signal=HOLD reason=trend_filter_not_passed meta={'regime': 'range'}
2026-08-18 17:02:57,991 | INFO | crypto_bot | TRADE pair=ROBO-USDT time=2026-08-18T17:02:57.935000+00:00 price=0.01312000 size=3519.40000000
2026-08-18 17:02:57,992 | INFO | crypto_bot | TRADE pair=ROBO-USDT time=2026-08-18T17:02:57.935000+00:00 price=0.01312000 size=8597.40000000
2026-08-18 17:03:22,295 | INFO | crypto_bot | TRADE pair=ROBO-USDT time=2026-08-18T17:03:22.238000+00:00 price=0.01312000 size=7677.50000000
2026-08-18 17:03:22,295 | INFO | crypto_bot | 1m CLOSED ts=2026-08-18T17:02:00+00:00 o=0.01315000 h=0.01315000 l=0.01312000 c=0.01312000 v=13636.50000000
2026-08-18 17:03:22,295 | INFO | crypto_bot | ENTRY signal=HOLD reason=trend_filter_not_passed meta={'regime': 'range'}
2026-08-18 17:03:54,323 | INFO | crypto_bot | TRADE pair=ROBO-USDT time=2026-08-18T17:03:54.266000+00:00 price=0.01313000 size=13165.80000000
2026-08-18 17:03:54,323 | INFO | crypto_bot | TRADE pair=ROBO-USDT time=2026-08-18T17:03:54.266000+00:00 price=0.01313000 size=6834.20000000
2026-08-18 17:04:03,824 | INFO | crypto_bot | TRADE pair=ROBO-USDT time=2026-08-18T17:04:03.767000+00:00 price=0.01314000 size=249.10000000
2026-08-18 17:04:03,825 | INFO | crypto_bot | 1m CLOSED ts=2026-08-18T17:03:00+00:00 o=0.01312000 h=0.01313000 l=0.01312000 c=0.01313000 v=27677.50000000
2026-08-18 17:04:03,825 | INFO | crypto_bot | ENTRY signal=HOLD reason=trend_filter_not_passed meta={'regime': 'range'}
2026-08-18 17:04:03,826 | INFO | crypto_bot | TRADE pair=ROBO-USDT time=2026-08-18T17:04:03.767000+00:00 price=0.01314000 size=249.10000000
2026-08-18 17:05:18,425 | INFO | crypto_bot | TRADE pair=ROBO-USDT time=2026-08-18T17:05:18.368000+00:00 price=0.01315000 size=27418.20000000
2026-08-18 17:05:18,425 | INFO | crypto_bot | 1m CLOSED ts=2026-08-18T17:04:00+00:00 o=0.01314000 h=0.01314000 l=0.01314000 c=0.01314000 v=498.20000000
2026-08-18 17:05:18,425 | INFO | crypto_bot | ENTRY signal=HOLD reason=trend_filter_not_passed meta={'regime': 'range'}
2026-08-18 17:05:18,426 | INFO | crypto_bot | 5m CLOSED ts=2026-08-18T17:00:00+00:00 o=0.01313000 h=0.01315000 l=0.01311000 c=0.01314000 v=92598.90000000
2026-08-18 17:10:55,875 | INFO | crypto_bot | TRADE pair=ROBO-USDT time=2026-08-18T17:10:55.819000+00:00 price=0.01315000 size=21613.10000000
2026-08-18 17:10:55,875 | INFO | crypto_bot | 1m CLOSED ts=2026-08-18T17:05:00+00:00 o=0.01315000 h=0.01315000 l=0.01315000 c=0.01315000 v=27418.20000000
2026-08-18 17:10:55,876 | INFO | crypto_bot | ENTRY signal=HOLD reason=trend_filter_not_passed meta={'regime': 'range'}
2026-08-18 17:10:55,876 | INFO | crypto_bot | 5m CLOSED ts=2026-08-18T17:05:00+00:00 o=0.01315000 h=0.01315000 l=0.01315000 c=0.01315000 v=27418.20000000
2026-08-18 17:10:55,876 | INFO | crypto_bot | TRADE pair=ROBO-USDT time=2026-08-18T17:10:55.819000+00:00 price=0.01314000 size=41694.80000000
2026-08-18 17:10:55,876 | INFO | crypto_bot | TRADE pair=ROBO-USDT time=2026-08-18T17:10:55.819000+00:00 price=0.01313000 size=78252.40000000
2026-08-18 17:12:01,986 | INFO | crypto_bot | TRADE pair=ROBO-USDT time=2026-08-18T17:12:01.929000+00:00 price=0.01311000 size=713.60000000
2026-08-18 17:12:01,987 | INFO | crypto_bot | 1m CLOSED ts=2026-08-18T17:10:00+00:00 o=0.01315000 h=0.01315000 l=0.01313000 c=0.01313000 v=141560.30000000
2026-08-18 17:12:01,987 | INFO | crypto_bot | ENTRY signal=HOLD reason=trend_filter_not_passed meta={'regime': 'range'}
2026-08-18 17:14:51,638 | INFO | crypto_bot | TRADE pair=ROBO-USDT time=2026-08-18T17:14:51.580000+00:00 price=0.01313000 size=16332.80000000
2026-08-18 17:14:51,638 | INFO | crypto_bot | 1m CLOSED ts=2026-08-18T17:12:00+00:00 o=0.01311000 h=0.01311000 l=0.01311000 c=0.01311000 v=713.60000000
2026-08-18 17:14:51,638 | INFO | crypto_bot | ENTRY signal=HOLD reason=trend_filter_not_passed meta={'regime': 'range'}
2026-08-18 17:21:59,421 | INFO | crypto_bot | TRADE pair=ROBO-USDT time=2026-08-18T17:21:59.364000+00:00 price=0.01318000 size=3641.80000000
2026-08-18 17:21:59,421 | INFO | crypto_bot | 1m CLOSED ts=2026-08-18T17:14:00+00:00 o=0.01313000 h=0.01313000 l=0.01313000 c=0.01313000 v=16332.80000000
2026-08-18 17:21:59,421 | INFO | crypto_bot | ENTRY signal=HOLD reason=trend_filter_not_passed meta={'regime': 'range'}
2026-08-18 17:21:59,422 | INFO | crypto_bot | 5m CLOSED ts=2026-08-18T17:10:00+00:00 o=0.01315000 h=0.01315000 l=0.01311000 c=0.01313000 v=158606.70000000
2026-08-18 17:22:31,016 | INFO | crypto_bot | TRADE pair=ROBO-USDT time=2026-08-18T17:22:30.958000+00:00 price=0.01317000 size=20594.20000000
2026-08-18 17:22:31,016 | INFO | crypto_bot | 1m CLOSED ts=2026-08-18T17:21:00+00:00 o=0.01318000 h=0.01318000 l=0.01318000 c=0.01318000 v=3641.80000000
2026-08-18 17:22:31,017 | INFO | crypto_bot | ENTRY signal=HOLD reason=trend_filter_not_passed meta={'regime': 'range'}
2026-08-18 17:23:32,132 | INFO | crypto_bot | TRADE pair=ROBO-USDT time=2026-08-18T17:23:32.075000+00:00 price=0.01317000 size=13332.10000000
2026-08-18 17:23:32,132 | INFO | crypto_bot | 1m CLOSED ts=2026-08-18T17:22:00+00:00 o=0.01317000 h=0.01317000 l=0.01317000 c=0.01317000 v=20594.20000000
2026-08-18 17:23:32,132 | INFO | crypto_bot | ENTRY signal=HOLD reason=trend_filter_not_passed meta={'regime': 'range'}
2026-08-18 17:24:02,354 | INFO | crypto_bot | TRADE pair=ROBO-USDT time=2026-08-18T17:24:02.297000+00:00 price=0.01318000 size=14492.40000000
2026-08-18 17:24:02,354 | INFO | crypto_bot | 1m CLOSED ts=2026-08-18T17:23:00+00:00 o=0.01317000 h=0.01317000 l=0.01317000 c=0.01317000 v=13332.10000000
2026-08-18 17:24:02,354 | INFO | crypto_bot | ENTRY signal=HOLD reason=trend_filter_not_passed meta={'regime': 'range'}
2026-08-18 17:25:03,964 | INFO | crypto_bot | TRADE pair=ROBO-USDT time=2026-08-18T17:25:03.905000+00:00 price=0.01319000 size=130.40000000
2026-08-18 17:25:03,965 | INFO | crypto_bot | 1m CLOSED ts=2026-08-18T17:24:00+00:00 o=0.01318000 h=0.01318000 l=0.01318000 c=0.01318000 v=14492.40000000
2026-08-18 17:25:03,965 | INFO | crypto_bot | ENTRY signal=HOLD reason=trend_filter_not_passed meta={'regime': 'range'}
2026-08-18 17:25:03,965 | INFO | crypto_bot | 5m CLOSED ts=2026-08-18T17:20:00+00:00 o=0.01318000 h=0.01318000 l=0.01317000 c=0.01318000 v=52060.50000000
2026-08-18 17:25:03,965 | INFO | crypto_bot | TRADE pair=ROBO-USDT time=2026-08-18T17:25:03.906000+00:00 price=0.01319000 size=130.40000000
2026-08-18 17:26:24,470 | INFO | crypto_bot | TRADE pair=ROBO-USDT time=2026-08-18T17:26:24.412000+00:00 price=0.01317000 size=22884.30000000
2026-08-18 17:26:24,471 | INFO | crypto_bot | 1m CLOSED ts=2026-08-18T17:25:00+00:00 o=0.01319000 h=0.01319000 l=0.01319000 c=0.01319000 v=260.80000000
2026-08-18 17:26:24,471 | INFO | crypto_bot | ENTRY signal=HOLD reason=trend_filter_not_passed meta={'regime': 'range'}
2026-08-18 17:26:29,225 | INFO | crypto_bot | TRADE pair=ROBO-USDT time=2026-08-18T17:26:29.166000+00:00 price=0.01315000 size=1521.10000000
2026-08-18 17:26:29,225 | INFO | crypto_bot | TRADE pair=ROBO-USDT time=2026-08-18T17:26:29.168000+00:00 price=0.01314000 size=15907.80000000
2026-08-18 17:35:00,581 | INFO | crypto_bot | TRADE pair=ROBO-USDT time=2026-08-18T17:35:00.523000+00:00 price=0.01315000 size=1302.20000000
2026-08-18 17:35:00,581 | INFO | crypto_bot | 1m CLOSED ts=2026-08-18T17:26:00+00:00 o=0.01317000 h=0.01317000 l=0.01314000 c=0.01314000 v=40313.20000000
2026-08-18 17:35:00,581 | INFO | crypto_bot | ENTRY signal=HOLD reason=trend_filter_not_passed meta={'regime': 'range'}
2026-08-18 17:35:00,582 | INFO | crypto_bot | 5m CLOSED ts=2026-08-18T17:25:00+00:00 o=0.01319000 h=0.01319000 l=0.01314000 c=0.01314000 v=40574.00000000
2026-08-18 17:35:04,995 | INFO | crypto_bot | TRADE pair=ROBO-USDT time=2026-08-18T17:35:04.938000+00:00 price=0.01316000 size=1715.90000000
2026-08-18 17:36:06,912 | INFO | crypto_bot | TRADE pair=ROBO-USDT time=2026-08-18T17:36:06.854000+00:00 price=0.01317000 size=1215.00000000
2026-08-18 17:36:06,912 | INFO | crypto_bot | 1m CLOSED ts=2026-08-18T17:35:00+00:00 o=0.01315000 h=0.01316000 l=0.01315000 c=0.01316000 v=3018.10000000
2026-08-18 17:36:06,912 | INFO | crypto_bot | ENTRY signal=HOLD reason=trend_filter_not_passed meta={'regime': 'range'}
2026-08-18 17:37:24,162 | INFO | crypto_bot | TRADE pair=ROBO-USDT time=2026-08-18T17:37:24.104000+00:00 price=0.01317000 size=14217.20000000
2026-08-18 17:37:24,162 | INFO | crypto_bot | 1m CLOSED ts=2026-08-18T17:36:00+00:00 o=0.01317000 h=0.01317000 l=0.01317000 c=0.01317000 v=1215.00000000
2026-08-18 17:37:24,162 | INFO | crypto_bot | ENTRY signal=HOLD reason=trend_filter_not_passed meta={'regime': 'range'}
2026-08-18 17:41:01,553 | INFO | crypto_bot | TRADE pair=ROBO-USDT time=2026-08-18T17:41:01.496000+00:00 price=0.01314000 size=45442.10000000
2026-08-18 17:41:01,553 | INFO | crypto_bot | 1m CLOSED ts=2026-08-18T17:37:00+00:00 o=0.01317000 h=0.01317000 l=0.01317000 c=0.01317000 v=14217.20000000
2026-08-18 17:41:01,553 | INFO | crypto_bot | ENTRY signal=HOLD reason=trend_filter_not_passed meta={'regime': 'range'}
2026-08-18 17:41:01,554 | INFO | crypto_bot | 5m CLOSED ts=2026-08-18T17:35:00+00:00 o=0.01315000 h=0.01317000 l=0.01315000 c=0.01317000 v=18450.30000000
2026-08-18 17:41:42,244 | INFO | crypto_bot | TRADE pair=ROBO-USDT time=2026-08-18T17:41:42.188000+00:00 price=0.01313000 size=6312.70000000
2026-08-18 17:45:15,711 | INFO | crypto_bot | TRADE pair=ROBO-USDT time=2026-08-18T17:45:15.653000+00:00 price=0.01310000 size=7747.10000000
2026-08-18 17:45:15,711 | INFO | crypto_bot | 1m CLOSED ts=2026-08-18T17:41:00+00:00 o=0.01314000 h=0.01314000 l=0.01313000 c=0.01313000 v=51754.80000000
2026-08-18 17:45:15,711 | INFO | crypto_bot | ENTRY signal=HOLD reason=trend_filter_not_passed meta={'regime': 'range'}
2026-08-18 17:45:15,712 | INFO | crypto_bot | 5m CLOSED ts=2026-08-18T17:40:00+00:00 o=0.01314000 h=0.01314000 l=0.01313000 c=0.01313000 v=51754.80000000
2026-08-18 17:46:07,884 | INFO | crypto_bot | TRADE pair=ROBO-USDT time=2026-08-18T17:46:07.824000+00:00 price=0.01311000 size=2430.00000000
2026-08-18 17:46:07,884 | INFO | crypto_bot | 1m CLOSED ts=2026-08-18T17:45:00+00:00 o=0.01310000 h=0.01310000 l=0.01310000 c=0.01310000 v=7747.10000000
2026-08-18 17:46:07,884 | INFO | crypto_bot | ENTRY signal=HOLD reason=trend_filter_not_passed meta={'regime': 'range'}
2026-08-18 17:46:07,885 | INFO | crypto_bot | TRADE pair=ROBO-USDT time=2026-08-18T17:46:07.824000+00:00 price=0.01311000 size=13102.00000000
2026-08-18 17:48:16,744 | INFO | crypto_bot | TRADE pair=ROBO-USDT time=2026-08-18T17:48:16.688000+00:00 price=0.01310000 size=1301.10000000
2026-08-18 17:48:16,745 | INFO | crypto_bot | 1m CLOSED ts=2026-08-18T17:46:00+00:00 o=0.01311000 h=0.01311000 l=0.01311000 c=0.01311000 v=15532.00000000
2026-08-18 17:48:16,745 | INFO | crypto_bot | ENTRY signal=HOLD reason=trend_filter_not_passed meta={'regime': 'range'}
2026-08-18 17:55:03,398 | INFO | crypto_bot | TRADE pair=ROBO-USDT time=2026-08-18T17:55:03.341000+00:00 price=0.01309000 size=1525.10000000
2026-08-18 17:55:03,398 | INFO | crypto_bot | 1m CLOSED ts=2026-08-18T17:48:00+00:00 o=0.01310000 h=0.01310000 l=0.01310000 c=0.01310000 v=1301.10000000
2026-08-18 17:55:03,398 | INFO | crypto_bot | ENTRY signal=HOLD reason=trend_filter_not_passed meta={'regime': 'range'}
2026-08-18 17:55:03,399 | INFO | crypto_bot | 5m CLOSED ts=2026-08-18T17:45:00+00:00 o=0.01310000 h=0.01311000 l=0.01310000 c=0.01310000 v=24580.20000000
2026-08-18 17:55:03,400 | INFO | crypto_bot | TRADE pair=ROBO-USDT time=2026-08-18T17:55:03.342000+00:00 price=0.01309000 size=11822.00000000
2026-08-18 17:55:27,347 | INFO | crypto_bot | TRADE pair=ROBO-USDT time=2026-08-18T17:55:27.290000+00:00 price=0.01308000 size=13554.30000000
2026-08-18 17:55:27,356 | INFO | crypto_bot | TRADE pair=ROBO-USDT time=2026-08-18T17:55:27.300000+00:00 price=0.01308000 size=11102.40000000
2026-08-18 17:55:52,462 | INFO | crypto_bot | TRADE pair=ROBO-USDT time=2026-08-18T17:55:52.405000+00:00 price=0.01309000 size=14426.70000000
2026-08-18 17:56:48,817 | INFO | crypto_bot | TRADE pair=ROBO-USDT time=2026-08-18T17:56:48.761000+00:00 price=0.01309000 size=43070.20000000
2026-08-18 17:56:48,817 | INFO | crypto_bot | 1m CLOSED ts=2026-08-18T17:55:00+00:00 o=0.01309000 h=0.01309000 l=0.01308000 c=0.01309000 v=52430.50000000
2026-08-18 17:56:48,817 | INFO | crypto_bot | ENTRY signal=HOLD reason=trend_filter_not_passed meta={'regime': 'range'}
2026-08-18 17:56:52,355 | INFO | crypto_bot | TRADE pair=ROBO-USDT time=2026-08-18T17:56:52.299000+00:00 price=0.01307000 size=123.40000000
2026-08-18 17:59:20,137 | INFO | crypto_bot | TRADE pair=ROBO-USDT time=2026-08-18T17:59:20.076000+00:00 price=0.01307000 size=14839.30000000
2026-08-18 17:59:20,137 | INFO | crypto_bot | 1m CLOSED ts=2026-08-18T17:56:00+00:00 o=0.01309000 h=0.01309000 l=0.01307000 c=0.01307000 v=43193.60000000
2026-08-18 17:59:20,137 | INFO | crypto_bot | ENTRY signal=HOLD reason=trend_filter_not_passed meta={'regime': 'range'}
2026-08-18 17:59:20,138 | INFO | crypto_bot | TRADE pair=ROBO-USDT time=2026-08-18T17:59:20.076000+00:00 price=0.01306000 size=42225.60000000
2026-08-18 18:00:00,062 | INFO | crypto_bot | TRADE pair=ROBO-USDT time=2026-08-18T18:00:00.004000+00:00 price=0.01305000 size=2744.90000000
2026-08-18 18:00:00,062 | INFO | crypto_bot | 1m CLOSED ts=2026-08-18T17:59:00+00:00 o=0.01307000 h=0.01307000 l=0.01306000 c=0.01306000 v=57064.90000000
2026-08-18 18:00:00,062 | INFO | crypto_bot | ENTRY signal=HOLD reason=trend_filter_not_passed meta={'regime': 'range'}
2026-08-18 18:00:00,063 | INFO | crypto_bot | 5m CLOSED ts=2026-08-18T17:55:00+00:00 o=0.01309000 h=0.01309000 l=0.01306000 c=0.01306000 v=152689.00000000
2026-08-18 18:00:00,760 | INFO | crypto_bot | TRADE pair=ROBO-USDT time=2026-08-18T18:00:00.704000+00:00 price=0.01307000 size=15162.80000000
2026-08-18 18:00:05,257 | INFO | crypto_bot | TRADE pair=ROBO-USDT time=2026-08-18T18:00:05.200000+00:00 price=0.01306000 size=1540.80000000
2026-08-18 18:00:17,817 | INFO | crypto_bot | TRADE pair=ROBO-USDT time=2026-08-18T18:00:17.759000+00:00 price=0.01304000 size=38398.40000000
2026-08-18 18:00:17,825 | INFO | crypto_bot | TRADE pair=ROBO-USDT time=2026-08-18T18:00:17.767000+00:00 price=0.01305000 size=1215.00000000
2026-08-18 18:01:31,260 | INFO | crypto_bot | TRADE pair=ROBO-USDT time=2026-08-18T18:01:31.203000+00:00 price=0.01305000 size=43168.70000000
2026-08-18 18:01:31,261 | INFO | crypto_bot | 1m CLOSED ts=2026-08-18T18:00:00+00:00 o=0.01305000 h=0.01307000 l=0.01304000 c=0.01305000 v=59061.90000000
2026-08-18 18:01:31,261 | INFO | crypto_bot | ENTRY signal=HOLD reason=trend_filter_not_passed meta={'regime': 'range'}
2026-08-18 18:01:36,950 | INFO | crypto_bot | TRADE pair=ROBO-USDT time=2026-08-18T18:01:36.893000+00:00 price=0.01306000 size=14313.20000000
2026-08-18 18:01:36,950 | INFO | crypto_bot | TRADE pair=ROBO-USDT time=2026-08-18T18:01:36.893000+00:00 price=0.01307000 size=28732.10000000
2026-08-18 18:08:12,042 | INFO | crypto_bot | TRADE pair=ROBO-USDT time=2026-08-18T18:08:11.986000+00:00 price=0.01308000 size=596.90000000
2026-08-18 18:08:12,043 | INFO | crypto_bot | 1m CLOSED ts=2026-08-18T18:01:00+00:00 o=0.01305000 h=0.01307000 l=0.01305000 c=0.01307000 v=86214.00000000
2026-08-18 18:08:12,043 | INFO | crypto_bot | ENTRY signal=HOLD reason=trend_filter_not_passed meta={'regime': 'range'}
2026-08-18 18:08:12,044 | INFO | crypto_bot | 5m CLOSED ts=2026-08-18T18:00:00+00:00 o=0.01305000 h=0.01307000 l=0.01304000 c=0.01307000 v=145275.90000000
2026-08-18 18:09:17,737 | INFO | crypto_bot | TRADE pair=ROBO-USDT time=2026-08-18T18:09:17.681000+00:00 price=0.01308000 size=123.40000000
2026-08-18 18:09:17,737 | INFO | crypto_bot | 1m CLOSED ts=2026-08-18T18:08:00+00:00 o=0.01308000 h=0.01308000 l=0.01308000 c=0.01308000 v=596.90000000
2026-08-18 18:09:17,738 | INFO | crypto_bot | ENTRY signal=HOLD reason=trend_filter_not_passed meta={'regime': 'range'}
2026-08-18 18:09:17,738 | INFO | crypto_bot | TRADE pair=ROBO-USDT time=2026-08-18T18:09:17.681000+00:00 price=0.01308000 size=2280.00000000
2026-08-18 18:09:26,435 | INFO | crypto_bot | TRADE pair=ROBO-USDT time=2026-08-18T18:09:26.379000+00:00 price=0.01307000 size=81438.10000000
2026-08-18 18:09:26,435 | INFO | crypto_bot | TRADE pair=ROBO-USDT time=2026-08-18T18:09:26.380000+00:00 price=0.01307000 size=18063.10000000
2026-08-18 18:10:27,787 | INFO | crypto_bot | TRADE pair=ROBO-USDT time=2026-08-18T18:10:27.729000+00:00 price=0.01306000 size=2751.30000000
2026-08-18 18:10:27,787 | INFO | crypto_bot | 1m CLOSED ts=2026-08-18T18:09:00+00:00 o=0.01308000 h=0.01308000 l=0.01307000 c=0.01307000 v=101904.60000000
2026-08-18 18:10:27,787 | INFO | crypto_bot | ENTRY signal=HOLD reason=trend_filter_not_passed meta={'regime': 'range'}
2026-08-18 18:10:27,788 | INFO | crypto_bot | 5m CLOSED ts=2026-08-18T18:05:00+00:00 o=0.01308000 h=0.01308000 l=0.01307000 c=0.01307000 v=102501.50000000
2026-08-18 18:12:28,672 | INFO | crypto_bot | TRADE pair=ROBO-USDT time=2026-08-18T18:12:28.606000+00:00 price=0.01308000 size=7645.20000000
2026-08-18 18:12:28,673 | INFO | crypto_bot | 1m CLOSED ts=2026-08-18T18:10:00+00:00 o=0.01306000 h=0.01306000 l=0.01306000 c=0.01306000 v=2751.30000000
2026-08-18 18:12:28,673 | INFO | crypto_bot | ENTRY signal=HOLD reason=trend_filter_not_passed meta={'regime': 'range'}
2026-08-18 18:12:45,732 | INFO | crypto_bot | TRADE pair=ROBO-USDT time=2026-08-18T18:12:45.675000+00:00 price=0.01308000 size=15150.60000000
2026-08-18 18:14:05,058 | INFO | crypto_bot | TRADE pair=ROBO-USDT time=2026-08-18T18:14:04.999000+00:00 price=0.01309000 size=14327.10000000
2026-08-18 18:14:05,058 | INFO | crypto_bot | 1m CLOSED ts=2026-08-18T18:12:00+00:00 o=0.01308000 h=0.01308000 l=0.01308000 c=0.01308000 v=22795.80000000
2026-08-18 18:14:05,058 | INFO | crypto_bot | ENTRY signal=HOLD reason=trend_filter_not_passed meta={'regime': 'range'}
2026-08-18 18:16:01,195 | INFO | crypto_bot | TRADE pair=ROBO-USDT time=2026-08-18T18:16:01.139000+00:00 price=0.01309000 size=37940.40000000
2026-08-18 18:16:01,196 | INFO | crypto_bot | 1m CLOSED ts=2026-08-18T18:14:00+00:00 o=0.01309000 h=0.01309000 l=0.01309000 c=0.01309000 v=14327.10000000
2026-08-18 18:16:01,196 | INFO | crypto_bot | ENTRY signal=HOLD reason=trend_filter_not_passed meta={'regime': 'range'}
2026-08-18 18:16:01,196 | INFO | crypto_bot | 5m CLOSED ts=2026-08-18T18:10:00+00:00 o=0.01306000 h=0.01309000 l=0.01306000 c=0.01309000 v=39874.20000000
2026-08-18 18:16:10,123 | INFO | crypto_bot | TRADE pair=ROBO-USDT time=2026-08-18T18:16:10.067000+00:00 price=0.01310000 size=113.50000000
2026-08-18 18:16:10,123 | INFO | crypto_bot | TRADE pair=ROBO-USDT time=2026-08-18T18:16:10.067000+00:00 price=0.01311000 size=9238.10000000
2026-08-18 18:17:07,472 | INFO | crypto_bot | TRADE pair=ROBO-USDT time=2026-08-18T18:17:07.415000+00:00 price=0.01310000 size=60445.50000000
2026-08-18 18:17:07,472 | INFO | crypto_bot | 1m CLOSED ts=2026-08-18T18:16:00+00:00 o=0.01309000 h=0.01311000 l=0.01309000 c=0.01311000 v=47292.00000000
2026-08-18 18:17:07,472 | INFO | crypto_bot | ENTRY signal=HOLD reason=trend_filter_not_passed meta={'regime': 'range'}
2026-08-18 18:17:07,473 | INFO | crypto_bot | TRADE pair=ROBO-USDT time=2026-08-18T18:17:07.416000+00:00 price=0.01310000 size=92226.20000000
2026-08-18 18:18:01,538 | INFO | crypto_bot | TRADE pair=ROBO-USDT time=2026-08-18T18:18:01.477000+00:00 price=0.01309000 size=17060.60000000
2026-08-18 18:18:01,538 | INFO | crypto_bot | 1m CLOSED ts=2026-08-18T18:17:00+00:00 o=0.01310000 h=0.01310000 l=0.01310000 c=0.01310000 v=152671.70000000
2026-08-18 18:18:01,538 | INFO | crypto_bot | ENTRY signal=HOLD reason=trend_filter_not_passed meta={'regime': 'range'}
2026-08-18 18:18:31,943 | INFO | crypto_bot | TRADE pair=ROBO-USDT time=2026-08-18T18:18:31.887000+00:00 price=0.01310000 size=2101.50000000
2026-08-18 18:18:31,944 | INFO | crypto_bot | TRADE pair=ROBO-USDT time=2026-08-18T18:18:31.887000+00:00 price=0.01311000 size=37940.40000000
2026-08-18 18:18:31,944 | INFO | crypto_bot | TRADE pair=ROBO-USDT time=2026-08-18T18:18:31.887000+00:00 price=0.01312000 size=9508.10000000
2026-08-18 18:18:31,949 | INFO | crypto_bot | TRADE pair=ROBO-USDT time=2026-08-18T18:18:31.893000+00:00 price=0.01312000 size=41033.70000000
2026-08-18 18:25:15,324 | INFO | crypto_bot | TRADE pair=ROBO-USDT time=2026-08-18T18:25:15.267000+00:00 price=0.01314000 size=13222.40000000
2026-08-18 18:25:15,324 | INFO | crypto_bot | 1m CLOSED ts=2026-08-18T18:18:00+00:00 o=0.01309000 h=0.01312000 l=0.01309000 c=0.01312000 v=107644.30000000
2026-08-18 18:25:15,324 | INFO | crypto_bot | ENTRY signal=HOLD reason=trend_filter_not_passed meta={'regime': 'range'}
2026-08-18 18:25:15,325 | INFO | crypto_bot | 5m CLOSED ts=2026-08-18T18:15:00+00:00 o=0.01309000 h=0.01312000 l=0.01309000 c=0.01312000 v=307608.00000000
2026-08-18 18:25:18,095 | INFO | crypto_bot | TRADE pair=ROBO-USDT time=2026-08-18T18:25:18.039000+00:00 price=0.01313000 size=19934.30000000
2026-08-18 18:25:18,281 | INFO | crypto_bot | TRADE pair=ROBO-USDT time=2026-08-18T18:25:18.225000+00:00 price=0.01314000 size=36725.40000000
2026-08-18 18:25:25,817 | INFO | crypto_bot | TRADE pair=ROBO-USDT time=2026-08-18T18:25:25.761000+00:00 price=0.01314000 size=56088.00000000
2026-08-18 18:32:56,016 | INFO | crypto_bot | TRADE pair=ROBO-USDT time=2026-08-18T18:32:55.959000+00:00 price=0.01312000 size=8505.00000000
2026-08-18 18:32:56,016 | INFO | crypto_bot | 1m CLOSED ts=2026-08-18T18:25:00+00:00 o=0.01314000 h=0.01314000 l=0.01313000 c=0.01314000 v=125970.10000000
2026-08-18 18:32:56,016 | INFO | crypto_bot | ENTRY signal=HOLD reason=trend_filter_not_passed meta={'regime': 'range'}
2026-08-18 18:32:56,017 | INFO | crypto_bot | 5m CLOSED ts=2026-08-18T18:25:00+00:00 o=0.01314000 h=0.01314000 l=0.01313000 c=0.01314000 v=125970.10000000
2026-08-18 18:38:56,874 | INFO | crypto_bot | TRADE pair=ROBO-USDT time=2026-08-18T18:38:56.818000+00:00 price=0.01315000 size=8768.70000000
2026-08-18 18:38:56,875 | INFO | crypto_bot | 1m CLOSED ts=2026-08-18T18:32:00+00:00 o=0.01312000 h=0.01312000 l=0.01312000 c=0.01312000 v=8505.00000000
2026-08-18 18:38:56,875 | INFO | crypto_bot | ENTRY signal=HOLD reason=trend_filter_not_passed meta={'regime': 'range'}
2026-08-18 18:38:56,875 | INFO | crypto_bot | 5m CLOSED ts=2026-08-18T18:30:00+00:00 o=0.01312000 h=0.01312000 l=0.01312000 c=0.01312000 v=8505.00000000
2026-08-18 18:40:34,073 | INFO | crypto_bot | TRADE pair=ROBO-USDT time=2026-08-18T18:40:34.016000+00:00 price=0.01316000 size=13115.00000000
2026-08-18 18:40:34,073 | INFO | crypto_bot | 1m CLOSED ts=2026-08-18T18:38:00+00:00 o=0.01315000 h=0.01315000 l=0.01315000 c=0.01315000 v=8768.70000000
2026-08-18 18:40:34,073 | INFO | crypto_bot | ENTRY signal=HOLD reason=trend_filter_not_passed meta={'regime': 'range'}
2026-08-18 18:40:34,073 | INFO | crypto_bot | 5m CLOSED ts=2026-08-18T18:35:00+00:00 o=0.01315000 h=0.01315000 l=0.01315000 c=0.01315000 v=8768.70000000
2026-08-18 18:40:34,074 | INFO | crypto_bot | TRADE pair=ROBO-USDT time=2026-08-18T18:40:34.016000+00:00 price=0.01316000 size=6942.90000000
2026-08-18 18:44:56,340 | INFO | crypto_bot | TRADE pair=ROBO-USDT time=2026-08-18T18:44:56.284000+00:00 price=0.01317000 size=5336.20000000
2026-08-18 18:44:56,341 | INFO | crypto_bot | 1m CLOSED ts=2026-08-18T18:40:00+00:00 o=0.01316000 h=0.01316000 l=0.01316000 c=0.01316000 v=20057.90000000
2026-08-18 18:44:56,341 | INFO | crypto_bot | ENTRY signal=HOLD reason=trend_filter_not_passed meta={'regime': 'range'}
2026-08-18 18:48:00,798 | INFO | crypto_bot | TRADE pair=ROBO-USDT time=2026-08-18T18:48:00.742000+00:00 price=0.01318000 size=1169.80000000
2026-08-18 18:48:00,799 | INFO | crypto_bot | 1m CLOSED ts=2026-08-18T18:44:00+00:00 o=0.01317000 h=0.01317000 l=0.01317000 c=0.01317000 v=5336.20000000
2026-08-18 18:48:00,799 | INFO | crypto_bot | ENTRY signal=HOLD reason=trend_filter_not_passed meta={'regime': 'range'}
2026-08-18 18:48:00,799 | INFO | crypto_bot | 5m CLOSED ts=2026-08-18T18:40:00+00:00 o=0.01316000 h=0.01317000 l=0.01316000 c=0.01317000 v=25394.10000000
2026-08-18 18:48:00,805 | INFO | crypto_bot | TRADE pair=ROBO-USDT time=2026-08-18T18:48:00.748000+00:00 price=0.01317000 size=1170.40000000
2026-08-18 18:50:11,133 | INFO | crypto_bot | TRADE pair=ROBO-USDT time=2026-08-18T18:50:11.077000+00:00 price=0.01315000 size=1215.00000000
2026-08-18 18:50:11,134 | INFO | crypto_bot | 1m CLOSED ts=2026-08-18T18:48:00+00:00 o=0.01318000 h=0.01318000 l=0.01317000 c=0.01317000 v=2340.20000000
2026-08-18 18:50:11,134 | INFO | crypto_bot | ENTRY signal=HOLD reason=trend_filter_not_passed meta={'regime': 'range'}
2026-08-18 18:50:11,134 | INFO | crypto_bot | 5m CLOSED ts=2026-08-18T18:45:00+00:00 o=0.01318000 h=0.01318000 l=0.01317000 c=0.01317000 v=2340.20000000
2026-08-18 18:50:11,134 | INFO | crypto_bot | TRADE pair=ROBO-USDT time=2026-08-18T18:50:11.077000+00:00 price=0.01315000 size=6799.50000000
2026-08-18 18:51:33,183 | INFO | crypto_bot | TRADE pair=ROBO-USDT time=2026-08-18T18:51:33.127000+00:00 price=0.01312000 size=22171.80000000
2026-08-18 18:51:33,184 | INFO | crypto_bot | 1m CLOSED ts=2026-08-18T18:50:00+00:00 o=0.01315000 h=0.01315000 l=0.01315000 c=0.01315000 v=8014.50000000
2026-08-18 18:51:33,184 | INFO | crypto_bot | ENTRY signal=HOLD reason=trend_filter_not_passed meta={'regime': 'range'}
2026-08-18 18:59:30,001 | INFO | crypto_bot | TRADE pair=ROBO-USDT time=2026-08-18T18:59:29.937000+00:00 price=0.01310000 size=5599.60000000
2026-08-18 18:59:30,001 | INFO | crypto_bot | 1m CLOSED ts=2026-08-18T18:51:00+00:00 o=0.01312000 h=0.01312000 l=0.01312000 c=0.01312000 v=22171.80000000
2026-08-18 18:59:30,001 | INFO | crypto_bot | ENTRY signal=HOLD reason=trend_filter_not_passed meta={'regime': 'range'}
2026-08-18 18:59:30,002 | INFO | crypto_bot | 5m CLOSED ts=2026-08-18T18:50:00+00:00 o=0.01315000 h=0.01315000 l=0.01312000 c=0.01312000 v=30186.30000000
2026-08-18 19:02:58,382 | INFO | crypto_bot | TRADE pair=ROBO-USDT time=2026-08-18T19:02:58.326000+00:00 price=0.01313000 size=19583.60000000
2026-08-18 19:02:58,382 | INFO | crypto_bot | 1m CLOSED ts=2026-08-18T18:59:00+00:00 o=0.01310000 h=0.01310000 l=0.01310000 c=0.01310000 v=5599.60000000
2026-08-18 19:02:58,383 | INFO | crypto_bot | ENTRY signal=HOLD reason=trend_filter_not_passed meta={'regime': 'range'}
2026-08-18 19:02:58,383 | INFO | crypto_bot | 5m CLOSED ts=2026-08-18T18:55:00+00:00 o=0.01310000 h=0.01310000 l=0.01310000 c=0.01310000 v=5599.60000000
2026-08-18 19:10:20,408 | INFO | crypto_bot | TRADE pair=ROBO-USDT time=2026-08-18T19:10:20.351000+00:00 price=0.01310000 size=36725.40000000
2026-08-18 19:10:20,408 | INFO | crypto_bot | 1m CLOSED ts=2026-08-18T19:02:00+00:00 o=0.01313000 h=0.01313000 l=0.01313000 c=0.01313000 v=19583.60000000
2026-08-18 19:10:20,408 | INFO | crypto_bot | ENTRY signal=HOLD reason=trend_filter_not_passed meta={'regime': 'range'}
2026-08-18 19:10:20,409 | INFO | crypto_bot | 5m CLOSED ts=2026-08-18T19:00:00+00:00 o=0.01313000 h=0.01313000 l=0.01313000 c=0.01313000 v=19583.60000000
2026-08-18 19:11:22,167 | INFO | crypto_bot | TRADE pair=ROBO-USDT time=2026-08-18T19:11:22.110000+00:00 price=0.01310000 size=991.50000000
2026-08-18 19:11:22,167 | INFO | crypto_bot | 1m CLOSED ts=2026-08-18T19:10:00+00:00 o=0.01310000 h=0.01310000 l=0.01310000 c=0.01310000 v=36725.40000000
2026-08-18 19:11:22,167 | INFO | crypto_bot | ENTRY signal=HOLD reason=trend_filter_not_passed meta={'regime': 'range'}
2026-08-18 19:11:58,866 | INFO | crypto_bot | TRADE pair=ROBO-USDT time=2026-08-18T19:11:58.801000+00:00 price=0.01308000 size=47573.30000000
2026-08-18 19:11:58,866 | INFO | crypto_bot | TRADE pair=ROBO-USDT time=2026-08-18T19:11:58.801000+00:00 price=0.01307000 size=15426.70000000
2026-08-18 19:12:15,600 | INFO | crypto_bot | TRADE pair=ROBO-USDT time=2026-08-18T19:12:15.543000+00:00 price=0.01308000 size=576.00000000
2026-08-18 19:12:15,600 | INFO | crypto_bot | 1m CLOSED ts=2026-08-18T19:11:00+00:00 o=0.01310000 h=0.01310000 l=0.01307000 c=0.01307000 v=63991.50000000
2026-08-18 19:12:15,600 | INFO | crypto_bot | ENTRY signal=HOLD reason=trend_filter_not_passed meta={'regime': 'range'}
2026-08-18 19:12:15,601 | INFO | crypto_bot | TRADE pair=ROBO-USDT time=2026-08-18T19:12:15.543000+00:00 price=0.01307000 size=36316.40000000
2026-08-18 19:12:15,601 | INFO | crypto_bot | TRADE pair=ROBO-USDT time=2026-08-18T19:12:15.543000+00:00 price=0.01306000 size=5252.80000000
2026-08-18 19:13:45,269 | INFO | crypto_bot | TRADE pair=ROBO-USDT time=2026-08-18T19:13:45.213000+00:00 price=0.01308000 size=4080.20000000
2026-08-18 19:13:45,269 | INFO | crypto_bot | 1m CLOSED ts=2026-08-18T19:12:00+00:00 o=0.01308000 h=0.01308000 l=0.01306000 c=0.01306000 v=42145.20000000
2026-08-18 19:13:45,269 | INFO | crypto_bot | ENTRY signal=HOLD reason=trend_filter_not_passed meta={'regime': 'range'}
2026-08-18 19:14:03,864 | INFO | crypto_bot | TRADE pair=ROBO-USDT time=2026-08-18T19:14:03.802000+00:00 price=0.01308000 size=14603.50000000
2026-08-18 19:14:03,864 | INFO | crypto_bot | 1m CLOSED ts=2026-08-18T19:13:00+00:00 o=0.01308000 h=0.01308000 l=0.01308000 c=0.01308000 v=4080.20000000
2026-08-18 19:14:03,864 | INFO | crypto_bot | ENTRY signal=HOLD reason=trend_filter_not_passed meta={'regime': 'range'}
2026-08-18 19:16:35,808 | INFO | crypto_bot | TRADE pair=ROBO-USDT time=2026-08-18T19:16:35.752000+00:00 price=0.01306000 size=200.00000000
2026-08-18 19:16:35,808 | INFO | crypto_bot | 1m CLOSED ts=2026-08-18T19:14:00+00:00 o=0.01308000 h=0.01308000 l=0.01308000 c=0.01308000 v=14603.50000000
2026-08-18 19:16:35,808 | INFO | crypto_bot | ENTRY signal=HOLD reason=trend_filter_not_passed meta={'regime': 'range'}
2026-08-18 19:16:35,809 | INFO | crypto_bot | 5m CLOSED ts=2026-08-18T19:10:00+00:00 o=0.01310000 h=0.01310000 l=0.01306000 c=0.01308000 v=161545.80000000
2026-08-18 19:16:36,135 | INFO | crypto_bot | TRADE pair=ROBO-USDT time=2026-08-18T19:16:36.079000+00:00 price=0.01306000 size=200.00000000
2026-08-18 19:16:36,146 | INFO | crypto_bot | TRADE pair=ROBO-USDT time=2026-08-18T19:16:36.090000+00:00 price=0.01306000 size=3680.20000000
2026-08-18 19:16:41,232 | INFO | crypto_bot | TRADE pair=ROBO-USDT time=2026-08-18T19:16:41.175000+00:00 price=0.01306000 size=200.00000000
2026-08-18 19:16:42,475 | INFO | crypto_bot | TRADE pair=ROBO-USDT time=2026-08-18T19:16:42.419000+00:00 price=0.01306000 size=200.00000000
2026-08-18 19:16:43,415 | INFO | crypto_bot | TRADE pair=ROBO-USDT time=2026-08-18T19:16:43.359000+00:00 price=0.01306000 size=100.00000000
2026-08-18 19:16:43,785 | INFO | crypto_bot | TRADE pair=ROBO-USDT time=2026-08-18T19:16:43.729000+00:00 price=0.01306000 size=100.00000000
2026-08-18 19:16:43,995 | INFO | crypto_bot | TRADE pair=ROBO-USDT time=2026-08-18T19:16:43.939000+00:00 price=0.01306000 size=100.00000000
2026-08-18 19:16:44,374 | INFO | crypto_bot | TRADE pair=ROBO-USDT time=2026-08-18T19:16:44.318000+00:00 price=0.01306000 size=100.00000000
2026-08-18 19:16:44,705 | INFO | crypto_bot | TRADE pair=ROBO-USDT time=2026-08-18T19:16:44.649000+00:00 price=0.01306000 size=100.00000000
2026-08-18 19:16:45,485 | INFO | crypto_bot | TRADE pair=ROBO-USDT time=2026-08-18T19:16:45.429000+00:00 price=0.01306000 size=100.00000000
2026-08-18 19:16:46,968 | INFO | crypto_bot | TRADE pair=ROBO-USDT time=2026-08-18T19:16:46.912000+00:00 price=0.01307000 size=300.00000000
2026-08-18 19:16:47,171 | INFO | crypto_bot | TRADE pair=ROBO-USDT time=2026-08-18T19:16:47.112000+00:00 price=0.01306000 size=400.00000000
2026-08-18 19:16:47,483 | INFO | crypto_bot | TRADE pair=ROBO-USDT time=2026-08-18T19:16:47.427000+00:00 price=0.01306000 size=300.00000000
2026-08-18 19:16:51,848 | INFO | crypto_bot | TRADE pair=ROBO-USDT time=2026-08-18T19:16:51.791000+00:00 price=0.01306000 size=400.00000000
2026-08-18 19:16:54,968 | INFO | crypto_bot | TRADE pair=ROBO-USDT time=2026-08-18T19:16:54.912000+00:00 price=0.01306000 size=300.00000000
2026-08-18 19:16:57,695 | INFO | crypto_bot | TRADE pair=ROBO-USDT time=2026-08-18T19:16:57.638000+00:00 price=0.01306000 size=300.00000000
2026-08-18 19:17:01,276 | INFO | crypto_bot | TRADE pair=ROBO-USDT time=2026-08-18T19:17:01.220000+00:00 price=0.01306000 size=300.00000000
2026-08-18 19:17:01,276 | INFO | crypto_bot | 1m CLOSED ts=2026-08-18T19:16:00+00:00 o=0.01306000 h=0.01307000 l=0.01306000 c=0.01306000 v=7080.20000000
2026-08-18 19:17:01,277 | INFO | crypto_bot | ENTRY signal=HOLD reason=trend_filter_not_passed meta={'regime': 'range'}
2026-08-18 19:17:01,637 | INFO | crypto_bot | TRADE pair=ROBO-USDT time=2026-08-18T19:17:01.579000+00:00 price=0.01306000 size=200.00000000
2026-08-18 19:18:09,243 | INFO | crypto_bot | TRADE pair=ROBO-USDT time=2026-08-18T19:18:09.187000+00:00 price=0.01305000 size=1364.30000000
2026-08-18 19:18:09,243 | INFO | crypto_bot | 1m CLOSED ts=2026-08-18T19:17:00+00:00 o=0.01306000 h=0.01306000 l=0.01306000 c=0.01306000 v=500.00000000
2026-08-18 19:18:09,243 | INFO | crypto_bot | ENTRY signal=HOLD reason=trend_filter_not_passed meta={'regime': 'range'}
2026-08-18 19:18:14,233 | INFO | crypto_bot | TRADE pair=ROBO-USDT time=2026-08-18T19:18:14.177000+00:00 price=0.01305000 size=4080.20000000
2026-08-18 19:19:35,042 | INFO | crypto_bot | TRADE pair=ROBO-USDT time=2026-08-18T19:19:34.986000+00:00 price=0.01305000 size=842.90000000
2026-08-18 19:19:35,042 | INFO | crypto_bot | 1m CLOSED ts=2026-08-18T19:18:00+00:00 o=0.01305000 h=0.01305000 l=0.01305000 c=0.01305000 v=5444.50000000
2026-08-18 19:19:35,043 | INFO | crypto_bot | ENTRY signal=HOLD reason=trend_filter_not_passed meta={'regime': 'range'}
2026-08-18 19:19:35,464 | INFO | crypto_bot | TRADE pair=ROBO-USDT time=2026-08-18T19:19:35.405000+00:00 price=0.01305000 size=6084.30000000
2026-08-18 19:20:27,326 | INFO | crypto_bot | TRADE pair=ROBO-USDT time=2026-08-18T19:20:27.269000+00:00 price=0.01304000 size=113.60000000
2026-08-18 19:20:27,326 | INFO | crypto_bot | 1m CLOSED ts=2026-08-18T19:19:00+00:00 o=0.01305000 h=0.01305000 l=0.01305000 c=0.01305000 v=6927.20000000
2026-08-18 19:20:27,326 | INFO | crypto_bot | ENTRY signal=HOLD reason=trend_filter_not_passed meta={'regime': 'range'}
2026-08-18 19:20:27,327 | INFO | crypto_bot | 5m CLOSED ts=2026-08-18T19:15:00+00:00 o=0.01306000 h=0.01307000 l=0.01305000 c=0.01305000 v=19951.90000000
2026-08-18 19:20:27,328 | INFO | crypto_bot | TRADE pair=ROBO-USDT time=2026-08-18T19:20:27.272000+00:00 price=0.01304000 size=147.00000000
2026-08-18 19:20:32,827 | INFO | crypto_bot | TRADE pair=ROBO-USDT time=2026-08-18T19:20:32.770000+00:00 price=0.01303000 size=7930.90000000
2026-08-18 19:25:52,113 | INFO | crypto_bot | TRADE pair=ROBO-USDT time=2026-08-18T19:25:52.057000+00:00 price=0.01305000 size=7751.10000000
2026-08-18 19:25:52,113 | INFO | crypto_bot | 1m CLOSED ts=2026-08-18T19:20:00+00:00 o=0.01304000 h=0.01304000 l=0.01303000 c=0.01303000 v=8191.50000000
2026-08-18 19:25:52,114 | INFO | crypto_bot | ENTRY signal=HOLD reason=trend_filter_not_passed meta={'regime': 'range'}
2026-08-18 19:25:52,114 | INFO | crypto_bot | 5m CLOSED ts=2026-08-18T19:20:00+00:00 o=0.01304000 h=0.01304000 l=0.01303000 c=0.01303000 v=8191.50000000
2026-08-18 19:31:24,324 | INFO | crypto_bot | TRADE pair=ROBO-USDT time=2026-08-18T19:31:24.267000+00:00 price=0.01305000 size=4048.50000000
2026-08-18 19:31:24,324 | INFO | crypto_bot | 1m CLOSED ts=2026-08-18T19:25:00+00:00 o=0.01305000 h=0.01305000 l=0.01305000 c=0.01305000 v=7751.10000000
2026-08-18 19:31:24,324 | INFO | crypto_bot | ENTRY signal=HOLD reason=trend_filter_not_passed meta={'regime': 'range'}
2026-08-18 19:31:24,325 | INFO | crypto_bot | 5m CLOSED ts=2026-08-18T19:25:00+00:00 o=0.01305000 h=0.01305000 l=0.01305000 c=0.01305000 v=7751.10000000
2026-08-18 19:32:19,287 | INFO | crypto_bot | TRADE pair=ROBO-USDT time=2026-08-18T19:32:19.230000+00:00 price=0.01305000 size=1215.00000000
2026-08-18 19:32:19,287 | INFO | crypto_bot | 1m CLOSED ts=2026-08-18T19:31:00+00:00 o=0.01305000 h=0.01305000 l=0.01305000 c=0.01305000 v=4048.50000000
2026-08-18 19:32:19,287 | INFO | crypto_bot | ENTRY signal=HOLD reason=trend_filter_not_passed meta={'regime': 'range'}
2026-08-18 19:35:15,190 | INFO | crypto_bot | TRADE pair=ROBO-USDT time=2026-08-18T19:35:15.133000+00:00 price=0.01302000 size=296.70000000
2026-08-18 19:35:15,191 | INFO | crypto_bot | 1m CLOSED ts=2026-08-18T19:32:00+00:00 o=0.01305000 h=0.01305000 l=0.01305000 c=0.01305000 v=1215.00000000
2026-08-18 19:35:15,191 | INFO | crypto_bot | ENTRY signal=HOLD reason=trend_filter_not_passed meta={'regime': 'range'}
2026-08-18 19:35:15,191 | INFO | crypto_bot | 5m CLOSED ts=2026-08-18T19:30:00+00:00 o=0.01305000 h=0.01305000 l=0.01305000 c=0.01305000 v=5263.50000000
2026-08-18 19:35:15,208 | INFO | crypto_bot | TRADE pair=ROBO-USDT time=2026-08-18T19:35:15.151000+00:00 price=0.01302000 size=6912.40000000
2026-08-18 19:35:15,208 | INFO | crypto_bot | TRADE pair=ROBO-USDT time=2026-08-18T19:35:15.151000+00:00 price=0.01302000 size=6912.40000000
2026-08-18 19:35:15,210 | INFO | crypto_bot | TRADE pair=ROBO-USDT time=2026-08-18T19:35:15.154000+00:00 price=0.01302000 size=4360.90000000
2026-08-18 19:35:15,210 | INFO | crypto_bot | TRADE pair=ROBO-USDT time=2026-08-18T19:35:15.154000+00:00 price=0.01302000 size=18184.30000000
2026-08-18 19:35:15,243 | INFO | crypto_bot | TRADE pair=ROBO-USDT time=2026-08-18T19:35:15.185000+00:00 price=0.01300000 size=14564.40000000
2026-08-18 19:35:15,243 | INFO | crypto_bot | TRADE pair=ROBO-USDT time=2026-08-18T19:35:15.185000+00:00 price=0.01299000 size=582.20000000
2026-08-18 19:35:15,245 | INFO | crypto_bot | TRADE pair=ROBO-USDT time=2026-08-18T19:35:15.189000+00:00 price=0.01300000 size=2784.40000000
2026-08-18 19:35:15,246 | INFO | crypto_bot | TRADE pair=ROBO-USDT time=2026-08-18T19:35:15.189000+00:00 price=0.01298000 size=2756.70000000
2026-08-18 19:35:15,248 | INFO | crypto_bot | TRADE pair=ROBO-USDT time=2026-08-18T19:35:15.192000+00:00 price=0.01299000 size=2782.90000000
2026-08-18 19:35:15,250 | INFO | crypto_bot | TRADE pair=ROBO-USDT time=2026-08-18T19:35:15.194000+00:00 price=0.01299000 size=531.80000000
2026-08-18 19:35:15,478 | INFO | crypto_bot | TRADE pair=ROBO-USDT time=2026-08-18T19:35:15.421000+00:00 price=0.01297000 size=274.10000000
2026-08-18 19:35:37,408 | INFO | crypto_bot | TRADE pair=ROBO-USDT time=2026-08-18T19:35:37.351000+00:00 price=0.01300000 size=1215.00000000
2026-08-18 19:35:37,408 | INFO | crypto_bot | TRADE pair=ROBO-USDT time=2026-08-18T19:35:37.351000+00:00 price=0.01301000 size=47909.60000000
2026-08-18 19:36:06,398 | INFO | crypto_bot | TRADE pair=ROBO-USDT time=2026-08-18T19:36:06.342000+00:00 price=0.01300000 size=1363.20000000
2026-08-18 19:36:06,398 | INFO | crypto_bot | 1m CLOSED ts=2026-08-18T19:35:00+00:00 o=0.01302000 h=0.01302000 l=0.01297000 c=0.01301000 v=110067.80000000
2026-08-18 19:36:06,398 | INFO | crypto_bot | ENTRY signal=HOLD reason=trend_filter_not_passed meta={'regime': 'range'}
2026-08-18 19:36:48,054 | INFO | crypto_bot | TRADE pair=ROBO-USDT time=2026-08-18T19:36:47.998000+00:00 price=0.01298000 size=42546.90000000
2026-08-18 19:36:48,055 | INFO | crypto_bot | TRADE pair=ROBO-USDT time=2026-08-18T19:36:47.998000+00:00 price=0.01297000 size=31817.60000000
2026-08-18 19:37:15,402 | INFO | crypto_bot | TRADE pair=ROBO-USDT time=2026-08-18T19:37:15.346000+00:00 price=0.01299000 size=681.60000000
2026-08-18 19:37:15,402 | INFO | crypto_bot | 1m CLOSED ts=2026-08-18T19:36:00+00:00 o=0.01300000 h=0.01300000 l=0.01297000 c=0.01297000 v=75727.70000000
2026-08-18 19:37:15,402 | INFO | crypto_bot | ENTRY signal=HOLD reason=trend_filter_not_passed meta={'regime': 'range'}
2026-08-18 19:44:10,541 | INFO | crypto_bot | TRADE pair=ROBO-USDT time=2026-08-18T19:44:10.484000+00:00 price=0.01297000 size=6311.70000000
2026-08-18 19:44:10,541 | INFO | crypto_bot | 1m CLOSED ts=2026-08-18T19:37:00+00:00 o=0.01299000 h=0.01299000 l=0.01299000 c=0.01299000 v=681.60000000
2026-08-18 19:44:10,542 | INFO | crypto_bot | ENTRY signal=HOLD reason=trend_filter_not_passed meta={'regime': 'range'}
2026-08-18 19:44:10,542 | INFO | crypto_bot | 5m CLOSED ts=2026-08-18T19:35:00+00:00 o=0.01302000 h=0.01302000 l=0.01297000 c=0.01299000 v=186477.10000000
2026-08-18 19:44:10,542 | INFO | crypto_bot | TRADE pair=ROBO-USDT time=2026-08-18T19:44:10.484000+00:00 price=0.01297000 size=65483.60000000
2026-08-18 19:44:10,543 | INFO | crypto_bot | TRADE pair=ROBO-USDT time=2026-08-18T19:44:10.486000+00:00 price=0.01296000 size=1543.30000000
2026-08-18 19:44:12,681 | INFO | crypto_bot | TRADE pair=ROBO-USDT time=2026-08-18T19:44:12.624000+00:00 price=0.01296000 size=1543.30000000
2026-08-18 19:44:12,689 | INFO | crypto_bot | TRADE pair=ROBO-USDT time=2026-08-18T19:44:12.633000+00:00 price=0.01295000 size=1331.20000000
2026-08-18 19:44:15,137 | INFO | crypto_bot | TRADE pair=ROBO-USDT time=2026-08-18T19:44:15.080000+00:00 price=0.01299000 size=13494.10000000
2026-08-18 19:44:15,138 | INFO | crypto_bot | TRADE pair=ROBO-USDT time=2026-08-18T19:44:15.081000+00:00 price=0.01300000 size=41331.90000000
2026-08-18 19:44:26,593 | INFO | crypto_bot | TRADE pair=ROBO-USDT time=2026-08-18T19:44:26.536000+00:00 price=0.01300000 size=27073.80000000
2026-08-18 19:45:18,195 | INFO | crypto_bot | TRADE pair=ROBO-USDT time=2026-08-18T19:45:18.139000+00:00 price=0.01301000 size=1422.90000000
2026-08-18 19:45:18,196 | INFO | crypto_bot | 1m CLOSED ts=2026-08-18T19:44:00+00:00 o=0.01297000 h=0.01300000 l=0.01295000 c=0.01300000 v=158112.90000000
2026-08-18 19:45:18,196 | INFO | crypto_bot | ENTRY signal=HOLD reason=trend_filter_not_passed meta={'regime': 'range'}
2026-08-18 19:45:18,196 | INFO | crypto_bot | 5m CLOSED ts=2026-08-18T19:40:00+00:00 o=0.01297000 h=0.01300000 l=0.01295000 c=0.01300000 v=158112.90000000
2026-08-18 19:46:34,205 | INFO | crypto_bot | TRADE pair=ROBO-USDT time=2026-08-18T19:46:34.148000+00:00 price=0.01304000 size=113.50000000
2026-08-18 19:46:34,205 | INFO | crypto_bot | 1m CLOSED ts=2026-08-18T19:45:00+00:00 o=0.01301000 h=0.01301000 l=0.01301000 c=0.01301000 v=1422.90000000
2026-08-18 19:46:34,206 | INFO | crypto_bot | ENTRY signal=HOLD reason=trend_filter_not_passed meta={'regime': 'range'}
2026-08-18 19:46:44,615 | INFO | crypto_bot | TRADE pair=ROBO-USDT time=2026-08-18T19:46:44.559000+00:00 price=0.01305000 size=58809.30000000
2026-08-18 19:46:44,616 | INFO | crypto_bot | TRADE pair=ROBO-USDT time=2026-08-18T19:46:44.560000+00:00 price=0.01304000 size=31391.80000000
2026-08-18 19:46:44,618 | INFO | crypto_bot | TRADE pair=ROBO-USDT time=2026-08-18T19:46:44.561000+00:00 price=0.01304000 size=20061.80000000
2026-08-18 19:46:44,619 | INFO | crypto_bot | TRADE pair=ROBO-USDT time=2026-08-18T19:46:44.563000+00:00 price=0.01303000 size=38314.10000000
2026-08-18 19:46:44,621 | INFO | crypto_bot | TRADE pair=ROBO-USDT time=2026-08-18T19:46:44.565000+00:00 price=0.01303000 size=4461.00000000
2026-08-18 19:46:44,623 | INFO | crypto_bot | TRADE pair=ROBO-USDT time=2026-08-18T19:46:44.566000+00:00 price=0.01303000 size=36870.90000000
2026-08-18 19:46:44,629 | INFO | crypto_bot | TRADE pair=ROBO-USDT time=2026-08-18T19:46:44.572000+00:00 price=0.01304000 size=4460.30000000
2026-08-18 19:46:56,929 | INFO | crypto_bot | TRADE pair=ROBO-USDT time=2026-08-18T19:46:56.872000+00:00 price=0.01304000 size=1606.60000000
2026-08-18 20:00:14,748 | INFO | crypto_bot | TRADE pair=ROBO-USDT time=2026-08-18T20:00:14.690000+00:00 price=0.01301000 size=10169.30000000
2026-08-18 20:00:14,748 | INFO | crypto_bot | 1m CLOSED ts=2026-08-18T19:46:00+00:00 o=0.01304000 h=0.01305000 l=0.01303000 c=0.01304000 v=196089.30000000
2026-08-18 20:00:14,748 | INFO | crypto_bot | ENTRY signal=HOLD reason=trend_filter_not_passed meta={'regime': 'range'}
2026-08-18 20:00:14,749 | INFO | crypto_bot | 5m CLOSED ts=2026-08-18T19:45:00+00:00 o=0.01301000 h=0.01305000 l=0.01301000 c=0.01304000 v=197512.20000000
2026-08-18 20:00:20,249 | INFO | crypto_bot | TRADE pair=ROBO-USDT time=2026-08-18T20:00:20.190000+00:00 price=0.01300000 size=23903.80000000
2026-08-18 20:00:25,447 | INFO | crypto_bot | TRADE pair=ROBO-USDT time=2026-08-18T20:00:25.390000+00:00 price=0.01297000 size=113.60000000
2026-08-18 20:01:02,172 | INFO | crypto_bot | TRADE pair=ROBO-USDT time=2026-08-18T20:01:02.103000+00:00 price=0.01300000 size=13484.90000000
2026-08-18 20:01:02,172 | INFO | crypto_bot | 1m CLOSED ts=2026-08-18T20:00:00+00:00 o=0.01301000 h=0.01301000 l=0.01297000 c=0.01297000 v=34186.70000000
2026-08-18 20:01:02,172 | INFO | crypto_bot | ENTRY signal=HOLD reason=trend_filter_not_passed meta={'regime': 'range'}
2026-08-18 20:01:11,069 | INFO | crypto_bot | TRADE pair=ROBO-USDT time=2026-08-18T20:01:11.007000+00:00 price=0.01300000 size=681.80000000
2026-08-18 20:03:05,675 | INFO | crypto_bot | TRADE pair=ROBO-USDT time=2026-08-18T20:03:05.618000+00:00 price=0.01300000 size=41331.90000000
2026-08-18 20:03:05,675 | INFO | crypto_bot | 1m CLOSED ts=2026-08-18T20:01:00+00:00 o=0.01300000 h=0.01300000 l=0.01300000 c=0.01300000 v=14166.70000000
2026-08-18 20:03:05,676 | INFO | crypto_bot | ENTRY signal=HOLD reason=trend_filter_not_passed meta={'regime': 'range'}
2026-08-18 20:04:29,734 | INFO | crypto_bot | TRADE pair=ROBO-USDT time=2026-08-18T20:04:29.678000+00:00 price=0.01298000 size=20786.80000000
2026-08-18 20:04:29,735 | INFO | crypto_bot | 1m CLOSED ts=2026-08-18T20:03:00+00:00 o=0.01300000 h=0.01300000 l=0.01300000 c=0.01300000 v=41331.90000000
2026-08-18 20:04:29,735 | INFO | crypto_bot | ENTRY signal=HOLD reason=trend_filter_not_passed meta={'regime': 'range'}
2026-08-18 20:04:29,740 | INFO | crypto_bot | TRADE pair=ROBO-USDT time=2026-08-18T20:04:29.684000+00:00 price=0.01297000 size=1542.10000000
2026-08-18 20:04:37,219 | INFO | crypto_bot | TRADE pair=ROBO-USDT time=2026-08-18T20:04:37.162000+00:00 price=0.01298000 size=8143.40000000
2026-08-18 20:04:53,391 | INFO | crypto_bot | TRADE pair=ROBO-USDT time=2026-08-18T20:04:53.335000+00:00 price=0.01296000 size=18667.90000000
2026-08-18 20:12:12,598 | INFO | crypto_bot | TRADE pair=ROBO-USDT time=2026-08-18T20:12:12.540000+00:00 price=0.01299000 size=27000.00000000
2026-08-18 20:12:12,598 | INFO | crypto_bot | 1m CLOSED ts=2026-08-18T20:04:00+00:00 o=0.01298000 h=0.01298000 l=0.01296000 c=0.01296000 v=49140.20000000
2026-08-18 20:12:12,598 | INFO | crypto_bot | ENTRY signal=HOLD reason=trend_filter_not_passed meta={'regime': 'range'}
2026-08-18 20:12:12,599 | INFO | crypto_bot | 5m CLOSED ts=2026-08-18T20:00:00+00:00 o=0.01301000 h=0.01301000 l=0.01296000 c=0.01296000 v=138825.50000000
2026-08-18 20:12:12,599 | INFO | crypto_bot | TRADE pair=ROBO-USDT time=2026-08-18T20:12:12.540000+00:00 price=0.01299000 size=14331.90000000
2026-08-18 20:12:16,626 | INFO | crypto_bot | TRADE pair=ROBO-USDT time=2026-08-18T20:12:16.570000+00:00 price=0.01298000 size=21726.00000000
2026-08-18 20:12:16,627 | INFO | crypto_bot | TRADE pair=ROBO-USDT time=2026-08-18T20:12:16.570000+00:00 price=0.01298000 size=125234.00000000
2026-08-18 20:13:45,042 | INFO | crypto_bot | TRADE pair=ROBO-USDT time=2026-08-18T20:13:44.985000+00:00 price=0.01299000 size=1539.60000000
2026-08-18 20:13:45,042 | INFO | crypto_bot | 1m CLOSED ts=2026-08-18T20:12:00+00:00 o=0.01299000 h=0.01299000 l=0.01298000 c=0.01298000 v=188291.90000000
2026-08-18 20:13:45,042 | INFO | crypto_bot | ENTRY signal=HOLD reason=trend_filter_not_passed meta={'regime': 'range'}
2026-08-18 20:15:43,910 | INFO | crypto_bot | TRADE pair=ROBO-USDT time=2026-08-18T20:15:43.853000+00:00 price=0.01299000 size=9692.90000000
2026-08-18 20:15:43,910 | INFO | crypto_bot | 1m CLOSED ts=2026-08-18T20:13:00+00:00 o=0.01299000 h=0.01299000 l=0.01299000 c=0.01299000 v=1539.60000000
2026-08-18 20:15:43,910 | INFO | crypto_bot | ENTRY signal=HOLD reason=trend_filter_not_passed meta={'regime': 'range'}
2026-08-18 20:15:43,911 | INFO | crypto_bot | 5m CLOSED ts=2026-08-18T20:10:00+00:00 o=0.01299000 h=0.01299000 l=0.01298000 c=0.01299000 v=189831.50000000
2026-08-18 20:15:43,911 | INFO | crypto_bot | TRADE pair=ROBO-USDT time=2026-08-18T20:15:43.855000+00:00 price=0.01299000 size=21946.10000000
2026-08-18 20:16:06,576 | INFO | crypto_bot | TRADE pair=ROBO-USDT time=2026-08-18T20:16:06.517000+00:00 price=0.01298000 size=1040.30000000
2026-08-18 20:16:06,576 | INFO | crypto_bot | 1m CLOSED ts=2026-08-18T20:15:00+00:00 o=0.01299000 h=0.01299000 l=0.01299000 c=0.01299000 v=31639.00000000
2026-08-18 20:16:06,576 | INFO | crypto_bot | ENTRY signal=HOLD reason=trend_filter_not_passed meta={'regime': 'range'}
2026-08-18 20:16:51,478 | INFO | crypto_bot | TRADE pair=ROBO-USDT time=2026-08-18T20:16:51.422000+00:00 price=0.01298000 size=99441.50000000
2026-08-18 20:25:08,455 | INFO | crypto_bot | TRADE pair=ROBO-USDT time=2026-08-18T20:25:08.398000+00:00 price=0.01297000 size=757.40000000
2026-08-18 20:25:08,455 | INFO | crypto_bot | 1m CLOSED ts=2026-08-18T20:16:00+00:00 o=0.01298000 h=0.01298000 l=0.01298000 c=0.01298000 v=100481.80000000
2026-08-18 20:25:08,455 | INFO | crypto_bot | ENTRY signal=HOLD reason=trend_filter_not_passed meta={'regime': 'range'}
2026-08-18 20:25:08,456 | INFO | crypto_bot | 5m CLOSED ts=2026-08-18T20:15:00+00:00 o=0.01299000 h=0.01299000 l=0.01298000 c=0.01298000 v=132120.80000000
2026-08-18 20:25:08,473 | INFO | crypto_bot | TRADE pair=ROBO-USDT time=2026-08-18T20:25:08.407000+00:00 price=0.01297000 size=4257.60000000
2026-08-18 20:29:16,750 | INFO | crypto_bot | TRADE pair=ROBO-USDT time=2026-08-18T20:29:16.693000+00:00 price=0.01295000 size=59051.70000000
2026-08-18 20:29:16,750 | INFO | crypto_bot | 1m CLOSED ts=2026-08-18T20:25:00+00:00 o=0.01297000 h=0.01297000 l=0.01297000 c=0.01297000 v=5015.00000000
2026-08-18 20:29:16,750 | INFO | crypto_bot | ENTRY signal=HOLD reason=trend_filter_not_passed meta={'regime': 'range'}
2026-08-18 20:30:04,488 | INFO | crypto_bot | TRADE pair=ROBO-USDT time=2026-08-18T20:30:04.431000+00:00 price=0.01296000 size=7918.50000000
2026-08-18 20:30:04,488 | INFO | crypto_bot | 1m CLOSED ts=2026-08-18T20:29:00+00:00 o=0.01295000 h=0.01295000 l=0.01295000 c=0.01295000 v=59051.70000000
2026-08-18 20:30:04,488 | INFO | crypto_bot | ENTRY signal=HOLD reason=trend_filter_not_passed meta={'regime': 'range'}
2026-08-18 20:30:04,489 | INFO | crypto_bot | 5m CLOSED ts=2026-08-18T20:25:00+00:00 o=0.01297000 h=0.01297000 l=0.01295000 c=0.01295000 v=64066.70000000
2026-08-18 20:30:04,489 | INFO | crypto_bot | TRADE pair=ROBO-USDT time=2026-08-18T20:30:04.431000+00:00 price=0.01296000 size=5130.80000000
2026-08-18 20:30:04,489 | INFO | crypto_bot | TRADE pair=ROBO-USDT time=2026-08-18T20:30:04.431000+00:00 price=0.01297000 size=53384.10000000
2026-08-18 20:33:02,081 | INFO | crypto_bot | TRADE pair=ROBO-USDT time=2026-08-18T20:33:02.024000+00:00 price=0.01298000 size=46189.40000000
2026-08-18 20:33:02,081 | INFO | crypto_bot | 1m CLOSED ts=2026-08-18T20:30:00+00:00 o=0.01296000 h=0.01297000 l=0.01296000 c=0.01297000 v=66433.40000000
2026-08-18 20:33:02,081 | INFO | crypto_bot | ENTRY signal=HOLD reason=trend_filter_not_passed meta={'regime': 'range'}
2026-08-18 20:38:40,756 | INFO | crypto_bot | TRADE pair=ROBO-USDT time=2026-08-18T20:38:40.700000+00:00 price=0.01297000 size=46189.40000000
2026-08-18 20:38:40,756 | INFO | crypto_bot | 1m CLOSED ts=2026-08-18T20:33:00+00:00 o=0.01298000 h=0.01298000 l=0.01298000 c=0.01298000 v=46189.40000000
2026-08-18 20:38:40,756 | INFO | crypto_bot | ENTRY signal=HOLD reason=trend_filter_not_passed meta={'regime': 'range'}
2026-08-18 20:38:40,757 | INFO | crypto_bot | 5m CLOSED ts=2026-08-18T20:30:00+00:00 o=0.01296000 h=0.01298000 l=0.01296000 c=0.01298000 v=112622.80000000
2026-08-18 20:42:05,460 | INFO | crypto_bot | TRADE pair=ROBO-USDT time=2026-08-18T20:42:05.404000+00:00 price=0.01298000 size=9707.10000000
2026-08-18 20:42:05,461 | INFO | crypto_bot | 1m CLOSED ts=2026-08-18T20:38:00+00:00 o=0.01297000 h=0.01297000 l=0.01297000 c=0.01297000 v=46189.40000000
2026-08-18 20:42:05,461 | INFO | crypto_bot | ENTRY signal=HOLD reason=trend_filter_not_passed meta={'regime': 'range'}
2026-08-18 20:42:05,461 | INFO | crypto_bot | 5m CLOSED ts=2026-08-18T20:35:00+00:00 o=0.01297000 h=0.01297000 l=0.01297000 c=0.01297000 v=46189.40000000
2026-08-18 20:46:39,734 | INFO | crypto_bot | TRADE pair=ROBO-USDT time=2026-08-18T20:46:39.678000+00:00 price=0.01298000 size=1215.00000000
2026-08-18 20:46:39,734 | INFO | crypto_bot | 1m CLOSED ts=2026-08-18T20:42:00+00:00 o=0.01298000 h=0.01298000 l=0.01298000 c=0.01298000 v=9707.10000000
2026-08-18 20:46:39,734 | INFO | crypto_bot | ENTRY signal=HOLD reason=trend_filter_not_passed meta={'regime': 'range'}
2026-08-18 20:46:39,735 | INFO | crypto_bot | 5m CLOSED ts=2026-08-18T20:40:00+00:00 o=0.01298000 h=0.01298000 l=0.01298000 c=0.01298000 v=9707.10000000
2026-08-18 20:46:39,735 | INFO | crypto_bot | TRADE pair=ROBO-USDT time=2026-08-18T20:46:39.679000+00:00 price=0.01298000 size=74353.60000000
2026-08-18 20:46:39,735 | INFO | crypto_bot | TRADE pair=ROBO-USDT time=2026-08-18T20:46:39.679000+00:00 price=0.01298000 size=74431.40000000
2026-08-18 20:48:16,631 | INFO | crypto_bot | TRADE pair=ROBO-USDT time=2026-08-18T20:48:16.575000+00:00 price=0.01298000 size=1215.00000000
2026-08-18 20:48:16,631 | INFO | crypto_bot | 1m CLOSED ts=2026-08-18T20:46:00+00:00 o=0.01298000 h=0.01298000 l=0.01298000 c=0.01298000 v=150000.00000000
2026-08-18 20:48:16,632 | INFO | crypto_bot | ENTRY signal=HOLD reason=trend_filter_not_passed meta={'regime': 'range'}
2026-08-18 20:48:16,633 | INFO | crypto_bot | TRADE pair=ROBO-USDT time=2026-08-18T20:48:16.576000+00:00 price=0.01298000 size=2255.30000000
2026-08-18 20:48:36,762 | INFO | crypto_bot | TRADE pair=ROBO-USDT time=2026-08-18T20:48:36.706000+00:00 price=0.01299000 size=9699.70000000
2026-08-18 20:51:13,587 | INFO | crypto_bot | TRADE pair=ROBO-USDT time=2026-08-18T20:51:13.531000+00:00 price=0.01299000 size=26529.70000000
2026-08-18 20:51:13,587 | INFO | crypto_bot | 1m CLOSED ts=2026-08-18T20:48:00+00:00 o=0.01298000 h=0.01299000 l=0.01298000 c=0.01299000 v=13170.00000000
2026-08-18 20:51:13,587 | INFO | crypto_bot | ENTRY signal=HOLD reason=trend_filter_not_passed meta={'regime': 'range'}
2026-08-18 20:51:13,588 | INFO | crypto_bot | 5m CLOSED ts=2026-08-18T20:45:00+00:00 o=0.01298000 h=0.01299000 l=0.01298000 c=0.01299000 v=163170.00000000
2026-08-18 21:01:20,979 | INFO | crypto_bot | TRADE pair=ROBO-USDT time=2026-08-18T21:01:20.923000+00:00 price=0.01298000 size=1215.00000000
2026-08-18 21:01:20,979 | INFO | crypto_bot | 1m CLOSED ts=2026-08-18T20:51:00+00:00 o=0.01299000 h=0.01299000 l=0.01299000 c=0.01299000 v=26529.70000000
2026-08-18 21:01:20,979 | INFO | crypto_bot | ENTRY signal=HOLD reason=trend_filter_not_passed meta={'regime': 'range'}
2026-08-18 21:01:20,980 | INFO | crypto_bot | 5m CLOSED ts=2026-08-18T20:50:00+00:00 o=0.01299000 h=0.01299000 l=0.01299000 c=0.01299000 v=26529.70000000
2026-08-18 21:01:20,980 | INFO | crypto_bot | TRADE pair=ROBO-USDT time=2026-08-18T21:01:20.923000+00:00 price=0.01298000 size=2865.20000000
2026-08-18 21:02:30,634 | INFO | crypto_bot | TRADE pair=ROBO-USDT time=2026-08-18T21:02:30.578000+00:00 price=0.01299000 size=4080.20000000
2026-08-18 21:02:30,634 | INFO | crypto_bot | 1m CLOSED ts=2026-08-18T21:01:00+00:00 o=0.01298000 h=0.01298000 l=0.01298000 c=0.01298000 v=4080.20000000
2026-08-18 21:02:30,634 | INFO | crypto_bot | ENTRY signal=HOLD reason=trend_filter_not_passed meta={'regime': 'range'}
2026-08-18 21:06:38,712 | INFO | crypto_bot | TRADE pair=ROBO-USDT time=2026-08-18T21:06:38.655000+00:00 price=0.01301000 size=46189.40000000
2026-08-18 21:06:38,712 | INFO | crypto_bot | 1m CLOSED ts=2026-08-18T21:02:00+00:00 o=0.01299000 h=0.01299000 l=0.01299000 c=0.01299000 v=4080.20000000
2026-08-18 21:06:38,712 | INFO | crypto_bot | ENTRY signal=HOLD reason=trend_filter_not_passed meta={'regime': 'range'}
2026-08-18 21:06:38,712 | INFO | crypto_bot | 5m CLOSED ts=2026-08-18T21:00:00+00:00 o=0.01298000 h=0.01299000 l=0.01298000 c=0.01299000 v=8160.40000000
2026-08-18 21:06:38,713 | INFO | crypto_bot | TRADE pair=ROBO-USDT time=2026-08-18T21:06:38.655000+00:00 price=0.01301000 size=15358.60000000
2026-08-18 21:06:38,713 | INFO | crypto_bot | TRADE pair=ROBO-USDT time=2026-08-18T21:06:38.655000+00:00 price=0.01301000 size=4641.40000000
2026-08-18 21:06:38,735 | INFO | crypto_bot | TRADE pair=ROBO-USDT time=2026-08-18T21:06:38.678000+00:00 price=0.01300000 size=1539.30000000
2026-08-18 21:10:39,956 | INFO | crypto_bot | TRADE pair=ROBO-USDT time=2026-08-18T21:10:39.899000+00:00 price=0.01301000 size=46189.40000000
2026-08-18 21:10:39,956 | INFO | crypto_bot | 1m CLOSED ts=2026-08-18T21:06:00+00:00 o=0.01301000 h=0.01301000 l=0.01300000 c=0.01300000 v=67728.70000000
2026-08-18 21:10:39,956 | INFO | crypto_bot | ENTRY signal=HOLD reason=trend_filter_not_passed meta={'regime': 'range'}
2026-08-18 21:10:39,957 | INFO | crypto_bot | 5m CLOSED ts=2026-08-18T21:05:00+00:00 o=0.01301000 h=0.01301000 l=0.01300000 c=0.01300000 v=67728.70000000
2026-08-18 21:10:39,957 | INFO | crypto_bot | TRADE pair=ROBO-USDT time=2026-08-18T21:10:39.901000+00:00 price=0.01301000 size=46189.40000000
2026-08-18 21:11:33,830 | INFO | crypto_bot | TRADE pair=ROBO-USDT time=2026-08-18T21:11:33.774000+00:00 price=0.01299000 size=12885.50000000
2026-08-18 21:11:33,830 | INFO | crypto_bot | 1m CLOSED ts=2026-08-18T21:10:00+00:00 o=0.01301000 h=0.01301000 l=0.01301000 c=0.01301000 v=92378.80000000
2026-08-18 21:11:33,830 | INFO | crypto_bot | ENTRY signal=HOLD reason=trend_filter_not_passed meta={'regime': 'range'}
2026-08-18 21:20:20,233 | INFO | crypto_bot | TRADE pair=ROBO-USDT time=2026-08-18T21:20:20.177000+00:00 price=0.01298000 size=7704.10000000
2026-08-18 21:20:20,234 | INFO | crypto_bot | 1m CLOSED ts=2026-08-18T21:11:00+00:00 o=0.01299000 h=0.01299000 l=0.01299000 c=0.01299000 v=12885.50000000
2026-08-18 21:20:20,234 | INFO | crypto_bot | ENTRY signal=HOLD reason=trend_filter_not_passed meta={'regime': 'range'}
2026-08-18 21:20:20,235 | INFO | crypto_bot | 5m CLOSED ts=2026-08-18T21:10:00+00:00 o=0.01301000 h=0.01301000 l=0.01299000 c=0.01299000 v=105264.30000000
2026-08-18 21:26:47,033 | INFO | crypto_bot | TRADE pair=ROBO-USDT time=2026-08-18T21:26:46.966000+00:00 price=0.01300000 size=21454.20000000
2026-08-18 21:26:47,033 | INFO | crypto_bot | 1m CLOSED ts=2026-08-18T21:20:00+00:00 o=0.01298000 h=0.01298000 l=0.01298000 c=0.01298000 v=7704.10000000
2026-08-18 21:26:47,033 | INFO | crypto_bot | ENTRY signal=HOLD reason=trend_filter_not_passed meta={'regime': 'range'}
2026-08-18 21:26:47,034 | INFO | crypto_bot | 5m CLOSED ts=2026-08-18T21:20:00+00:00 o=0.01298000 h=0.01298000 l=0.01298000 c=0.01298000 v=7704.10000000
2026-08-18 21:32:50,157 | INFO | crypto_bot | TRADE pair=ROBO-USDT time=2026-08-18T21:32:50.100000+00:00 price=0.01298000 size=12990.00000000
2026-08-18 21:32:50,157 | INFO | crypto_bot | 1m CLOSED ts=2026-08-18T21:26:00+00:00 o=0.01300000 h=0.01300000 l=0.01300000 c=0.01300000 v=21454.20000000
2026-08-18 21:32:50,158 | INFO | crypto_bot | ENTRY signal=HOLD reason=trend_filter_not_passed meta={'regime': 'range'}
2026-08-18 21:32:50,158 | INFO | crypto_bot | 5m CLOSED ts=2026-08-18T21:25:00+00:00 o=0.01300000 h=0.01300000 l=0.01300000 c=0.01300000 v=21454.20000000
2026-08-18 21:40:01,550 | INFO | crypto_bot | TRADE pair=ROBO-USDT time=2026-08-18T21:40:01.494000+00:00 price=0.01293000 size=7859.50000000
2026-08-18 21:40:01,550 | INFO | crypto_bot | 1m CLOSED ts=2026-08-18T21:32:00+00:00 o=0.01298000 h=0.01298000 l=0.01298000 c=0.01298000 v=12990.00000000
2026-08-18 21:40:01,550 | INFO | crypto_bot | ENTRY signal=HOLD reason=trend_filter_not_passed meta={'regime': 'range'}
2026-08-18 21:40:01,551 | INFO | crypto_bot | 5m CLOSED ts=2026-08-18T21:30:00+00:00 o=0.01298000 h=0.01298000 l=0.01298000 c=0.01298000 v=12990.00000000
2026-08-18 21:41:58,187 | INFO | crypto_bot | TRADE pair=ROBO-USDT time=2026-08-18T21:41:58.131000+00:00 price=0.01296000 size=46691.60000000
2026-08-18 21:41:58,187 | INFO | crypto_bot | 1m CLOSED ts=2026-08-18T21:40:00+00:00 o=0.01293000 h=0.01293000 l=0.01293000 c=0.01293000 v=7859.50000000
2026-08-18 21:41:58,187 | INFO | crypto_bot | ENTRY signal=HOLD reason=trend_filter_not_passed meta={'regime': 'range'}
2026-08-18 21:53:11,177 | INFO | crypto_bot | TRADE pair=ROBO-USDT time=2026-08-18T21:53:11.117000+00:00 price=0.01293000 size=19860.80000000
2026-08-18 21:53:11,177 | INFO | crypto_bot | 1m CLOSED ts=2026-08-18T21:41:00+00:00 o=0.01296000 h=0.01296000 l=0.01296000 c=0.01296000 v=46691.60000000
2026-08-18 21:53:11,177 | INFO | crypto_bot | ENTRY signal=HOLD reason=trend_filter_not_passed meta={'regime': 'range'}
2026-08-18 21:53:11,178 | INFO | crypto_bot | 5m CLOSED ts=2026-08-18T21:40:00+00:00 o=0.01293000 h=0.01296000 l=0.01293000 c=0.01296000 v=54551.10000000
2026-08-18 21:55:18,327 | INFO | crypto_bot | TRADE pair=ROBO-USDT time=2026-08-18T21:55:18.271000+00:00 price=0.01298000 size=50424.60000000
2026-08-18 21:55:18,328 | INFO | crypto_bot | 1m CLOSED ts=2026-08-18T21:53:00+00:00 o=0.01293000 h=0.01293000 l=0.01293000 c=0.01293000 v=19860.80000000
2026-08-18 21:55:18,328 | INFO | crypto_bot | ENTRY signal=HOLD reason=trend_filter_not_passed meta={'regime': 'range'}
2026-08-18 21:55:18,328 | INFO | crypto_bot | 5m CLOSED ts=2026-08-18T21:50:00+00:00 o=0.01293000 h=0.01293000 l=0.01293000 c=0.01293000 v=19860.80000000
2026-08-18 21:57:07,784 | INFO | crypto_bot | TRADE pair=ROBO-USDT time=2026-08-18T21:57:07.727000+00:00 price=0.01296000 size=37008.50000000
2026-08-18 21:57:07,784 | INFO | crypto_bot | 1m CLOSED ts=2026-08-18T21:55:00+00:00 o=0.01298000 h=0.01298000 l=0.01298000 c=0.01298000 v=50424.60000000
2026-08-18 21:57:07,785 | INFO | crypto_bot | ENTRY signal=HOLD reason=trend_filter_not_passed meta={'regime': 'range'}
2026-08-18 22:08:57,597 | INFO | crypto_bot | TRADE pair=ROBO-USDT time=2026-08-18T22:08:57.540000+00:00 price=0.01296000 size=4637.80000000
2026-08-18 22:08:57,597 | INFO | crypto_bot | 1m CLOSED ts=2026-08-18T21:57:00+00:00 o=0.01296000 h=0.01296000 l=0.01296000 c=0.01296000 v=37008.50000000
2026-08-18 22:08:57,598 | INFO | crypto_bot | ENTRY signal=HOLD reason=trend_filter_not_passed meta={'regime': 'range'}
2026-08-18 22:08:57,598 | INFO | crypto_bot | 5m CLOSED ts=2026-08-18T21:55:00+00:00 o=0.01298000 h=0.01298000 l=0.01296000 c=0.01296000 v=87433.10000000
2026-08-18 22:09:18,582 | INFO | crypto_bot | TRADE pair=ROBO-USDT time=2026-08-18T22:09:18.525000+00:00 price=0.01296000 size=37450.30000000
2026-08-18 22:09:18,583 | INFO | crypto_bot | 1m CLOSED ts=2026-08-18T22:08:00+00:00 o=0.01296000 h=0.01296000 l=0.01296000 c=0.01296000 v=4637.80000000
2026-08-18 22:09:18,583 | INFO | crypto_bot | ENTRY signal=HOLD reason=trend_filter_not_passed meta={'regime': 'range'}
2026-08-18 22:09:18,594 | INFO | crypto_bot | TRADE pair=ROBO-USDT time=2026-08-18T22:09:18.537000+00:00 price=0.01296000 size=1543.20000000
2026-08-18 22:09:18,594 | INFO | crypto_bot | TRADE pair=ROBO-USDT time=2026-08-18T22:09:18.538000+00:00 price=0.01296000 size=140.90000000
2026-08-18 22:10:12,837 | INFO | crypto_bot | TRADE pair=ROBO-USDT time=2026-08-18T22:10:12.780000+00:00 price=0.01299000 size=20118.20000000
2026-08-18 22:10:12,837 | INFO | crypto_bot | 1m CLOSED ts=2026-08-18T22:09:00+00:00 o=0.01296000 h=0.01296000 l=0.01296000 c=0.01296000 v=39134.40000000
2026-08-18 22:10:12,837 | INFO | crypto_bot | ENTRY signal=HOLD reason=trend_filter_not_passed meta={'regime': 'range'}
2026-08-18 22:10:12,838 | INFO | crypto_bot | 5m CLOSED ts=2026-08-18T22:05:00+00:00 o=0.01296000 h=0.01296000 l=0.01296000 c=0.01296000 v=43772.20000000
2026-08-18 22:19:21,605 | INFO | crypto_bot | TRADE pair=ROBO-USDT time=2026-08-18T22:19:21.548000+00:00 price=0.01301000 size=1267.00000000
2026-08-18 22:19:21,605 | INFO | crypto_bot | 1m CLOSED ts=2026-08-18T22:10:00+00:00 o=0.01299000 h=0.01299000 l=0.01299000 c=0.01299000 v=20118.20000000
2026-08-18 22:19:21,605 | INFO | crypto_bot | ENTRY signal=HOLD reason=trend_filter_not_passed meta={'regime': 'range'}
2026-08-18 22:19:21,606 | INFO | crypto_bot | 5m CLOSED ts=2026-08-18T22:10:00+00:00 o=0.01299000 h=0.01299000 l=0.01299000 c=0.01299000 v=20118.20000000
2026-08-18 22:19:32,531 | INFO | crypto_bot | TRADE pair=ROBO-USDT time=2026-08-18T22:19:32.475000+00:00 price=0.01301000 size=1538.00000000
2026-08-18 22:27:11,672 | INFO | crypto_bot | TRADE pair=ROBO-USDT time=2026-08-18T22:27:11.616000+00:00 price=0.01303000 size=1407.90000000
2026-08-18 22:27:11,673 | INFO | crypto_bot | 1m CLOSED ts=2026-08-18T22:19:00+00:00 o=0.01301000 h=0.01301000 l=0.01301000 c=0.01301000 v=2805.00000000
2026-08-18 22:27:11,673 | INFO | crypto_bot | ENTRY signal=HOLD reason=trend_filter_not_passed meta={'regime': 'range'}
2026-08-18 22:27:11,673 | INFO | crypto_bot | 5m CLOSED ts=2026-08-18T22:15:00+00:00 o=0.01301000 h=0.01301000 l=0.01301000 c=0.01301000 v=2805.00000000
2026-08-18 22:27:11,674 | INFO | crypto_bot | TRADE pair=ROBO-USDT time=2026-08-18T22:27:11.616000+00:00 price=0.01304000 size=18729.10000000
2026-08-18 22:27:47,235 | INFO | crypto_bot | TRADE pair=ROBO-USDT time=2026-08-18T22:27:47.178000+00:00 price=0.01304000 size=6343.80000000
2026-08-18 22:30:00,158 | ERROR | crypto_bot | WebSocket 连接异常: no close frame received or sent
Traceback (most recent call last):
  File "/home/ubuntu/crypto-trading-bot/app.py", line 382, in consume_public_ws
    async for raw in ws:
  File "/home/ubuntu/crypto-trading-bot/.venv/lib/python3.12/site-packages/websockets/asyncio/connection.py", line 236, in __aiter__
    yield await self.recv()
          ^^^^^^^^^^^^^^^^^
  File "/home/ubuntu/crypto-trading-bot/.venv/lib/python3.12/site-packages/websockets/asyncio/connection.py", line 316, in recv
    raise self.protocol.close_exc from self.recv_exc
websockets.exceptions.ConnectionClosedError: no close frame received or sent
2026-08-18 22:30:00,162 | INFO | crypto_bot | 将在 5 秒后重连...
2026-08-18 22:30:05,166 | INFO | crypto_bot | 连接 OKX Public WS: wss://ws.okx.com:8443/ws/v5/public
2026-08-18 22:30:05,547 | INFO | crypto_bot | 已订阅 ROBO-USDT trades
2026-08-18 22:30:05,655 | INFO | crypto_bot | WS event: {'event': 'subscribe', 'arg': {'channel': 'trades', 'instId': 'ROBO-USDT'}, 'connId': 'adb2d1aa'}
2026-08-18 22:30:08,147 | INFO | crypto_bot | TRADE pair=ROBO-USDT time=2026-08-18T22:30:08.094000+00:00 price=0.01304000 size=3844.80000000
2026-08-18 22:30:08,147 | INFO | crypto_bot | 1m CLOSED ts=2026-08-18T22:27:00+00:00 o=0.01303000 h=0.01304000 l=0.01303000 c=0.01304000 v=26480.80000000
2026-08-18 22:30:08,148 | INFO | crypto_bot | ENTRY signal=HOLD reason=trend_filter_not_passed meta={'regime': 'range'}
2026-08-18 22:30:08,149 | INFO | crypto_bot | 5m CLOSED ts=2026-08-18T22:25:00+00:00 o=0.01303000 h=0.01304000 l=0.01303000 c=0.01304000 v=26480.80000000
2026-08-18 22:31:21,679 | INFO | crypto_bot | TRADE pair=ROBO-USDT time=2026-08-18T22:31:21.626000+00:00 price=0.01306000 size=200.00000000
2026-08-18 22:31:21,679 | INFO | crypto_bot | 1m CLOSED ts=2026-08-18T22:30:00+00:00 o=0.01304000 h=0.01304000 l=0.01304000 c=0.01304000 v=3844.80000000
2026-08-18 22:31:21,679 | INFO | crypto_bot | ENTRY signal=HOLD reason=trend_filter_not_passed meta={'regime': 'range'}
2026-08-18 22:31:21,689 | INFO | crypto_bot | TRADE pair=ROBO-USDT time=2026-08-18T22:31:21.636000+00:00 price=0.01306000 size=2299.00000000
2026-08-18 22:32:04,457 | INFO | crypto_bot | TRADE pair=ROBO-USDT time=2026-08-18T22:32:04.404000+00:00 price=0.01307000 size=1282.50000000
2026-08-18 22:32:04,457 | INFO | crypto_bot | 1m CLOSED ts=2026-08-18T22:31:00+00:00 o=0.01306000 h=0.01306000 l=0.01306000 c=0.01306000 v=2499.00000000
2026-08-18 22:32:04,457 | INFO | crypto_bot | ENTRY signal=HOLD reason=trend_filter_not_passed meta={'regime': 'range'}
2026-08-18 22:32:04,458 | INFO | crypto_bot | TRADE pair=ROBO-USDT time=2026-08-18T22:32:04.404000+00:00 price=0.01308000 size=6605.50000000
2026-08-18 22:36:12,494 | INFO | crypto_bot | TRADE pair=ROBO-USDT time=2026-08-18T22:36:12.441000+00:00 price=0.01308000 size=6512.30000000
2026-08-18 22:36:12,494 | INFO | crypto_bot | 1m CLOSED ts=2026-08-18T22:32:00+00:00 o=0.01307000 h=0.01308000 l=0.01307000 c=0.01308000 v=7888.00000000
2026-08-18 22:36:12,494 | INFO | crypto_bot | ENTRY signal=HOLD reason=trend_filter_not_passed meta={'regime': 'range'}
2026-08-18 22:36:12,495 | INFO | crypto_bot | 5m CLOSED ts=2026-08-18T22:30:00+00:00 o=0.01304000 h=0.01308000 l=0.01304000 c=0.01308000 v=14231.80000000
2026-08-18 22:36:21,495 | INFO | crypto_bot | TRADE pair=ROBO-USDT time=2026-08-18T22:36:21.442000+00:00 price=0.01306000 size=31103.90000000
2026-08-18 22:36:21,496 | INFO | crypto_bot | TRADE pair=ROBO-USDT time=2026-08-18T22:36:21.443000+00:00 price=0.01306000 size=24619.70000000
2026-08-18 22:40:48,276 | INFO | crypto_bot | TRADE pair=ROBO-USDT time=2026-08-18T22:40:48.223000+00:00 price=0.01306000 size=3880.30000000
2026-08-18 22:40:48,277 | INFO | crypto_bot | 1m CLOSED ts=2026-08-18T22:36:00+00:00 o=0.01308000 h=0.01308000 l=0.01306000 c=0.01306000 v=62235.90000000
2026-08-18 22:40:48,277 | INFO | crypto_bot | ENTRY signal=HOLD reason=trend_filter_not_passed meta={'regime': 'range'}
2026-08-18 22:40:48,277 | INFO | crypto_bot | 5m CLOSED ts=2026-08-18T22:35:00+00:00 o=0.01308000 h=0.01308000 l=0.01306000 c=0.01306000 v=62235.90000000
2026-08-18 22:40:48,278 | INFO | crypto_bot | TRADE pair=ROBO-USDT time=2026-08-18T22:40:48.223000+00:00 price=0.01306000 size=28500.00000000
2026-08-18 22:43:17,886 | INFO | crypto_bot | TRADE pair=ROBO-USDT time=2026-08-18T22:43:17.834000+00:00 price=0.01305000 size=3623.60000000
2026-08-18 22:43:17,886 | INFO | crypto_bot | 1m CLOSED ts=2026-08-18T22:40:00+00:00 o=0.01306000 h=0.01306000 l=0.01306000 c=0.01306000 v=32380.30000000
2026-08-18 22:43:17,887 | INFO | crypto_bot | ENTRY signal=HOLD reason=trend_filter_not_passed meta={'regime': 'range'}
2026-08-18 22:47:23,125 | INFO | crypto_bot | TRADE pair=ROBO-USDT time=2026-08-18T22:47:23.071000+00:00 price=0.01306000 size=383.10000000
2026-08-18 22:47:23,125 | INFO | crypto_bot | 1m CLOSED ts=2026-08-18T22:43:00+00:00 o=0.01305000 h=0.01305000 l=0.01305000 c=0.01305000 v=3623.60000000
2026-08-18 22:47:23,125 | INFO | crypto_bot | ENTRY signal=HOLD reason=trend_filter_not_passed meta={'regime': 'range'}
2026-08-18 22:47:23,128 | INFO | crypto_bot | 5m CLOSED ts=2026-08-18T22:40:00+00:00 o=0.01306000 h=0.01306000 l=0.01305000 c=0.01305000 v=36003.90000000
2026-08-18 22:52:24,594 | INFO | crypto_bot | TRADE pair=ROBO-USDT time=2026-08-18T22:52:24.542000+00:00 price=0.01306000 size=1025.70000000
2026-08-18 22:52:24,595 | INFO | crypto_bot | 1m CLOSED ts=2026-08-18T22:47:00+00:00 o=0.01306000 h=0.01306000 l=0.01306000 c=0.01306000 v=383.10000000
2026-08-18 22:52:24,595 | INFO | crypto_bot | ENTRY signal=HOLD reason=trend_filter_not_passed meta={'regime': 'range'}
2026-08-18 22:52:24,595 | INFO | crypto_bot | 5m CLOSED ts=2026-08-18T22:45:00+00:00 o=0.01306000 h=0.01306000 l=0.01306000 c=0.01306000 v=383.10000000
2026-08-18 22:54:47,772 | INFO | crypto_bot | TRADE pair=ROBO-USDT time=2026-08-18T22:54:47.719000+00:00 price=0.01302000 size=1409.80000000
2026-08-18 22:54:47,772 | INFO | crypto_bot | 1m CLOSED ts=2026-08-18T22:52:00+00:00 o=0.01306000 h=0.01306000 l=0.01306000 c=0.01306000 v=1025.70000000
2026-08-18 22:54:47,772 | INFO | crypto_bot | ENTRY signal=HOLD reason=trend_filter_not_passed meta={'regime': 'range'}
2026-08-18 22:56:08,855 | INFO | crypto_bot | TRADE pair=ROBO-USDT time=2026-08-18T22:56:08.798000+00:00 price=0.01304000 size=6412.50000000
2026-08-18 22:56:08,855 | INFO | crypto_bot | 1m CLOSED ts=2026-08-18T22:54:00+00:00 o=0.01302000 h=0.01302000 l=0.01302000 c=0.01302000 v=1409.80000000
2026-08-18 22:56:08,856 | INFO | crypto_bot | ENTRY signal=HOLD reason=trend_filter_not_passed meta={'regime': 'range'}
2026-08-18 22:56:08,856 | INFO | crypto_bot | 5m CLOSED ts=2026-08-18T22:50:00+00:00 o=0.01306000 h=0.01306000 l=0.01302000 c=0.01302000 v=2435.50000000
2026-08-18 22:56:08,856 | INFO | crypto_bot | TRADE pair=ROBO-USDT time=2026-08-18T22:56:08.798000+00:00 price=0.01304000 size=7717.40000000
2026-08-18 22:56:08,882 | INFO | crypto_bot | TRADE pair=ROBO-USDT time=2026-08-18T22:56:08.812000+00:00 price=0.01304000 size=14129.90000000
2026-08-18 22:56:08,882 | INFO | crypto_bot | TRADE pair=ROBO-USDT time=2026-08-18T22:56:08.813000+00:00 price=0.01304000 size=13278.70000000
2026-08-18 22:56:08,882 | INFO | crypto_bot | TRADE pair=ROBO-USDT time=2026-08-18T22:56:08.816000+00:00 price=0.01304000 size=14129.90000000
2026-08-18 22:56:35,218 | INFO | crypto_bot | TRADE pair=ROBO-USDT time=2026-08-18T22:56:35.166000+00:00 price=0.01305000 size=15787.70000000
2026-08-18 23:03:19,118 | INFO | crypto_bot | TRADE pair=ROBO-USDT time=2026-08-18T23:03:19.065000+00:00 price=0.01308000 size=12966.10000000
2026-08-18 23:03:19,118 | INFO | crypto_bot | 1m CLOSED ts=2026-08-18T22:56:00+00:00 o=0.01304000 h=0.01305000 l=0.01304000 c=0.01305000 v=71456.10000000
2026-08-18 23:03:19,119 | INFO | crypto_bot | ENTRY signal=HOLD reason=trend_filter_not_passed meta={'regime': 'range'}
2026-08-18 23:03:19,119 | INFO | crypto_bot | 5m CLOSED ts=2026-08-18T22:55:00+00:00 o=0.01304000 h=0.01305000 l=0.01304000 c=0.01305000 v=71456.10000000
2026-08-18 23:05:50,534 | INFO | crypto_bot | TRADE pair=ROBO-USDT time=2026-08-18T23:05:50.480000+00:00 price=0.01308000 size=17101.00000000
2026-08-18 23:05:50,534 | INFO | crypto_bot | 1m CLOSED ts=2026-08-18T23:03:00+00:00 o=0.01308000 h=0.01308000 l=0.01308000 c=0.01308000 v=12966.10000000
2026-08-18 23:05:50,534 | INFO | crypto_bot | ENTRY signal=HOLD reason=trend_filter_not_passed meta={'regime': 'range'}
2026-08-18 23:05:50,535 | INFO | crypto_bot | 5m CLOSED ts=2026-08-18T23:00:00+00:00 o=0.01308000 h=0.01308000 l=0.01308000 c=0.01308000 v=12966.10000000
2026-08-18 23:05:50,535 | INFO | crypto_bot | TRADE pair=ROBO-USDT time=2026-08-18T23:05:50.483000+00:00 price=0.01308000 size=41538.50000000
2026-08-18 23:05:50,538 | INFO | crypto_bot | TRADE pair=ROBO-USDT time=2026-08-18T23:05:50.485000+00:00 price=0.01308000 size=41538.50000000
2026-08-18 23:16:02,605 | INFO | crypto_bot | TRADE pair=ROBO-USDT time=2026-08-18T23:16:02.552000+00:00 price=0.01304000 size=1621.90000000
2026-08-18 23:16:02,605 | INFO | crypto_bot | 1m CLOSED ts=2026-08-18T23:05:00+00:00 o=0.01308000 h=0.01308000 l=0.01308000 c=0.01308000 v=100178.00000000
2026-08-18 23:16:02,605 | INFO | crypto_bot | ENTRY signal=HOLD reason=trend_filter_not_passed meta={'regime': 'range'}
2026-08-18 23:16:02,606 | INFO | crypto_bot | 5m CLOSED ts=2026-08-18T23:05:00+00:00 o=0.01308000 h=0.01308000 l=0.01308000 c=0.01308000 v=100178.00000000
2026-08-18 23:18:05,491 | INFO | crypto_bot | TRADE pair=ROBO-USDT time=2026-08-18T23:18:05.438000+00:00 price=0.01307000 size=839.60000000
2026-08-18 23:18:05,491 | INFO | crypto_bot | 1m CLOSED ts=2026-08-18T23:16:00+00:00 o=0.01304000 h=0.01304000 l=0.01304000 c=0.01304000 v=1621.90000000
2026-08-18 23:18:05,491 | INFO | crypto_bot | ENTRY signal=HOLD reason=trend_filter_not_passed meta={'regime': 'range'}
2026-08-18 23:20:08,488 | INFO | crypto_bot | TRADE pair=ROBO-USDT time=2026-08-18T23:20:08.436000+00:00 price=0.01306000 size=480.50000000
2026-08-18 23:20:08,488 | INFO | crypto_bot | 1m CLOSED ts=2026-08-18T23:18:00+00:00 o=0.01307000 h=0.01307000 l=0.01307000 c=0.01307000 v=839.60000000
2026-08-18 23:20:08,489 | INFO | crypto_bot | ENTRY signal=HOLD reason=trend_filter_not_passed meta={'regime': 'range'}
2026-08-18 23:20:08,489 | INFO | crypto_bot | 5m CLOSED ts=2026-08-18T23:15:00+00:00 o=0.01304000 h=0.01307000 l=0.01304000 c=0.01307000 v=2461.50000000
2026-08-18 23:24:13,584 | INFO | crypto_bot | TRADE pair=ROBO-USDT time=2026-08-18T23:24:13.532000+00:00 price=0.01304000 size=1533.90000000
2026-08-18 23:24:13,584 | INFO | crypto_bot | 1m CLOSED ts=2026-08-18T23:20:00+00:00 o=0.01306000 h=0.01306000 l=0.01306000 c=0.01306000 v=480.50000000
2026-08-18 23:24:13,584 | INFO | crypto_bot | ENTRY signal=HOLD reason=trend_filter_not_passed meta={'regime': 'range'}
2026-08-18 23:30:23,423 | INFO | crypto_bot | TRADE pair=ROBO-USDT time=2026-08-18T23:30:23.371000+00:00 price=0.01304000 size=13825.30000000
2026-08-18 23:30:23,424 | INFO | crypto_bot | 1m CLOSED ts=2026-08-18T23:24:00+00:00 o=0.01304000 h=0.01304000 l=0.01304000 c=0.01304000 v=1533.90000000
2026-08-18 23:30:23,424 | INFO | crypto_bot | ENTRY signal=HOLD reason=trend_filter_not_passed meta={'regime': 'range'}
2026-08-18 23:30:23,425 | INFO | crypto_bot | 5m CLOSED ts=2026-08-18T23:20:00+00:00 o=0.01306000 h=0.01306000 l=0.01304000 c=0.01304000 v=2014.40000000
2026-08-18 23:32:20,473 | INFO | crypto_bot | TRADE pair=ROBO-USDT time=2026-08-18T23:32:20.421000+00:00 price=0.01303000 size=32184.00000000
2026-08-18 23:32:20,473 | INFO | crypto_bot | 1m CLOSED ts=2026-08-18T23:30:00+00:00 o=0.01304000 h=0.01304000 l=0.01304000 c=0.01304000 v=13825.30000000
2026-08-18 23:32:20,473 | INFO | crypto_bot | ENTRY signal=HOLD reason=trend_filter_not_passed meta={'regime': 'range'}
2026-08-18 23:40:48,329 | INFO | crypto_bot | TRADE pair=ROBO-USDT time=2026-08-18T23:40:48.277000+00:00 price=0.01304000 size=15349.10000000
2026-08-18 23:40:48,329 | INFO | crypto_bot | 1m CLOSED ts=2026-08-18T23:32:00+00:00 o=0.01303000 h=0.01303000 l=0.01303000 c=0.01303000 v=32184.00000000
2026-08-18 23:40:48,329 | INFO | crypto_bot | ENTRY signal=HOLD reason=trend_filter_not_passed meta={'regime': 'range'}
2026-08-18 23:40:48,330 | INFO | crypto_bot | 5m CLOSED ts=2026-08-18T23:30:00+00:00 o=0.01304000 h=0.01304000 l=0.01303000 c=0.01303000 v=46009.30000000
2026-08-18 23:43:33,512 | INFO | crypto_bot | TRADE pair=ROBO-USDT time=2026-08-18T23:43:33.460000+00:00 price=0.01301000 size=2205.30000000
2026-08-18 23:43:33,512 | INFO | crypto_bot | 1m CLOSED ts=2026-08-18T23:40:00+00:00 o=0.01304000 h=0.01304000 l=0.01304000 c=0.01304000 v=15349.10000000
2026-08-18 23:43:33,512 | INFO | crypto_bot | ENTRY signal=HOLD reason=trend_filter_not_passed meta={'regime': 'range'}
2026-08-18 23:43:51,028 | INFO | crypto_bot | TRADE pair=ROBO-USDT time=2026-08-18T23:43:50.975000+00:00 price=0.01299000 size=2822.20000000
2026-08-18 23:43:51,029 | INFO | crypto_bot | TRADE pair=ROBO-USDT time=2026-08-18T23:43:50.977000+00:00 price=0.01298000 size=13441.00000000
2026-08-18 23:43:51,043 | INFO | crypto_bot | TRADE pair=ROBO-USDT time=2026-08-18T23:43:50.981000+00:00 price=0.01299000 size=32184.00000000
2026-08-18 23:43:51,097 | INFO | crypto_bot | TRADE pair=ROBO-USDT time=2026-08-18T23:43:51.044000+00:00 price=0.01298000 size=16830.90000000
2026-08-18 23:47:31,824 | INFO | crypto_bot | TRADE pair=ROBO-USDT time=2026-08-18T23:47:31.771000+00:00 price=0.01298000 size=3852.00000000
2026-08-18 23:47:31,824 | INFO | crypto_bot | 1m CLOSED ts=2026-08-18T23:43:00+00:00 o=0.01301000 h=0.01301000 l=0.01298000 c=0.01298000 v=67483.40000000
2026-08-18 23:47:31,824 | INFO | crypto_bot | ENTRY signal=HOLD reason=trend_filter_not_passed meta={'regime': 'range'}
2026-08-18 23:47:31,825 | INFO | crypto_bot | 5m CLOSED ts=2026-08-18T23:40:00+00:00 o=0.01304000 h=0.01304000 l=0.01298000 c=0.01298000 v=82832.50000000
2026-08-18 23:47:31,825 | INFO | crypto_bot | TRADE pair=ROBO-USDT time=2026-08-18T23:47:31.771000+00:00 price=0.01297000 size=4113.10000000
2026-08-18 23:48:03,847 | INFO | crypto_bot | TRADE pair=ROBO-USDT time=2026-08-18T23:48:03.795000+00:00 price=0.01299000 size=11900.40000000
2026-08-18 23:48:03,847 | INFO | crypto_bot | 1m CLOSED ts=2026-08-18T23:47:00+00:00 o=0.01298000 h=0.01298000 l=0.01297000 c=0.01297000 v=7965.10000000
2026-08-18 23:48:03,847 | INFO | crypto_bot | ENTRY signal=HOLD reason=trend_filter_not_passed meta={'regime': 'range'}
2026-08-18 23:48:40,192 | INFO | crypto_bot | TRADE pair=ROBO-USDT time=2026-08-18T23:48:40.140000+00:00 price=0.01299000 size=3844.80000000
2026-08-18 23:51:09,964 | INFO | crypto_bot | TRADE pair=ROBO-USDT time=2026-08-18T23:51:09.908000+00:00 price=0.01300000 size=493.20000000
2026-08-18 23:51:09,964 | INFO | crypto_bot | 1m CLOSED ts=2026-08-18T23:48:00+00:00 o=0.01299000 h=0.01299000 l=0.01299000 c=0.01299000 v=15745.20000000
2026-08-18 23:51:09,964 | INFO | crypto_bot | ENTRY signal=HOLD reason=trend_filter_not_passed meta={'regime': 'range'}
2026-08-18 23:51:09,965 | INFO | crypto_bot | 5m CLOSED ts=2026-08-18T23:45:00+00:00 o=0.01298000 h=0.01299000 l=0.01297000 c=0.01299000 v=23710.30000000
2026-08-18 23:51:09,970 | INFO | crypto_bot | TRADE pair=ROBO-USDT time=2026-08-18T23:51:09.918000+00:00 price=0.01300000 size=3351.60000000
2026-08-18 23:51:21,462 | INFO | crypto_bot | TRADE pair=ROBO-USDT time=2026-08-18T23:51:21.405000+00:00 price=0.01300000 size=3844.80000000
2026-08-18 23:51:21,589 | INFO | crypto_bot | TRADE pair=ROBO-USDT time=2026-08-18T23:51:21.537000+00:00 price=0.01300000 size=1322.80000000
2026-08-18 23:54:48,543 | ERROR | crypto_bot | WebSocket 连接异常: no close frame received or sent
Traceback (most recent call last):
  File "/home/ubuntu/crypto-trading-bot/app.py", line 382, in consume_public_ws
    async for raw in ws:
  File "/home/ubuntu/crypto-trading-bot/.venv/lib/python3.12/site-packages/websockets/asyncio/connection.py", line 236, in __aiter__
    yield await self.recv()
          ^^^^^^^^^^^^^^^^^
  File "/home/ubuntu/crypto-trading-bot/.venv/lib/python3.12/site-packages/websockets/asyncio/connection.py", line 316, in recv
    raise self.protocol.close_exc from self.recv_exc
websockets.exceptions.ConnectionClosedError: no close frame received or sent
2026-08-18 23:54:48,544 | INFO | crypto_bot | 将在 5 秒后重连...
2026-08-18 23:54:53,549 | INFO | crypto_bot | 连接 OKX Public WS: wss://ws.okx.com:8443/ws/v5/public
2026-08-18 23:54:53,963 | INFO | crypto_bot | 已订阅 ROBO-USDT trades
2026-08-18 23:54:54,068 | INFO | crypto_bot | WS event: {'event': 'subscribe', 'arg': {'channel': 'trades', 'instId': 'ROBO-USDT'}, 'connId': 'b3a4689f'}
2026-08-18 23:57:20,980 | INFO | crypto_bot | TRADE pair=ROBO-USDT time=2026-08-18T23:57:20.927000+00:00 price=0.01298000 size=11888.50000000
2026-08-18 23:57:20,980 | INFO | crypto_bot | 1m CLOSED ts=2026-08-18T23:51:00+00:00 o=0.01300000 h=0.01300000 l=0.01300000 c=0.01300000 v=9012.40000000
2026-08-18 23:57:20,980 | INFO | crypto_bot | ENTRY signal=HOLD reason=trend_filter_not_passed meta={'regime': 'range'}
2026-08-18 23:57:20,981 | INFO | crypto_bot | 5m CLOSED ts=2026-08-18T23:50:00+00:00 o=0.01300000 h=0.01300000 l=0.01300000 c=0.01300000 v=9012.40000000
2026-08-18 23:58:17,765 | INFO | crypto_bot | TRADE pair=ROBO-USDT time=2026-08-18T23:58:17.710000+00:00 price=0.01298000 size=7704.10000000
2026-08-18 23:58:17,766 | INFO | crypto_bot | 1m CLOSED ts=2026-08-18T23:57:00+00:00 o=0.01298000 h=0.01298000 l=0.01298000 c=0.01298000 v=11888.50000000
2026-08-18 23:58:17,766 | INFO | crypto_bot | ENTRY signal=HOLD reason=trend_filter_not_passed meta={'regime': 'range'}
2026-08-18 23:58:17,771 | INFO | crypto_bot | TRADE pair=ROBO-USDT time=2026-08-18T23:58:17.719000+00:00 price=0.01298000 size=27044.90000000
2026-08-19 00:00:00,056 | INFO | crypto_bot | TRADE pair=ROBO-USDT time=2026-08-19T00:00:00.003000+00:00 price=0.01298000 size=144.60000000
2026-08-19 00:00:00,057 | INFO | crypto_bot | 1m CLOSED ts=2026-08-18T23:58:00+00:00 o=0.01298000 h=0.01298000 l=0.01298000 c=0.01298000 v=34749.00000000
2026-08-19 00:00:00,057 | INFO | crypto_bot | ENTRY signal=HOLD reason=trend_filter_not_passed meta={'regime': 'range'}
2026-08-19 00:00:00,057 | INFO | crypto_bot | 5m CLOSED ts=2026-08-18T23:55:00+00:00 o=0.01298000 h=0.01298000 l=0.01298000 c=0.01298000 v=46637.50000000
2026-08-19 00:00:12,133 | INFO | crypto_bot | TRADE pair=ROBO-USDT time=2026-08-19T00:00:12.081000+00:00 price=0.01298000 size=14406.60000000
2026-08-19 00:00:28,373 | INFO | crypto_bot | TRADE pair=ROBO-USDT time=2026-08-19T00:00:28.320000+00:00 price=0.01300000 size=4236.60000000
2026-08-19 00:01:13,324 | INFO | crypto_bot | TRADE pair=ROBO-USDT time=2026-08-19T00:01:13.272000+00:00 price=0.01303000 size=8414.80000000
2026-08-19 00:01:13,324 | INFO | crypto_bot | 1m CLOSED ts=2026-08-19T00:00:00+00:00 o=0.01298000 h=0.01300000 l=0.01298000 c=0.01300000 v=18787.80000000
2026-08-19 00:01:13,325 | INFO | crypto_bot | ENTRY signal=HOLD reason=trend_filter_not_passed meta={'regime': 'range'}
2026-08-19 00:01:22,368 | INFO | crypto_bot | TRADE pair=ROBO-USDT time=2026-08-19T00:01:22.315000+00:00 price=0.01304000 size=113.50000000
2026-08-19 00:01:37,843 | INFO | crypto_bot | TRADE pair=ROBO-USDT time=2026-08-19T00:01:37.781000+00:00 price=0.01304000 size=9262.60000000
2026-08-19 00:01:48,142 | INFO | crypto_bot | TRADE pair=ROBO-USDT time=2026-08-19T00:01:48.089000+00:00 price=0.01302000 size=45178.20000000
2026-08-19 00:02:18,680 | INFO | crypto_bot | TRADE pair=ROBO-USDT time=2026-08-19T00:02:18.627000+00:00 price=0.01303000 size=7419.50000000
2026-08-19 00:02:18,680 | INFO | crypto_bot | 1m CLOSED ts=2026-08-19T00:01:00+00:00 o=0.01303000 h=0.01304000 l=0.01302000 c=0.01302000 v=62969.10000000
2026-08-19 00:02:18,680 | INFO | crypto_bot | ENTRY signal=HOLD reason=trend_filter_not_passed meta={'regime': 'range'}
2026-08-19 00:02:18,748 | INFO | crypto_bot | TRADE pair=ROBO-USDT time=2026-08-19T00:02:18.696000+00:00 price=0.01302000 size=13711.10000000
2026-08-19 00:02:29,220 | INFO | crypto_bot | TRADE pair=ROBO-USDT time=2026-08-19T00:02:29.167000+00:00 price=0.01301000 size=12739.40000000
2026-08-19 00:02:36,665 | INFO | crypto_bot | TRADE pair=ROBO-USDT time=2026-08-19T00:02:36.606000+00:00 price=0.01302000 size=14993.40000000
2026-08-19 00:03:12,742 | INFO | crypto_bot | TRADE pair=ROBO-USDT time=2026-08-19T00:03:12.689000+00:00 price=0.01305000 size=13491.70000000
2026-08-19 00:03:12,743 | INFO | crypto_bot | 1m CLOSED ts=2026-08-19T00:02:00+00:00 o=0.01303000 h=0.01303000 l=0.01301000 c=0.01302000 v=48863.40000000
2026-08-19 00:03:12,743 | INFO | crypto_bot | ENTRY signal=HOLD reason=trend_filter_not_passed meta={'regime': 'range'}
2026-08-19 00:04:17,779 | INFO | crypto_bot | TRADE pair=ROBO-USDT time=2026-08-19T00:04:17.726000+00:00 price=0.01301000 size=3847.50000000
2026-08-19 00:04:17,779 | INFO | crypto_bot | 1m CLOSED ts=2026-08-19T00:03:00+00:00 o=0.01305000 h=0.01305000 l=0.01305000 c=0.01305000 v=13491.70000000
2026-08-19 00:04:17,780 | INFO | crypto_bot | ENTRY signal=HOLD reason=trend_filter_not_passed meta={'regime': 'range'}
2026-08-19 00:04:17,780 | INFO | crypto_bot | TRADE pair=ROBO-USDT time=2026-08-19T00:04:17.727000+00:00 price=0.01301000 size=28336.50000000
2026-08-19 00:04:35,067 | INFO | crypto_bot | TRADE pair=ROBO-USDT time=2026-08-19T00:04:35.014000+00:00 price=0.01302000 size=2894.90000000
2026-08-19 00:06:08,353 | INFO | crypto_bot | TRADE pair=ROBO-USDT time=2026-08-19T00:06:08.300000+00:00 price=0.01301000 size=32184.00000000
2026-08-19 00:06:08,353 | INFO | crypto_bot | 1m CLOSED ts=2026-08-19T00:04:00+00:00 o=0.01301000 h=0.01302000 l=0.01301000 c=0.01302000 v=35078.90000000
2026-08-19 00:06:08,353 | INFO | crypto_bot | ENTRY signal=HOLD reason=trend_filter_not_passed meta={'regime': 'range'}
2026-08-19 00:06:08,354 | INFO | crypto_bot | 5m CLOSED ts=2026-08-19T00:00:00+00:00 o=0.01298000 h=0.01305000 l=0.01298000 c=0.01302000 v=179190.90000000
2026-08-19 00:07:40,564 | INFO | crypto_bot | TRADE pair=ROBO-USDT time=2026-08-19T00:07:40.505000+00:00 price=0.01304000 size=32184.00000000
2026-08-19 00:07:40,565 | INFO | crypto_bot | 1m CLOSED ts=2026-08-19T00:06:00+00:00 o=0.01301000 h=0.01301000 l=0.01301000 c=0.01301000 v=32184.00000000
2026-08-19 00:07:40,565 | INFO | crypto_bot | ENTRY signal=HOLD reason=trend_filter_not_passed meta={'regime': 'range'}
2026-08-19 00:08:13,154 | INFO | crypto_bot | TRADE pair=ROBO-USDT time=2026-08-19T00:08:13.101000+00:00 price=0.01301000 size=20068.10000000
2026-08-19 00:08:13,154 | INFO | crypto_bot | 1m CLOSED ts=2026-08-19T00:07:00+00:00 o=0.01304000 h=0.01304000 l=0.01304000 c=0.01304000 v=32184.00000000
2026-08-19 00:08:13,155 | INFO | crypto_bot | ENTRY signal=HOLD reason=trend_filter_not_passed meta={'regime': 'range'}
2026-08-19 00:08:40,961 | INFO | crypto_bot | TRADE pair=ROBO-USDT time=2026-08-19T00:08:40.908000+00:00 price=0.01301000 size=32184.00000000
2026-08-19 00:08:40,963 | INFO | crypto_bot | TRADE pair=ROBO-USDT time=2026-08-19T00:08:40.910000+00:00 price=0.01301000 size=23952.30000000
2026-08-19 00:11:49,211 | INFO | crypto_bot | TRADE pair=ROBO-USDT time=2026-08-19T00:11:49.159000+00:00 price=0.01302000 size=26063.90000000
2026-08-19 00:11:49,211 | INFO | crypto_bot | 1m CLOSED ts=2026-08-19T00:08:00+00:00 o=0.01301000 h=0.01301000 l=0.01301000 c=0.01301000 v=76204.40000000
2026-08-19 00:11:49,211 | INFO | crypto_bot | ENTRY signal=HOLD reason=trend_filter_not_passed meta={'regime': 'range'}
2026-08-19 00:11:49,212 | INFO | crypto_bot | 5m CLOSED ts=2026-08-19T00:05:00+00:00 o=0.01301000 h=0.01304000 l=0.01301000 c=0.01301000 v=140572.40000000
2026-08-19 00:11:49,212 | INFO | crypto_bot | TRADE pair=ROBO-USDT time=2026-08-19T00:11:49.159000+00:00 price=0.01302000 size=24083.20000000
2026-08-19 00:12:07,518 | INFO | crypto_bot | TRADE pair=ROBO-USDT time=2026-08-19T00:12:07.466000+00:00 price=0.01304000 size=1000.00000000
2026-08-19 00:12:07,518 | INFO | crypto_bot | 1m CLOSED ts=2026-08-19T00:11:00+00:00 o=0.01302000 h=0.01302000 l=0.01302000 c=0.01302000 v=50147.10000000
2026-08-19 00:12:07,519 | INFO | crypto_bot | ENTRY signal=HOLD reason=trend_filter_not_passed meta={'regime': 'range'}
2026-08-19 00:13:47,663 | INFO | crypto_bot | TRADE pair=ROBO-USDT time=2026-08-19T00:13:47.610000+00:00 price=0.01304000 size=62461.10000000
2026-08-19 00:13:47,663 | INFO | crypto_bot | 1m CLOSED ts=2026-08-19T00:12:00+00:00 o=0.01304000 h=0.01304000 l=0.01304000 c=0.01304000 v=1000.00000000
2026-08-19 00:13:47,663 | INFO | crypto_bot | ENTRY signal=HOLD reason=trend_filter_not_passed meta={'regime': 'range'}
2026-08-19 00:14:09,838 | INFO | crypto_bot | TRADE pair=ROBO-USDT time=2026-08-19T00:14:09.785000+00:00 price=0.01302000 size=18622.10000000
2026-08-19 00:14:09,838 | INFO | crypto_bot | 1m CLOSED ts=2026-08-19T00:13:00+00:00 o=0.01304000 h=0.01304000 l=0.01304000 c=0.01304000 v=62461.10000000
2026-08-19 00:14:09,838 | INFO | crypto_bot | ENTRY signal=HOLD reason=trend_filter_not_passed meta={'regime': 'range'}
2026-08-19 00:14:09,839 | INFO | crypto_bot | TRADE pair=ROBO-USDT time=2026-08-19T00:14:09.785000+00:00 price=0.01302000 size=6104.70000000
2026-08-19 00:14:25,284 | INFO | crypto_bot | TRADE pair=ROBO-USDT time=2026-08-19T00:14:25.232000+00:00 price=0.01303000 size=5220.80000000
2026-08-19 00:14:49,838 | INFO | crypto_bot | TRADE pair=ROBO-USDT time=2026-08-19T00:14:49.786000+00:00 price=0.01304000 size=849.00000000
2026-08-19 00:16:01,341 | INFO | crypto_bot | TRADE pair=ROBO-USDT time=2026-08-19T00:16:01.286000+00:00 price=0.01304000 size=5563.10000000
2026-08-19 00:16:01,341 | INFO | crypto_bot | 1m CLOSED ts=2026-08-19T00:14:00+00:00 o=0.01302000 h=0.01304000 l=0.01302000 c=0.01304000 v=30796.60000000
2026-08-19 00:16:01,341 | INFO | crypto_bot | ENTRY signal=HOLD reason=breakout_not_passed meta={'ok': False, 'breakout_level': 0.01305, 'current_price': 0.01304, 'current_volume': 30796.6, 'avg_volume': 32078.675, 'extension_pct': -0.0007662835249043162, 'is_breakout': False, 'volume_ok': False, 'not_overextended': True}
2026-08-19 00:16:01,342 | INFO | crypto_bot | 5m CLOSED ts=2026-08-19T00:10:00+00:00 o=0.01302000 h=0.01304000 l=0.01302000 c=0.01304000 v=144404.80000000
2026-08-19 00:18:01,714 | INFO | crypto_bot | TRADE pair=ROBO-USDT time=2026-08-19T00:18:01.661000+00:00 price=0.01307000 size=1282.50000000
2026-08-19 00:18:01,714 | INFO | crypto_bot | 1m CLOSED ts=2026-08-19T00:16:00+00:00 o=0.01304000 h=0.01304000 l=0.01304000 c=0.01304000 v=5563.10000000
2026-08-19 00:18:01,714 | INFO | crypto_bot | ENTRY signal=HOLD reason=breakout_not_passed meta={'ok': False, 'breakout_level': 0.01305, 'current_price': 0.01304, 'current_volume': 5563.1, 'avg_volume': 32927.240000000005, 'extension_pct': -0.0007662835249043162, 'is_breakout': False, 'volume_ok': False, 'not_overextended': True}
2026-08-19 00:18:01,715 | INFO | crypto_bot | TRADE pair=ROBO-USDT time=2026-08-19T00:18:01.661000+00:00 price=0.01308000 size=2353.00000000
2026-08-19 00:18:15,816 | INFO | crypto_bot | TRADE pair=ROBO-USDT time=2026-08-19T00:18:15.764000+00:00 price=0.01306000 size=3600.00000000
2026-08-19 00:20:59,718 | INFO | crypto_bot | TRADE pair=ROBO-USDT time=2026-08-19T00:20:59.665000+00:00 price=0.01306000 size=23041.50000000
2026-08-19 00:20:59,718 | INFO | crypto_bot | 1m CLOSED ts=2026-08-19T00:18:00+00:00 o=0.01307000 h=0.01308000 l=0.01306000 c=0.01306000 v=7235.50000000
2026-08-19 00:20:59,719 | INFO | crypto_bot | ENTRY signal=HOLD reason=breakout_not_passed meta={'ok': False, 'breakout_level': 0.01305, 'current_price': 0.01306, 'current_volume': 7235.5, 'avg_volume': 31596.195, 'extension_pct': 0.0007662835249041833, 'is_breakout': True, 'volume_ok': False, 'not_overextended': True}
2026-08-19 00:20:59,719 | INFO | crypto_bot | 5m CLOSED ts=2026-08-19T00:15:00+00:00 o=0.01304000 h=0.01308000 l=0.01304000 c=0.01306000 v=12798.60000000
2026-08-19 00:20:59,721 | INFO | crypto_bot | TRADE pair=ROBO-USDT time=2026-08-19T00:20:59.668000+00:00 price=0.01306000 size=23041.50000000
2026-08-19 00:22:28,204 | INFO | crypto_bot | TRADE pair=ROBO-USDT time=2026-08-19T00:22:28.151000+00:00 price=0.01310000 size=11976.20000000
2026-08-19 00:22:28,204 | INFO | crypto_bot | 1m CLOSED ts=2026-08-19T00:20:00+00:00 o=0.01306000 h=0.01306000 l=0.01306000 c=0.01306000 v=46083.00000000
2026-08-19 00:22:28,205 | INFO | crypto_bot | ENTRY signal=HOLD reason=breakout_not_passed meta={'ok': False, 'breakout_level': 0.01308, 'current_price': 0.01306, 'current_volume': 46083.0, 'avg_volume': 31190.515000000003, 'extension_pct': -0.0015290519877675219, 'is_breakout': False, 'volume_ok': False, 'not_overextended': True}
2026-08-19 00:22:28,205 | INFO | crypto_bot | TRADE pair=ROBO-USDT time=2026-08-19T00:22:28.151000+00:00 price=0.01310000 size=11178.80000000
2026-08-19 00:23:07,437 | INFO | crypto_bot | TRADE pair=ROBO-USDT time=2026-08-19T00:23:07.384000+00:00 price=0.01310000 size=8473.20000000
2026-08-19 00:23:07,437 | INFO | crypto_bot | 1m CLOSED ts=2026-08-19T00:22:00+00:00 o=0.01310000 h=0.01310000 l=0.01310000 c=0.01310000 v=23155.00000000
2026-08-19 00:23:07,437 | INFO | crypto_bot | ENTRY signal=HOLD reason=breakout_not_passed meta={'ok': False, 'breakout_level': 0.01308, 'current_price': 0.0131, 'current_volume': 23155.0, 'avg_volume': 30120.495000000003, 'extension_pct': 0.0015290519877676544, 'is_breakout': True, 'volume_ok': False, 'not_overextended': True}
2026-08-19 00:23:07,445 | INFO | crypto_bot | TRADE pair=ROBO-USDT time=2026-08-19T00:23:07.393000+00:00 price=0.01309000 size=8753.00000000
2026-08-19 00:23:07,446 | INFO | crypto_bot | TRADE pair=ROBO-USDT time=2026-08-19T00:23:07.394000+00:00 price=0.01309000 size=14288.50000000
2026-08-19 00:26:29,734 | INFO | crypto_bot | TRADE pair=ROBO-USDT time=2026-08-19T00:26:29.681000+00:00 price=0.01309000 size=600.00000000
2026-08-19 00:26:29,735 | INFO | crypto_bot | 1m CLOSED ts=2026-08-19T00:23:00+00:00 o=0.01310000 h=0.01310000 l=0.01309000 c=0.01309000 v=31514.70000000
2026-08-19 00:26:29,735 | INFO | crypto_bot | ENTRY signal=HOLD reason=breakout_not_passed meta={'ok': False, 'breakout_level': 0.0131, 'current_price': 0.01309, 'current_volume': 31514.7, 'avg_volume': 30879.99, 'extension_pct': -0.0007633587786260555, 'is_breakout': False, 'volume_ok': False, 'not_overextended': True}
2026-08-19 00:26:29,735 | INFO | crypto_bot | 5m CLOSED ts=2026-08-19T00:20:00+00:00 o=0.01306000 h=0.01310000 l=0.01306000 c=0.01309000 v=100752.70000000
2026-08-19 00:26:43,544 | INFO | crypto_bot | TRADE pair=ROBO-USDT time=2026-08-19T00:26:43.491000+00:00 price=0.01310000 size=16540.60000000
2026-08-19 00:29:05,720 | INFO | crypto_bot | TRADE pair=ROBO-USDT time=2026-08-19T00:29:05.649000+00:00 price=0.01307000 size=15923.40000000
2026-08-19 00:29:05,721 | INFO | crypto_bot | 1m CLOSED ts=2026-08-19T00:26:00+00:00 o=0.01309000 h=0.01310000 l=0.01309000 c=0.01310000 v=17140.60000000
2026-08-19 00:29:05,721 | INFO | crypto_bot | ENTRY signal=HOLD reason=breakout_not_passed meta={'ok': False, 'breakout_level': 0.0131, 'current_price': 0.0131, 'current_volume': 17140.6, 'avg_volume': 31668.465000000004, 'extension_pct': 0.0, 'is_breakout': False, 'volume_ok': False, 'not_overextended': True}
2026-08-19 00:29:05,880 | INFO | crypto_bot | TRADE pair=ROBO-USDT time=2026-08-19T00:29:05.827000+00:00 price=0.01306000 size=24324.00000000
2026-08-19 00:29:05,965 | INFO | crypto_bot | TRADE pair=ROBO-USDT time=2026-08-19T00:29:05.904000+00:00 price=0.01305000 size=1532.70000000
2026-08-19 00:30:40,647 | INFO | crypto_bot | TRADE pair=ROBO-USDT time=2026-08-19T00:30:40.591000+00:00 price=0.01304000 size=43205.80000000
2026-08-19 00:30:40,647 | INFO | crypto_bot | 1m CLOSED ts=2026-08-19T00:29:00+00:00 o=0.01307000 h=0.01307000 l=0.01305000 c=0.01305000 v=41780.10000000
2026-08-19 00:30:40,647 | INFO | crypto_bot | ENTRY signal=HOLD reason=breakout_not_passed meta={'ok': False, 'breakout_level': 0.0131, 'current_price': 0.01305, 'current_volume': 41780.1, 'avg_volume': 32074.875, 'extension_pct': -0.003816793893129748, 'is_breakout': False, 'volume_ok': False, 'not_overextended': True}
2026-08-19 00:30:40,648 | INFO | crypto_bot | 5m CLOSED ts=2026-08-19T00:25:00+00:00 o=0.01309000 h=0.01310000 l=0.01305000 c=0.01305000 v=58920.70000000
2026-08-19 00:30:40,648 | INFO | crypto_bot | TRADE pair=ROBO-USDT time=2026-08-19T00:30:40.592000+00:00 price=0.01304000 size=3331.90000000
2026-08-19 00:30:40,656 | INFO | crypto_bot | TRADE pair=ROBO-USDT time=2026-08-19T00:30:40.601000+00:00 price=0.01304000 size=24324.00000000
2026-08-19 00:31:58,795 | INFO | crypto_bot | TRADE pair=ROBO-USDT time=2026-08-19T00:31:58.743000+00:00 price=0.01307000 size=14578.20000000
2026-08-19 00:31:58,796 | INFO | crypto_bot | 1m CLOSED ts=2026-08-19T00:30:00+00:00 o=0.01304000 h=0.01304000 l=0.01304000 c=0.01304000 v=70861.70000000
2026-08-19 00:31:58,796 | INFO | crypto_bot | ENTRY signal=HOLD reason=breakout_not_passed meta={'ok': False, 'breakout_level': 0.0131, 'current_price': 0.01304, 'current_volume': 70861.70000000001, 'avg_volume': 33569.455, 'extension_pct': -0.004580152671755803, 'is_breakout': False, 'volume_ok': True, 'not_overextended': True}
2026-08-19 00:32:13,053 | INFO | crypto_bot | TRADE pair=ROBO-USDT time=2026-08-19T00:32:13.001000+00:00 price=0.01307000 size=4128.30000000
2026-08-19 00:32:13,054 | INFO | crypto_bot | 1m CLOSED ts=2026-08-19T00:31:00+00:00 o=0.01307000 h=0.01307000 l=0.01307000 c=0.01307000 v=14578.20000000
2026-08-19 00:32:13,054 | INFO | crypto_bot | ENTRY signal=HOLD reason=breakout_not_passed meta={'ok': False, 'breakout_level': 0.0131, 'current_price': 0.01307, 'current_volume': 14578.2, 'avg_volume': 35375.090000000004, 'extension_pct': -0.0022900763358779017, 'is_breakout': False, 'volume_ok': False, 'not_overextended': True}
2026-08-19 00:32:13,054 | INFO | crypto_bot | TRADE pair=ROBO-USDT time=2026-08-19T00:32:13.001000+00:00 price=0.01307000 size=18913.20000000
2026-08-19 00:32:13,061 | INFO | crypto_bot | TRADE pair=ROBO-USDT time=2026-08-19T00:32:13.004000+00:00 price=0.01305000 size=43680.80000000
2026-08-19 00:32:51,246 | INFO | crypto_bot | TRADE pair=ROBO-USDT time=2026-08-19T00:32:51.194000+00:00 price=0.01304000 size=9586.80000000
2026-08-19 00:33:41,046 | INFO | crypto_bot | TRADE pair=ROBO-USDT time=2026-08-19T00:33:40.993000+00:00 price=0.01300000 size=433.50000000
2026-08-19 00:33:41,046 | INFO | crypto_bot | 1m CLOSED ts=2026-08-19T00:32:00+00:00 o=0.01307000 h=0.01307000 l=0.01304000 c=0.01304000 v=76309.10000000
2026-08-19 00:33:41,046 | INFO | crypto_bot | ENTRY signal=HOLD reason=breakout_not_passed meta={'ok': False, 'breakout_level': 0.0131, 'current_price': 0.01304, 'current_volume': 76309.1, 'avg_volume': 35164.61, 'extension_pct': -0.004580152671755803, 'is_breakout': False, 'volume_ok': True, 'not_overextended': True}
2026-08-19 00:35:14,105 | INFO | crypto_bot | TRADE pair=ROBO-USDT time=2026-08-19T00:35:14.053000+00:00 price=0.01297000 size=1060.90000000
2026-08-19 00:35:14,105 | INFO | crypto_bot | 1m CLOSED ts=2026-08-19T00:33:00+00:00 o=0.01300000 h=0.01300000 l=0.01300000 c=0.01300000 v=433.50000000
2026-08-19 00:35:14,106 | INFO | crypto_bot | ENTRY signal=HOLD reason=breakout_not_passed meta={'ok': False, 'breakout_level': 0.0131, 'current_price': 0.013, 'current_volume': 433.5, 'avg_volume': 35831.61, 'extension_pct': -0.0076335877862596276, 'is_breakout': False, 'volume_ok': False, 'not_overextended': True}
2026-08-19 00:35:14,109 | INFO | crypto_bot | 5m CLOSED ts=2026-08-19T00:30:00+00:00 o=0.01304000 h=0.01307000 l=0.01300000 c=0.01300000 v=162182.50000000
2026-08-19 00:37:00,792 | INFO | crypto_bot | TRADE pair=ROBO-USDT time=2026-08-19T00:37:00.740000+00:00 price=0.01297000 size=20113.60000000
2026-08-19 00:37:00,793 | INFO | crypto_bot | 1m CLOSED ts=2026-08-19T00:35:00+00:00 o=0.01297000 h=0.01297000 l=0.01297000 c=0.01297000 v=1060.90000000
2026-08-19 00:37:00,793 | INFO | crypto_bot | ENTRY signal=HOLD reason=breakout_not_passed meta={'ok': False, 'breakout_level': 0.0131, 'current_price': 0.01297, 'current_volume': 1060.9, 'avg_volume': 33410.115000000005, 'extension_pct': -0.009923664122137398, 'is_breakout': False, 'volume_ok': False, 'not_overextended': True}
2026-08-19 00:37:48,642 | INFO | crypto_bot | TRADE pair=ROBO-USDT time=2026-08-19T00:37:48.590000+00:00 price=0.01296000 size=20000.00000000
2026-08-19 00:38:17,038 | INFO | crypto_bot | TRADE pair=ROBO-USDT time=2026-08-19T00:38:16.985000+00:00 price=0.01297000 size=20000.00000000
2026-08-19 00:38:17,038 | INFO | crypto_bot | 1m CLOSED ts=2026-08-19T00:37:00+00:00 o=0.01297000 h=0.01297000 l=0.01296000 c=0.01296000 v=40113.60000000
2026-08-19 00:38:17,038 | INFO | crypto_bot | ENTRY signal=HOLD reason=breakout_not_passed meta={'ok': False, 'breakout_level': 0.0131, 'current_price': 0.01296, 'current_volume': 40113.6, 'avg_volume': 32788.575, 'extension_pct': -0.010687022900763453, 'is_breakout': False, 'volume_ok': False, 'not_overextended': True}
2026-08-19 00:38:17,041 | INFO | crypto_bot | TRADE pair=ROBO-USDT time=2026-08-19T00:38:16.989000+00:00 price=0.01295000 size=4947.20000000
2026-08-19 00:41:46,149 | INFO | crypto_bot | TRADE pair=ROBO-USDT time=2026-08-19T00:41:46.096000+00:00 price=0.01295000 size=20000.00000000
2026-08-19 00:41:46,149 | INFO | crypto_bot | 1m CLOSED ts=2026-08-19T00:38:00+00:00 o=0.01297000 h=0.01297000 l=0.01295000 c=0.01295000 v=24947.20000000
2026-08-19 00:41:46,149 | INFO | crypto_bot | ENTRY signal=HOLD reason=breakout_not_passed meta={'ok': False, 'breakout_level': 0.0131, 'current_price': 0.01295, 'current_volume': 24947.2, 'avg_volume': 33040.310000000005, 'extension_pct': -0.011450381679389375, 'is_breakout': False, 'volume_ok': False, 'not_overextended': True}
2026-08-19 00:41:46,150 | INFO | crypto_bot | 5m CLOSED ts=2026-08-19T00:35:00+00:00 o=0.01297000 h=0.01297000 l=0.01295000 c=0.01295000 v=66121.70000000
2026-08-19 00:43:01,039 | INFO | crypto_bot | TRADE pair=ROBO-USDT time=2026-08-19T00:43:00.986000+00:00 price=0.01295000 size=20068.10000000
2026-08-19 00:43:01,040 | INFO | crypto_bot | 1m CLOSED ts=2026-08-19T00:41:00+00:00 o=0.01295000 h=0.01295000 l=0.01295000 c=0.01295000 v=20000.00000000
2026-08-19 00:43:01,040 | INFO | crypto_bot | ENTRY signal=HOLD reason=breakout_not_passed meta={'ok': False, 'breakout_level': 0.0131, 'current_price': 0.01295, 'current_volume': 20000.0, 'avg_volume': 32678.47, 'extension_pct': -0.011450381679389375, 'is_breakout': False, 'volume_ok': False, 'not_overextended': True}
2026-08-19 00:45:06,568 | INFO | crypto_bot | TRADE pair=ROBO-USDT time=2026-08-19T00:45:06.515000+00:00 price=0.01295000 size=24707.00000000
2026-08-19 00:45:06,568 | INFO | crypto_bot | 1m CLOSED ts=2026-08-19T00:43:00+00:00 o=0.01295000 h=0.01295000 l=0.01295000 c=0.01295000 v=20068.10000000
2026-08-19 00:45:06,568 | INFO | crypto_bot | ENTRY signal=HOLD reason=breakout_not_passed meta={'ok': False, 'breakout_level': 0.0131, 'current_price': 0.01295, 'current_volume': 20068.1, 'avg_volume': 32069.27, 'extension_pct': -0.011450381679389375, 'is_breakout': False, 'volume_ok': False, 'not_overextended': True}
2026-08-19 00:45:06,569 | INFO | crypto_bot | 5m CLOSED ts=2026-08-19T00:40:00+00:00 o=0.01295000 h=0.01295000 l=0.01295000 c=0.01295000 v=40068.10000000
2026-08-19 00:48:57,596 | INFO | crypto_bot | TRADE pair=ROBO-USDT time=2026-08-19T00:48:57.543000+00:00 price=0.01294000 size=1011.60000000
2026-08-19 00:48:57,597 | INFO | crypto_bot | 1m CLOSED ts=2026-08-19T00:45:00+00:00 o=0.01295000 h=0.01295000 l=0.01295000 c=0.01295000 v=24707.00000000
2026-08-19 00:48:57,597 | INFO | crypto_bot | ENTRY signal=HOLD reason=breakout_not_passed meta={'ok': False, 'breakout_level': 0.0131, 'current_price': 0.01295, 'current_volume': 24707.0, 'avg_volume': 29262.454999999998, 'extension_pct': -0.011450381679389375, 'is_breakout': False, 'volume_ok': False, 'not_overextended': True}
2026-08-19 00:48:57,606 | INFO | crypto_bot | TRADE pair=ROBO-USDT time=2026-08-19T00:48:57.553000+00:00 price=0.01294000 size=21383.00000000
2026-08-19 00:49:19,070 | INFO | crypto_bot | TRADE pair=ROBO-USDT time=2026-08-19T00:49:19.016000+00:00 price=0.01293000 size=2735.20000000
2026-08-19 00:49:19,070 | INFO | crypto_bot | 1m CLOSED ts=2026-08-19T00:48:00+00:00 o=0.01294000 h=0.01294000 l=0.01294000 c=0.01294000 v=22394.60000000
2026-08-19 00:49:19,070 | INFO | crypto_bot | ENTRY signal=HOLD reason=breakout_not_passed meta={'ok': False, 'breakout_level': 0.0131, 'current_price': 0.01294, 'current_volume': 22394.6, 'avg_volume': 27990.45, 'extension_pct': -0.012213740458015298, 'is_breakout': False, 'volume_ok': False, 'not_overextended': True}
2026-08-19 00:49:33,100 | INFO | crypto_bot | TRADE pair=ROBO-USDT time=2026-08-19T00:49:33.046000+00:00 price=0.01292000 size=100.00000000
2026-08-19 00:49:33,103 | INFO | crypto_bot | TRADE pair=ROBO-USDT time=2026-08-19T00:49:33.050000+00:00 price=0.01293000 size=6960.50000000
2026-08-19 00:49:33,103 | INFO | crypto_bot | TRADE pair=ROBO-USDT time=2026-08-19T00:49:33.050000+00:00 price=0.01293000 size=6960.50000000
2026-08-19 00:49:33,104 | INFO | crypto_bot | TRADE pair=ROBO-USDT time=2026-08-19T00:49:33.051000+00:00 price=0.01291000 size=2945.40000000
2026-08-19 00:49:33,104 | INFO | crypto_bot | TRADE pair=ROBO-USDT time=2026-08-19T00:49:33.051000+00:00 price=0.01290000 size=760.70000000
2026-08-19 00:49:33,106 | INFO | crypto_bot | TRADE pair=ROBO-USDT time=2026-08-19T00:49:33.053000+00:00 price=0.01293000 size=3866.90000000
2026-08-19 00:49:33,107 | INFO | crypto_bot | TRADE pair=ROBO-USDT time=2026-08-19T00:49:33.054000+00:00 price=0.01293000 size=2095.10000000
2026-08-19 00:49:33,107 | INFO | crypto_bot | TRADE pair=ROBO-USDT time=2026-08-19T00:49:33.054000+00:00 price=0.01294000 size=4565.20000000
2026-08-19 00:50:00,115 | INFO | crypto_bot | TRADE pair=ROBO-USDT time=2026-08-19T00:50:00.061000+00:00 price=0.01291000 size=100.20000000
2026-08-19 00:50:00,115 | INFO | crypto_bot | 1m CLOSED ts=2026-08-19T00:49:00+00:00 o=0.01293000 h=0.01294000 l=0.01290000 c=0.01294000 v=30989.50000000
2026-08-19 00:50:00,115 | INFO | crypto_bot | ENTRY signal=HOLD reason=trend_filter_not_passed meta={'regime': 'range'}
2026-08-19 00:50:00,116 | INFO | crypto_bot | 5m CLOSED ts=2026-08-19T00:45:00+00:00 o=0.01295000 h=0.01295000 l=0.01290000 c=0.01294000 v=78091.10000000
2026-08-19 00:50:01,388 | INFO | crypto_bot | TRADE pair=ROBO-USDT time=2026-08-19T00:50:01.335000+00:00 price=0.01291000 size=1182.30000000
2026-08-19 00:50:01,388 | INFO | crypto_bot | TRADE pair=ROBO-USDT time=2026-08-19T00:50:01.335000+00:00 price=0.01290000 size=2236.20000000
2026-08-19 00:50:12,790 | INFO | crypto_bot | TRADE pair=ROBO-USDT time=2026-08-19T00:50:12.736000+00:00 price=0.01290000 size=11081.00000000
2026-08-19 00:50:12,794 | INFO | crypto_bot | TRADE pair=ROBO-USDT time=2026-08-19T00:50:12.741000+00:00 price=0.01289000 size=130.80000000
2026-08-19 00:50:12,797 | INFO | crypto_bot | TRADE pair=ROBO-USDT time=2026-08-19T00:50:12.743000+00:00 price=0.01288000 size=6060.10000000
2026-08-19 00:50:12,797 | INFO | crypto_bot | TRADE pair=ROBO-USDT time=2026-08-19T00:50:12.743000+00:00 price=0.01288000 size=5705.40000000
2026-08-19 00:50:12,797 | INFO | crypto_bot | TRADE pair=ROBO-USDT time=2026-08-19T00:50:12.743000+00:00 price=0.01288000 size=130.80000000
2026-08-19 00:50:12,797 | INFO | crypto_bot | TRADE pair=ROBO-USDT time=2026-08-19T00:50:12.743000+00:00 price=0.01288000 size=21000.40000000
2026-08-19 00:50:12,797 | INFO | crypto_bot | TRADE pair=ROBO-USDT time=2026-08-19T00:50:12.744000+00:00 price=0.01289000 size=448.40000000
2026-08-19 00:50:12,799 | INFO | crypto_bot | TRADE pair=ROBO-USDT time=2026-08-19T00:50:12.746000+00:00 price=0.01287000 size=1554.50000000
2026-08-19 00:50:12,799 | INFO | crypto_bot | TRADE pair=ROBO-USDT time=2026-08-19T00:50:12.746000+00:00 price=0.01286000 size=23234.40000000
2026-08-19 00:50:12,800 | INFO | crypto_bot | TRADE pair=ROBO-USDT time=2026-08-19T00:50:12.746000+00:00 price=0.01285000 size=8046.70000000
2026-08-19 00:50:12,800 | INFO | crypto_bot | TRADE pair=ROBO-USDT time=2026-08-19T00:50:12.746000+00:00 price=0.01285000 size=1079.30000000
2026-08-19 00:50:12,800 | INFO | crypto_bot | TRADE pair=ROBO-USDT time=2026-08-19T00:50:12.746000+00:00 price=0.01284000 size=1396.10000000
2026-08-19 00:50:12,802 | INFO | crypto_bot | TRADE pair=ROBO-USDT time=2026-08-19T00:50:12.749000+00:00 price=0.01285000 size=1282.50000000
2026-08-19 00:50:12,802 | INFO | crypto_bot | TRADE pair=ROBO-USDT time=2026-08-19T00:50:12.749000+00:00 price=0.01286000 size=894.70000000
2026-08-19 00:50:12,802 | INFO | crypto_bot | TRADE pair=ROBO-USDT time=2026-08-19T00:50:12.749000+00:00 price=0.01283000 size=11383.00000000
2026-08-19 00:50:12,802 | INFO | crypto_bot | TRADE pair=ROBO-USDT time=2026-08-19T00:50:12.749000+00:00 price=0.01286000 size=4517.80000000
2026-08-19 00:50:12,803 | INFO | crypto_bot | TRADE pair=ROBO-USDT time=2026-08-19T00:50:12.749000+00:00 price=0.01283000 size=1282.50000000
2026-08-19 00:50:12,804 | INFO | crypto_bot | TRADE pair=ROBO-USDT time=2026-08-19T00:50:12.751000+00:00 price=0.01282000 size=116.20000000
2026-08-19 00:50:12,805 | INFO | crypto_bot | TRADE pair=ROBO-USDT time=2026-08-19T00:50:12.751000+00:00 price=0.01282000 size=3469.40000000
2026-08-19 00:50:12,805 | INFO | crypto_bot | TRADE pair=ROBO-USDT time=2026-08-19T00:50:12.751000+00:00 price=0.01282000 size=1713.30000000
2026-08-19 00:50:12,805 | INFO | crypto_bot | TRADE pair=ROBO-USDT time=2026-08-19T00:50:12.752000+00:00 price=0.01282000 size=1713.30000000
2026-08-19 00:50:12,807 | INFO | crypto_bot | TRADE pair=ROBO-USDT time=2026-08-19T00:50:12.753000+00:00 price=0.01282000 size=7020.20000000
2026-08-19 00:50:12,807 | INFO | crypto_bot | TRADE pair=ROBO-USDT time=2026-08-19T00:50:12.753000+00:00 price=0.01280000 size=7009.30000000
2026-08-19 00:50:12,807 | INFO | crypto_bot | TRADE pair=ROBO-USDT time=2026-08-19T00:50:12.753000+00:00 price=0.01279000 size=12072.50000000
2026-08-19 00:50:12,807 | INFO | crypto_bot | TRADE pair=ROBO-USDT time=2026-08-19T00:50:12.753000+00:00 price=0.01281000 size=1282.50000000
2026-08-19 00:50:12,807 | INFO | crypto_bot | TRADE pair=ROBO-USDT time=2026-08-19T00:50:12.753000+00:00 price=0.01282000 size=5737.70000000
2026-08-19 00:50:12,807 | INFO | crypto_bot | TRADE pair=ROBO-USDT time=2026-08-19T00:50:12.753000+00:00 price=0.01279000 size=1282.50000000
2026-08-19 00:50:12,807 | INFO | crypto_bot | TRADE pair=ROBO-USDT time=2026-08-19T00:50:12.753000+00:00 price=0.01279000 size=1282.50000000
2026-08-19 00:50:12,808 | INFO | crypto_bot | TRADE pair=ROBO-USDT time=2026-08-19T00:50:12.753000+00:00 price=0.01279000 size=24456.80000000
2026-08-19 00:50:12,808 | INFO | crypto_bot | TRADE pair=ROBO-USDT time=2026-08-19T00:50:12.753000+00:00 price=0.01278000 size=563.00000000
2026-08-19 00:50:12,808 | INFO | crypto_bot | TRADE pair=ROBO-USDT time=2026-08-19T00:50:12.753000+00:00 price=0.01278000 size=132.80000000
2026-08-19 00:50:12,808 | INFO | crypto_bot | TRADE pair=ROBO-USDT time=2026-08-19T00:50:12.754000+00:00 price=0.01274000 size=4033.40000000
2026-08-19 00:50:12,808 | INFO | crypto_bot | TRADE pair=ROBO-USDT time=2026-08-19T00:50:12.754000+00:00 price=0.01281000 size=900.90000000
2026-08-19 00:50:12,808 | INFO | crypto_bot | TRADE pair=ROBO-USDT time=2026-08-19T00:50:12.754000+00:00 price=0.01281000 size=2496.00000000
2026-08-19 00:50:12,809 | INFO | crypto_bot | TRADE pair=ROBO-USDT time=2026-08-19T00:50:12.754000+00:00 price=0.01281000 size=859.30000000
2026-08-19 00:50:12,809 | INFO | crypto_bot | TRADE pair=ROBO-USDT time=2026-08-19T00:50:12.754000+00:00 price=0.01281000 size=18785.30000000
2026-08-19 00:50:12,809 | INFO | crypto_bot | TRADE pair=ROBO-USDT time=2026-08-19T00:50:12.754000+00:00 price=0.01282000 size=10283.60000000
2026-08-19 00:50:12,890 | INFO | crypto_bot | TRADE pair=ROBO-USDT time=2026-08-19T00:50:12.755000+00:00 price=0.01281000 size=3349.00000000
2026-08-19 00:50:12,890 | INFO | crypto_bot | TRADE pair=ROBO-USDT time=2026-08-19T00:50:12.756000+00:00 price=0.01274000 size=1958.70000000
2026-08-19 00:50:12,890 | INFO | crypto_bot | TRADE pair=ROBO-USDT time=2026-08-19T00:50:12.756000+00:00 price=0.01278000 size=39488.90000000
2026-08-19 00:50:12,891 | INFO | crypto_bot | TRADE pair=ROBO-USDT time=2026-08-19T00:50:12.756000+00:00 price=0.01276000 size=21678.40000000
2026-08-19 00:50:12,891 | INFO | crypto_bot | TRADE pair=ROBO-USDT time=2026-08-19T00:50:12.756000+00:00 price=0.01277000 size=10999.50000000
2026-08-19 00:50:12,891 | INFO | crypto_bot | TRADE pair=ROBO-USDT time=2026-08-19T00:50:12.756000+00:00 price=0.01278000 size=4794.50000000
2026-08-19 00:50:12,891 | INFO | crypto_bot | TRADE pair=ROBO-USDT time=2026-08-19T00:50:12.756000+00:00 price=0.01279000 size=16522.10000000
2026-08-19 00:50:12,891 | INFO | crypto_bot | TRADE pair=ROBO-USDT time=2026-08-19T00:50:12.756000+00:00 price=0.01279000 size=7824.70000000
2026-08-19 00:50:12,891 | INFO | crypto_bot | TRADE pair=ROBO-USDT time=2026-08-19T00:50:12.757000+00:00 price=0.01276000 size=1302.90000000
2026-08-19 00:50:12,891 | INFO | crypto_bot | TRADE pair=ROBO-USDT time=2026-08-19T00:50:12.757000+00:00 price=0.01274000 size=1282.50000000
2026-08-19 00:50:12,891 | INFO | crypto_bot | TRADE pair=ROBO-USDT time=2026-08-19T00:50:12.757000+00:00 price=0.01276000 size=5324.90000000
2026-08-19 00:50:12,892 | INFO | crypto_bot | TRADE pair=ROBO-USDT time=2026-08-19T00:50:12.759000+00:00 price=0.01274000 size=1282.50000000
2026-08-19 00:50:12,892 | INFO | crypto_bot | TRADE pair=ROBO-USDT time=2026-08-19T00:50:12.760000+00:00 price=0.01274000 size=3921.50000000
2026-08-19 00:50:12,892 | INFO | crypto_bot | TRADE pair=ROBO-USDT time=2026-08-19T00:50:12.760000+00:00 price=0.01274000 size=5960.70000000
2026-08-19 00:50:12,892 | INFO | crypto_bot | TRADE pair=ROBO-USDT time=2026-08-19T00:50:12.760000+00:00 price=0.01273000 size=2231.00000000
2026-08-19 00:50:12,892 | INFO | crypto_bot | TRADE pair=ROBO-USDT time=2026-08-19T00:50:12.760000+00:00 price=0.01274000 size=26059.60000000
2026-08-19 00:50:12,892 | INFO | crypto_bot | TRADE pair=ROBO-USDT time=2026-08-19T00:50:12.761000+00:00 price=0.01273000 size=6018.60000000
2026-08-19 00:50:12,892 | INFO | crypto_bot | TRADE pair=ROBO-USDT time=2026-08-19T00:50:12.761000+00:00 price=0.01273000 size=7800.20000000
2026-08-19 00:50:12,894 | INFO | crypto_bot | TRADE pair=ROBO-USDT time=2026-08-19T00:50:12.765000+00:00 price=0.01272000 size=1282.50000000
2026-08-19 00:50:12,895 | INFO | crypto_bot | TRADE pair=ROBO-USDT time=2026-08-19T00:50:12.766000+00:00 price=0.01275000 size=5988.10000000
2026-08-19 00:50:12,895 | INFO | crypto_bot | TRADE pair=ROBO-USDT time=2026-08-19T00:50:12.769000+00:00 price=0.01275000 size=2994.00000000
2026-08-19 00:50:12,895 | INFO | crypto_bot | TRADE pair=ROBO-USDT time=2026-08-19T00:50:12.770000+00:00 price=0.01275000 size=1960.00000000
2026-08-19 00:50:12,895 | INFO | crypto_bot | TRADE pair=ROBO-USDT time=2026-08-19T00:50:12.770000+00:00 price=0.01275000 size=1497.00000000
2026-08-19 00:50:12,895 | INFO | crypto_bot | TRADE pair=ROBO-USDT time=2026-08-19T00:50:12.770000+00:00 price=0.01275000 size=19826.30000000
2026-08-19 00:50:12,895 | INFO | crypto_bot | TRADE pair=ROBO-USDT time=2026-08-19T00:50:12.770000+00:00 price=0.01275000 size=3430.60000000
2026-08-19 00:50:12,895 | INFO | crypto_bot | TRADE pair=ROBO-USDT time=2026-08-19T00:50:12.770000+00:00 price=0.01275000 size=3045.40000000
2026-08-19 00:50:12,895 | INFO | crypto_bot | TRADE pair=ROBO-USDT time=2026-08-19T00:50:12.771000+00:00 price=0.01275000 size=748.50000000
2026-08-19 00:50:12,896 | INFO | crypto_bot | TRADE pair=ROBO-USDT time=2026-08-19T00:50:12.774000+00:00 price=0.01276000 size=374.30000000
2026-08-19 00:50:12,896 | INFO | crypto_bot | TRADE pair=ROBO-USDT time=2026-08-19T00:50:12.784000+00:00 price=0.01276000 size=1282.50000000
2026-08-19 00:50:12,896 | INFO | crypto_bot | TRADE pair=ROBO-USDT time=2026-08-19T00:50:12.787000+00:00 price=0.01275000 size=1282.50000000
2026-08-19 00:50:12,896 | INFO | crypto_bot | TRADE pair=ROBO-USDT time=2026-08-19T00:50:12.787000+00:00 price=0.01274000 size=24324.00000000
2026-08-19 00:50:12,897 | INFO | crypto_bot | TRADE pair=ROBO-USDT time=2026-08-19T00:50:12.787000+00:00 price=0.01273000 size=24324.00000000
2026-08-19 00:50:12,897 | INFO | crypto_bot | TRADE pair=ROBO-USDT time=2026-08-19T00:50:12.787000+00:00 price=0.01272000 size=34324.00000000
2026-08-19 00:50:12,897 | INFO | crypto_bot | TRADE pair=ROBO-USDT time=2026-08-19T00:50:12.790000+00:00 price=0.01274000 size=23041.50000000
2026-08-19 00:50:12,897 | INFO | crypto_bot | TRADE pair=ROBO-USDT time=2026-08-19T00:50:12.790000+00:00 price=0.01273000 size=26886.30000000
2026-08-19 00:50:12,897 | INFO | crypto_bot | TRADE pair=ROBO-USDT time=2026-08-19T00:50:12.790000+00:00 price=0.01272000 size=26886.30000000
2026-08-19 00:50:12,897 | INFO | crypto_bot | TRADE pair=ROBO-USDT time=2026-08-19T00:50:12.825000+00:00 price=0.01271000 size=213.60000000
2026-08-19 00:50:12,897 | INFO | crypto_bot | TRADE pair=ROBO-USDT time=2026-08-19T00:50:12.841000+00:00 price=0.01273000 size=1382.50000000
2026-08-19 00:50:12,898 | INFO | crypto_bot | TRADE pair=ROBO-USDT time=2026-08-19T00:50:12.842000+00:00 price=0.01272000 size=5127.30000000
2026-08-19 00:50:12,898 | INFO | crypto_bot | TRADE pair=ROBO-USDT time=2026-08-19T00:50:12.843000+00:00 price=0.01273000 size=1282.50000000
2026-08-19 00:50:12,898 | INFO | crypto_bot | TRADE pair=ROBO-USDT time=2026-08-19T00:50:12.843000+00:00 price=0.01274000 size=27800.00000000
2026-08-19 00:50:12,899 | INFO | crypto_bot | TRADE pair=ROBO-USDT time=2026-08-19T00:50:12.846000+00:00 price=0.01274000 size=2565.00000000
2026-08-19 00:50:12,964 | INFO | crypto_bot | TRADE pair=ROBO-USDT time=2026-08-19T00:50:12.909000+00:00 price=0.01272000 size=1282.50000000
2026-08-19 00:50:12,964 | INFO | crypto_bot | TRADE pair=ROBO-USDT time=2026-08-19T00:50:12.910000+00:00 price=0.01272000 size=1282.50000000
2026-08-19 00:50:12,964 | INFO | crypto_bot | TRADE pair=ROBO-USDT time=2026-08-19T00:50:12.910000+00:00 price=0.01273000 size=24324.00000000
2026-08-19 00:50:12,967 | INFO | crypto_bot | TRADE pair=ROBO-USDT time=2026-08-19T00:50:12.913000+00:00 price=0.01273000 size=7069.90000000
2026-08-19 00:50:12,970 | INFO | crypto_bot | TRADE pair=ROBO-USDT time=2026-08-19T00:50:12.917000+00:00 price=0.01273000 size=24324.00000000
2026-08-19 00:50:12,972 | INFO | crypto_bot | TRADE pair=ROBO-USDT time=2026-08-19T00:50:12.919000+00:00 price=0.01272000 size=3844.80000000
2026-08-19 00:50:12,978 | INFO | crypto_bot | TRADE pair=ROBO-USDT time=2026-08-19T00:50:12.925000+00:00 price=0.01273000 size=40606.10000000
2026-08-19 00:50:12,980 | INFO | crypto_bot | TRADE pair=ROBO-USDT time=2026-08-19T00:50:12.927000+00:00 price=0.01272000 size=3844.80000000
2026-08-19 00:50:12,983 | INFO | crypto_bot | TRADE pair=ROBO-USDT time=2026-08-19T00:50:12.929000+00:00 price=0.01273000 size=23041.50000000
2026-08-19 00:50:12,987 | INFO | crypto_bot | TRADE pair=ROBO-USDT time=2026-08-19T00:50:12.934000+00:00 price=0.01273000 size=1282.50000000
2026-08-19 00:50:12,993 | INFO | crypto_bot | TRADE pair=ROBO-USDT time=2026-08-19T00:50:12.940000+00:00 price=0.01272000 size=2555.80000000
2026-08-19 00:50:12,993 | INFO | crypto_bot | TRADE pair=ROBO-USDT time=2026-08-19T00:50:12.940000+00:00 price=0.01272000 size=1282.50000000
2026-08-19 00:50:13,004 | INFO | crypto_bot | TRADE pair=ROBO-USDT time=2026-08-19T00:50:12.951000+00:00 price=0.01272000 size=23041.50000000
2026-08-19 00:50:13,004 | INFO | crypto_bot | TRADE pair=ROBO-USDT time=2026-08-19T00:50:12.951000+00:00 price=0.01272000 size=1282.50000000
2026-08-19 00:50:13,007 | INFO | crypto_bot | TRADE pair=ROBO-USDT time=2026-08-19T00:50:12.953000+00:00 price=0.01273000 size=23041.50000000
2026-08-19 00:50:13,007 | INFO | crypto_bot | TRADE pair=ROBO-USDT time=2026-08-19T00:50:12.953000+00:00 price=0.01272000 size=23041.50000000
2026-08-19 00:50:13,007 | INFO | crypto_bot | TRADE pair=ROBO-USDT time=2026-08-19T00:50:12.953000+00:00 price=0.01274000 size=40590.60000000
2026-08-19 00:50:13,008 | INFO | crypto_bot | TRADE pair=ROBO-USDT time=2026-08-19T00:50:12.954000+00:00 price=0.01272000 size=1282.50000000
2026-08-19 00:50:13,009 | INFO | crypto_bot | TRADE pair=ROBO-USDT time=2026-08-19T00:50:12.956000+00:00 price=0.01273000 size=23041.50000000
2026-08-19 00:50:13,009 | INFO | crypto_bot | TRADE pair=ROBO-USDT time=2026-08-19T00:50:12.956000+00:00 price=0.01272000 size=2560.50000000
2026-08-19 00:50:13,009 | INFO | crypto_bot | TRADE pair=ROBO-USDT time=2026-08-19T00:50:12.956000+00:00 price=0.01272000 size=21763.50000000
2026-08-19 00:50:13,012 | INFO | crypto_bot | TRADE pair=ROBO-USDT time=2026-08-19T00:50:12.959000+00:00 price=0.01272000 size=1282.50000000
2026-08-19 00:50:13,046 | INFO | crypto_bot | TRADE pair=ROBO-USDT time=2026-08-19T00:50:12.976000+00:00 price=0.01273000 size=1282.50000000
2026-08-19 00:50:13,047 | INFO | crypto_bot | TRADE pair=ROBO-USDT time=2026-08-19T00:50:12.981000+00:00 price=0.01273000 size=1282.50000000
2026-08-19 00:50:13,047 | INFO | crypto_bot | TRADE pair=ROBO-USDT time=2026-08-19T00:50:12.983000+00:00 price=0.01273000 size=1282.50000000
2026-08-19 00:50:13,047 | INFO | crypto_bot | TRADE pair=ROBO-USDT time=2026-08-19T00:50:12.989000+00:00 price=0.01273000 size=1279.80000000
2026-08-19 00:50:13,047 | INFO | crypto_bot | TRADE pair=ROBO-USDT time=2026-08-19T00:50:12.989000+00:00 price=0.01274000 size=2.70000000
2026-08-19 00:50:13,047 | INFO | crypto_bot | TRADE pair=ROBO-USDT time=2026-08-19T00:50:12.989000+00:00 price=0.01274000 size=1282.50000000
2026-08-19 00:50:13,052 | INFO | crypto_bot | TRADE pair=ROBO-USDT time=2026-08-19T00:50:12.999000+00:00 price=0.01273000 size=1282.50000000
2026-08-19 00:50:13,065 | INFO | crypto_bot | TRADE pair=ROBO-USDT time=2026-08-19T00:50:13.009000+00:00 price=0.01273000 size=1282.50000000
2026-08-19 00:50:13,114 | INFO | crypto_bot | TRADE pair=ROBO-USDT time=2026-08-19T00:50:13.060000+00:00 price=0.01273000 size=187.10000000
2026-08-19 00:50:13,147 | INFO | crypto_bot | TRADE pair=ROBO-USDT time=2026-08-19T00:50:13.093000+00:00 price=0.01273000 size=21772.70000000
2026-08-19 00:50:13,147 | INFO | crypto_bot | TRADE pair=ROBO-USDT time=2026-08-19T00:50:13.093000+00:00 price=0.01273000 size=6529.20000000
2026-08-19 00:50:13,215 | INFO | crypto_bot | TRADE pair=ROBO-USDT time=2026-08-19T00:50:13.162000+00:00 price=0.01272000 size=3844.80000000
2026-08-19 00:50:14,433 | INFO | crypto_bot | TRADE pair=ROBO-USDT time=2026-08-19T00:50:14.380000+00:00 price=0.01275000 size=1282.50000000
2026-08-19 00:50:14,434 | INFO | crypto_bot | TRADE pair=ROBO-USDT time=2026-08-19T00:50:14.380000+00:00 price=0.01274000 size=25178.30000000
2026-08-19 00:50:14,434 | INFO | crypto_bot | TRADE pair=ROBO-USDT time=2026-08-19T00:50:14.381000+00:00 price=0.01274000 size=18290.00000000
2026-08-19 00:50:14,434 | INFO | crypto_bot | TRADE pair=ROBO-USDT time=2026-08-19T00:50:14.381000+00:00 price=0.01273000 size=25031.10000000
2026-08-19 00:50:15,031 | INFO | crypto_bot | TRADE pair=ROBO-USDT time=2026-08-19T00:50:14.978000+00:00 price=0.01274000 size=25876.40000000
2026-08-19 00:50:15,318 | INFO | crypto_bot | TRADE pair=ROBO-USDT time=2026-08-19T00:50:15.265000+00:00 price=0.01272000 size=1282.50000000
2026-08-19 00:50:18,210 | INFO | crypto_bot | TRADE pair=ROBO-USDT time=2026-08-19T00:50:18.157000+00:00 price=0.01272000 size=9969.40000000
2026-08-19 00:50:18,624 | INFO | crypto_bot | TRADE pair=ROBO-USDT time=2026-08-19T00:50:18.569000+00:00 price=0.01272000 size=13927.50000000
2026-08-19 00:50:19,029 | INFO | crypto_bot | TRADE pair=ROBO-USDT time=2026-08-19T00:50:18.975000+00:00 price=0.01275000 size=1282.50000000
2026-08-19 00:50:19,029 | INFO | crypto_bot | TRADE pair=ROBO-USDT time=2026-08-19T00:50:18.975000+00:00 price=0.01276000 size=1425.10000000
2026-08-19 00:50:19,363 | INFO | crypto_bot | TRADE pair=ROBO-USDT time=2026-08-19T00:50:19.306000+00:00 price=0.01275000 size=1997.80000000
2026-08-19 00:50:21,040 | INFO | crypto_bot | TRADE pair=ROBO-USDT time=2026-08-19T00:50:20.987000+00:00 price=0.01275000 size=14150.90000000
2026-08-19 00:50:25,347 | INFO | crypto_bot | TRADE pair=ROBO-USDT time=2026-08-19T00:50:25.294000+00:00 price=0.01274000 size=19566.50000000
2026-08-19 00:50:25,629 | INFO | crypto_bot | TRADE pair=ROBO-USDT time=2026-08-19T00:50:25.576000+00:00 price=0.01276000 size=1282.50000000
2026-08-19 00:50:30,303 | INFO | crypto_bot | TRADE pair=ROBO-USDT time=2026-08-19T00:50:30.250000+00:00 price=0.01278000 size=3912.00000000
2026-08-19 00:50:30,304 | INFO | crypto_bot | TRADE pair=ROBO-USDT time=2026-08-19T00:50:30.250000+00:00 price=0.01278000 size=2934.00000000
2026-08-19 00:50:33,624 | INFO | crypto_bot | TRADE pair=ROBO-USDT time=2026-08-19T00:50:33.570000+00:00 price=0.01276000 size=8075.80000000
2026-08-19 00:51:10,067 | INFO | crypto_bot | TRADE pair=ROBO-USDT time=2026-08-19T00:51:10.014000+00:00 price=0.01280000 size=3517.70000000
2026-08-19 00:51:10,067 | INFO | crypto_bot | 1m CLOSED ts=2026-08-19T00:50:00+00:00 o=0.01291000 h=0.01291000 l=0.01271000 c=0.01276000 v=1130071.60000000
2026-08-19 00:51:10,068 | INFO | crypto_bot | ENTRY signal=HOLD reason=trend_filter_not_passed meta={'regime': 'range'}
2026-08-19 00:51:10,068 | INFO | crypto_bot | TRADE pair=ROBO-USDT time=2026-08-19T00:51:10.014000+00:00 price=0.01280000 size=26994.10000000
2026-08-19 00:52:28,479 | INFO | crypto_bot | TRADE pair=ROBO-USDT time=2026-08-19T00:52:28.425000+00:00 price=0.01278000 size=100.20000000
2026-08-19 00:52:28,479 | INFO | crypto_bot | 1m CLOSED ts=2026-08-19T00:51:00+00:00 o=0.01280000 h=0.01280000 l=0.01280000 c=0.01280000 v=30511.80000000
2026-08-19 00:52:28,479 | INFO | crypto_bot | ENTRY signal=HOLD reason=trend_filter_not_passed meta={'regime': 'range'}
2026-08-19 00:53:28,434 | INFO | crypto_bot | TRADE pair=ROBO-USDT time=2026-08-19T00:53:28.380000+00:00 price=0.01276000 size=10880.30000000
2026-08-19 00:53:28,434 | INFO | crypto_bot | 1m CLOSED ts=2026-08-19T00:52:00+00:00 o=0.01278000 h=0.01278000 l=0.01278000 c=0.01278000 v=100.20000000
2026-08-19 00:53:28,434 | INFO | crypto_bot | ENTRY signal=HOLD reason=trend_filter_not_passed meta={'regime': 'range'}
2026-08-19 00:53:50,620 | INFO | crypto_bot | TRADE pair=ROBO-USDT time=2026-08-19T00:53:50.567000+00:00 price=0.01278000 size=21212.20000000
2026-08-19 00:55:11,802 | INFO | crypto_bot | TRADE pair=ROBO-USDT time=2026-08-19T00:55:11.748000+00:00 price=0.01281000 size=3844.80000000
2026-08-19 00:55:11,802 | INFO | crypto_bot | 1m CLOSED ts=2026-08-19T00:53:00+00:00 o=0.01276000 h=0.01278000 l=0.01276000 c=0.01278000 v=32092.50000000
2026-08-19 00:55:11,802 | INFO | crypto_bot | ENTRY signal=HOLD reason=trend_filter_not_passed meta={'regime': 'range'}
2026-08-19 00:55:11,803 | INFO | crypto_bot | 5m CLOSED ts=2026-08-19T00:50:00+00:00 o=0.01291000 h=0.01291000 l=0.01271000 c=0.01278000 v=1192776.10000000
2026-08-19 00:55:18,337 | INFO | crypto_bot | TRADE pair=ROBO-USDT time=2026-08-19T00:55:18.284000+00:00 price=0.01279000 size=3844.80000000
2026-08-19 00:57:06,664 | INFO | crypto_bot | TRADE pair=ROBO-USDT time=2026-08-19T00:57:06.604000+00:00 price=0.01277000 size=32967.10000000
2026-08-19 00:57:06,664 | INFO | crypto_bot | 1m CLOSED ts=2026-08-19T00:55:00+00:00 o=0.01281000 h=0.01281000 l=0.01279000 c=0.01279000 v=7689.60000000
2026-08-19 00:57:06,664 | INFO | crypto_bot | ENTRY signal=HOLD reason=trend_filter_not_passed meta={'regime': 'range'}
2026-08-19 00:57:06,665 | INFO | crypto_bot | TRADE pair=ROBO-USDT time=2026-08-19T00:57:06.604000+00:00 price=0.01277000 size=32967.10000000
2026-08-19 00:57:06,665 | INFO | crypto_bot | TRADE pair=ROBO-USDT time=2026-08-19T00:57:06.605000+00:00 price=0.01277000 size=154964.80000000
2026-08-19 00:57:19,828 | INFO | crypto_bot | TRADE pair=ROBO-USDT time=2026-08-19T00:57:19.774000+00:00 price=0.01278000 size=3844.80000000
2026-08-19 00:57:20,869 | INFO | crypto_bot | TRADE pair=ROBO-USDT time=2026-08-19T00:57:20.816000+00:00 price=0.01277000 size=3844.80000000
2026-08-19 00:57:21,119 | INFO | crypto_bot | TRADE pair=ROBO-USDT time=2026-08-19T00:57:21.065000+00:00 price=0.01277000 size=3132.30000000
2026-08-19 00:57:21,230 | INFO | crypto_bot | TRADE pair=ROBO-USDT time=2026-08-19T00:57:21.177000+00:00 price=0.01277000 size=712.50000000
2026-08-19 00:57:21,233 | INFO | crypto_bot | TRADE pair=ROBO-USDT time=2026-08-19T00:57:21.178000+00:00 price=0.01278000 size=6167.70000000
2026-08-19 00:57:21,572 | INFO | crypto_bot | TRADE pair=ROBO-USDT time=2026-08-19T00:57:21.518000+00:00 price=0.01278000 size=3129.90000000
2026-08-19 00:57:27,105 | INFO | crypto_bot | TRADE pair=ROBO-USDT time=2026-08-19T00:57:27.052000+00:00 price=0.01278000 size=3129.90000000
2026-08-19 00:58:03,177 | INFO | crypto_bot | TRADE pair=ROBO-USDT time=2026-08-19T00:58:03.124000+00:00 price=0.01277000 size=3844.80000000
2026-08-19 00:58:03,177 | INFO | crypto_bot | 1m CLOSED ts=2026-08-19T00:57:00+00:00 o=0.01277000 h=0.01278000 l=0.01277000 c=0.01278000 v=244860.90000000
2026-08-19 00:58:03,177 | INFO | crypto_bot | ENTRY signal=HOLD reason=trend_filter_not_passed meta={'regime': 'range'}
2026-08-19 00:58:04,664 | INFO | crypto_bot | TRADE pair=ROBO-USDT time=2026-08-19T00:58:04.608000+00:00 price=0.01279000 size=100.00000000
2026-08-19 00:58:12,925 | INFO | crypto_bot | TRADE pair=ROBO-USDT time=2026-08-19T00:58:12.871000+00:00 price=0.01277000 size=989.70000000
2026-08-19 00:58:12,925 | INFO | crypto_bot | TRADE pair=ROBO-USDT time=2026-08-19T00:58:12.871000+00:00 price=0.01277000 size=2855.10000000
2026-08-19 00:58:13,011 | INFO | crypto_bot | TRADE pair=ROBO-USDT time=2026-08-19T00:58:12.957000+00:00 price=0.01278000 size=1956.20000000
2026-08-19 00:58:22,904 | INFO | crypto_bot | TRADE pair=ROBO-USDT time=2026-08-19T00:58:22.850000+00:00 price=0.01276000 size=9119.70000000
2026-08-19 00:58:23,080 | INFO | crypto_bot | TRADE pair=ROBO-USDT time=2026-08-19T00:58:23.026000+00:00 price=0.01278000 size=1282.50000000
2026-08-19 00:58:23,081 | INFO | crypto_bot | TRADE pair=ROBO-USDT time=2026-08-19T00:58:23.028000+00:00 price=0.01278000 size=3057.00000000
2026-08-19 00:59:16,662 | INFO | crypto_bot | TRADE pair=ROBO-USDT time=2026-08-19T00:59:16.607000+00:00 price=0.01277000 size=33384.70000000
2026-08-19 00:59:16,662 | INFO | crypto_bot | 1m CLOSED ts=2026-08-19T00:58:00+00:00 o=0.01277000 h=0.01279000 l=0.01276000 c=0.01278000 v=23205.00000000
2026-08-19 00:59:16,662 | INFO | crypto_bot | ENTRY signal=HOLD reason=trend_filter_not_passed meta={'regime': 'range'}
2026-08-19 00:59:21,770 | INFO | crypto_bot | TRADE pair=ROBO-USDT time=2026-08-19T00:59:21.716000+00:00 price=0.01276000 size=50000.00000000
2026-08-19 00:59:47,224 | INFO | crypto_bot | TRADE pair=ROBO-USDT time=2026-08-19T00:59:47.170000+00:00 price=0.01276000 size=50000.00000000
2026-08-19 00:59:58,791 | INFO | crypto_bot | TRADE pair=ROBO-USDT time=2026-08-19T00:59:58.737000+00:00 price=0.01277000 size=9115.60000000
2026-08-19 00:59:58,791 | INFO | crypto_bot | TRADE pair=ROBO-USDT time=2026-08-19T00:59:58.737000+00:00 price=0.01276000 size=40884.40000000
2026-08-19 01:00:11,551 | INFO | crypto_bot | TRADE pair=ROBO-USDT time=2026-08-19T01:00:11.497000+00:00 price=0.01278000 size=4951.50000000
2026-08-19 01:00:11,552 | INFO | crypto_bot | 1m CLOSED ts=2026-08-19T00:59:00+00:00 o=0.01277000 h=0.01277000 l=0.01276000 c=0.01276000 v=183384.70000000
2026-08-19 01:00:11,552 | INFO | crypto_bot | ENTRY signal=HOLD reason=trend_filter_not_passed meta={'regime': 'range'}
2026-08-19 01:00:11,553 | INFO | crypto_bot | 5m CLOSED ts=2026-08-19T00:55:00+00:00 o=0.01281000 h=0.01281000 l=0.01276000 c=0.01276000 v=459140.20000000
2026-08-19 01:00:22,056 | INFO | crypto_bot | TRADE pair=ROBO-USDT time=2026-08-19T01:00:22.002000+00:00 price=0.01279000 size=20341.40000000
2026-08-19 01:00:30,648 | INFO | crypto_bot | TRADE pair=ROBO-USDT time=2026-08-19T01:00:30.594000+00:00 price=0.01279000 size=22769.00000000
2026-08-19 01:00:30,648 | INFO | crypto_bot | TRADE pair=ROBO-USDT time=2026-08-19T01:00:30.595000+00:00 price=0.01279000 size=10198.10000000
2026-08-19 01:01:00,647 | INFO | crypto_bot | TRADE pair=ROBO-USDT time=2026-08-19T01:01:00.593000+00:00 price=0.01280000 size=19185.00000000
2026-08-19 01:01:00,648 | INFO | crypto_bot | 1m CLOSED ts=2026-08-19T01:00:00+00:00 o=0.01278000 h=0.01279000 l=0.01278000 c=0.01279000 v=58260.00000000
2026-08-19 01:01:00,648 | INFO | crypto_bot | ENTRY signal=HOLD reason=trend_filter_not_passed meta={'regime': 'range'}
2026-08-19 01:01:00,649 | INFO | crypto_bot | TRADE pair=ROBO-USDT time=2026-08-19T01:01:00.595000+00:00 price=0.01280000 size=13782.10000000
2026-08-19 01:01:56,814 | INFO | crypto_bot | TRADE pair=ROBO-USDT time=2026-08-19T01:01:56.759000+00:00 price=0.01279000 size=54655.80000000
2026-08-19 01:01:56,815 | INFO | crypto_bot | TRADE pair=ROBO-USDT time=2026-08-19T01:01:56.759000+00:00 price=0.01278000 size=12465.40000000
2026-08-19 01:02:20,270 | INFO | crypto_bot | TRADE pair=ROBO-USDT time=2026-08-19T01:02:20.217000+00:00 price=0.01279000 size=13454.90000000
2026-08-19 01:02:20,270 | INFO | crypto_bot | 1m CLOSED ts=2026-08-19T01:01:00+00:00 o=0.01280000 h=0.01280000 l=0.01278000 c=0.01278000 v=100088.30000000
2026-08-19 01:02:20,270 | INFO | crypto_bot | ENTRY signal=HOLD reason=trend_filter_not_passed meta={'regime': 'range'}
2026-08-19 01:03:07,225 | INFO | crypto_bot | TRADE pair=ROBO-USDT time=2026-08-19T01:03:07.171000+00:00 price=0.01277000 size=363.30000000
2026-08-19 01:03:07,225 | INFO | crypto_bot | 1m CLOSED ts=2026-08-19T01:02:00+00:00 o=0.01279000 h=0.01279000 l=0.01279000 c=0.01279000 v=13454.90000000
2026-08-19 01:03:07,225 | INFO | crypto_bot | ENTRY signal=HOLD reason=trend_filter_not_passed meta={'regime': 'range'}
2026-08-19 01:04:34,366 | ERROR | crypto_bot | WebSocket 连接异常: no close frame received or sent
Traceback (most recent call last):
  File "/home/ubuntu/crypto-trading-bot/app.py", line 382, in consume_public_ws
    async for raw in ws:
  File "/home/ubuntu/crypto-trading-bot/.venv/lib/python3.12/site-packages/websockets/asyncio/connection.py", line 236, in __aiter__
    yield await self.recv()
          ^^^^^^^^^^^^^^^^^
  File "/home/ubuntu/crypto-trading-bot/.venv/lib/python3.12/site-packages/websockets/asyncio/connection.py", line 316, in recv
    raise self.protocol.close_exc from self.recv_exc
websockets.exceptions.ConnectionClosedError: no close frame received or sent
2026-08-19 01:04:34,367 | INFO | crypto_bot | 将在 5 秒后重连...
2026-08-19 01:04:39,372 | INFO | crypto_bot | 连接 OKX Public WS: wss://ws.okx.com:8443/ws/v5/public
2026-08-19 01:04:39,787 | INFO | crypto_bot | 已订阅 ROBO-USDT trades
2026-08-19 01:04:39,895 | INFO | crypto_bot | WS event: {'event': 'subscribe', 'arg': {'channel': 'trades', 'instId': 'ROBO-USDT'}, 'connId': '108170dc'}
2026-08-19 01:04:43,168 | INFO | crypto_bot | TRADE pair=ROBO-USDT time=2026-08-19T01:04:43.105000+00:00 price=0.01277000 size=12217.50000000
2026-08-19 01:04:43,168 | INFO | crypto_bot | 1m CLOSED ts=2026-08-19T01:03:00+00:00 o=0.01277000 h=0.01277000 l=0.01277000 c=0.01277000 v=363.30000000
2026-08-19 01:04:43,168 | INFO | crypto_bot | ENTRY signal=HOLD reason=trend_filter_not_passed meta={'regime': 'range'}
2026-08-19 01:04:52,732 | INFO | crypto_bot | TRADE pair=ROBO-USDT time=2026-08-19T01:04:52.674000+00:00 price=0.01278000 size=15649.40000000
2026-08-19 01:05:16,106 | INFO | crypto_bot | TRADE pair=ROBO-USDT time=2026-08-19T01:05:16.049000+00:00 price=0.01276000 size=20000.00000000
2026-08-19 01:05:16,106 | INFO | crypto_bot | 1m CLOSED ts=2026-08-19T01:04:00+00:00 o=0.01277000 h=0.01278000 l=0.01277000 c=0.01278000 v=27866.90000000
2026-08-19 01:05:16,106 | INFO | crypto_bot | ENTRY signal=HOLD reason=trend_filter_not_passed meta={'regime': 'range'}
2026-08-19 01:05:16,107 | INFO | crypto_bot | 5m CLOSED ts=2026-08-19T01:00:00+00:00 o=0.01278000 h=0.01280000 l=0.01277000 c=0.01278000 v=200033.40000000
2026-08-19 01:05:57,928 | INFO | crypto_bot | TRADE pair=ROBO-USDT time=2026-08-19T01:05:57.871000+00:00 price=0.01279000 size=4065.00000000
2026-08-19 01:06:04,052 | INFO | crypto_bot | TRADE pair=ROBO-USDT time=2026-08-19T01:06:03.995000+00:00 price=0.01277000 size=7880.10000000
2026-08-19 01:06:04,052 | INFO | crypto_bot | 1m CLOSED ts=2026-08-19T01:05:00+00:00 o=0.01276000 h=0.01279000 l=0.01276000 c=0.01279000 v=24065.00000000
2026-08-19 01:06:04,052 | INFO | crypto_bot | ENTRY signal=HOLD reason=trend_filter_not_passed meta={'regime': 'range'}
2026-08-19 01:06:48,677 | INFO | crypto_bot | TRADE pair=ROBO-USDT time=2026-08-19T01:06:48.620000+00:00 price=0.01277000 size=7684.00000000
2026-08-19 01:06:48,807 | INFO | crypto_bot | TRADE pair=ROBO-USDT time=2026-08-19T01:06:48.749000+00:00 price=0.01277000 size=6192.80000000
2026-08-19 01:06:48,835 | INFO | crypto_bot | TRADE pair=ROBO-USDT time=2026-08-19T01:06:48.778000+00:00 price=0.01277000 size=6671.40000000
2026-08-19 01:06:48,836 | INFO | crypto_bot | TRADE pair=ROBO-USDT time=2026-08-19T01:06:48.779000+00:00 price=0.01277000 size=6878.20000000
2026-08-19 01:06:48,843 | INFO | crypto_bot | TRADE pair=ROBO-USDT time=2026-08-19T01:06:48.787000+00:00 price=0.01277000 size=5502.50000000
2026-08-19 01:06:49,375 | INFO | crypto_bot | TRADE pair=ROBO-USDT time=2026-08-19T01:06:49.318000+00:00 price=0.01277000 size=6069.50000000
2026-08-19 01:06:49,968 | INFO | crypto_bot | TRADE pair=ROBO-USDT time=2026-08-19T01:06:49.911000+00:00 price=0.01277000 size=57000.00000000
2026-08-19 01:06:49,969 | INFO | crypto_bot | TRADE pair=ROBO-USDT time=2026-08-19T01:06:49.911000+00:00 price=0.01277000 size=30611.30000000
2026-08-19 01:06:49,969 | INFO | crypto_bot | TRADE pair=ROBO-USDT time=2026-08-19T01:06:49.912000+00:00 price=0.01277000 size=28500.00000000
2026-08-19 01:06:49,969 | INFO | crypto_bot | TRADE pair=ROBO-USDT time=2026-08-19T01:06:49.912000+00:00 price=0.01277000 size=28500.00000000
2026-08-19 01:06:49,969 | INFO | crypto_bot | TRADE pair=ROBO-USDT time=2026-08-19T01:06:49.913000+00:00 price=0.01277000 size=68294.80000000
2026-08-19 01:06:49,971 | INFO | crypto_bot | TRADE pair=ROBO-USDT time=2026-08-19T01:06:49.914000+00:00 price=0.01277000 size=68294.80000000
2026-08-19 01:06:49,972 | INFO | crypto_bot | TRADE pair=ROBO-USDT time=2026-08-19T01:06:49.915000+00:00 price=0.01277000 size=75239.00000000
2026-08-19 01:06:49,972 | INFO | crypto_bot | TRADE pair=ROBO-USDT time=2026-08-19T01:06:49.915000+00:00 price=0.01277000 size=89129.50000000
2026-08-19 01:07:00,252 | INFO | crypto_bot | TRADE pair=ROBO-USDT time=2026-08-19T01:07:00.195000+00:00 price=0.01276000 size=6034.40000000
2026-08-19 01:07:00,252 | INFO | crypto_bot | 1m CLOSED ts=2026-08-19T01:06:00+00:00 o=0.01277000 h=0.01277000 l=0.01277000 c=0.01277000 v=492447.90000000
2026-08-19 01:07:00,252 | INFO | crypto_bot | ENTRY signal=HOLD reason=trend_filter_not_passed meta={'regime': 'range'}
2026-08-19 01:07:05,574 | INFO | crypto_bot | TRADE pair=ROBO-USDT time=2026-08-19T01:07:05.517000+00:00 price=0.01277000 size=32967.10000000
2026-08-19 01:08:02,976 | INFO | crypto_bot | TRADE pair=ROBO-USDT time=2026-08-19T01:08:02.918000+00:00 price=0.01278000 size=32967.10000000
2026-08-19 01:08:02,976 | INFO | crypto_bot | 1m CLOSED ts=2026-08-19T01:07:00+00:00 o=0.01276000 h=0.01277000 l=0.01276000 c=0.01277000 v=39001.50000000
2026-08-19 01:08:02,977 | INFO | crypto_bot | ENTRY signal=HOLD reason=trend_filter_not_passed meta={'regime': 'range'}
2026-08-19 01:08:30,467 | INFO | crypto_bot | TRADE pair=ROBO-USDT time=2026-08-19T01:08:30.409000+00:00 price=0.01278000 size=351.00000000
2026-08-19 01:08:32,738 | INFO | crypto_bot | TRADE pair=ROBO-USDT time=2026-08-19T01:08:32.680000+00:00 price=0.01279000 size=12304.80000000
2026-08-19 01:08:32,747 | INFO | crypto_bot | TRADE pair=ROBO-USDT time=2026-08-19T01:08:32.690000+00:00 price=0.01279000 size=1311.70000000
2026-08-19 01:14:17,503 | INFO | crypto_bot | TRADE pair=ROBO-USDT time=2026-08-19T01:14:17.445000+00:00 price=0.01283000 size=6112.50000000
2026-08-19 01:14:17,503 | INFO | crypto_bot | 1m CLOSED ts=2026-08-19T01:08:00+00:00 o=0.01278000 h=0.01279000 l=0.01278000 c=0.01279000 v=46934.60000000
2026-08-19 01:14:17,503 | INFO | crypto_bot | ENTRY signal=HOLD reason=trend_filter_not_passed meta={'regime': 'range'}
2026-08-19 01:14:17,504 | INFO | crypto_bot | 5m CLOSED ts=2026-08-19T01:05:00+00:00 o=0.01276000 h=0.01279000 l=0.01276000 c=0.01279000 v=602449.00000000
2026-08-19 01:15:37,603 | INFO | crypto_bot | TRADE pair=ROBO-USDT time=2026-08-19T01:15:37.546000+00:00 price=0.01281000 size=48971.10000000
2026-08-19 01:15:37,604 | INFO | crypto_bot | 1m CLOSED ts=2026-08-19T01:14:00+00:00 o=0.01283000 h=0.01283000 l=0.01283000 c=0.01283000 v=6112.50000000
2026-08-19 01:15:37,604 | INFO | crypto_bot | ENTRY signal=HOLD reason=trend_filter_not_passed meta={'regime': 'range'}
2026-08-19 01:15:37,604 | INFO | crypto_bot | 5m CLOSED ts=2026-08-19T01:10:00+00:00 o=0.01283000 h=0.01283000 l=0.01283000 c=0.01283000 v=6112.50000000
2026-08-19 01:15:37,615 | INFO | crypto_bot | TRADE pair=ROBO-USDT time=2026-08-19T01:15:37.550000+00:00 price=0.01280000 size=14946.40000000
2026-08-19 01:15:37,681 | INFO | crypto_bot | TRADE pair=ROBO-USDT time=2026-08-19T01:15:37.624000+00:00 price=0.01281000 size=32967.10000000
2026-08-19 01:15:37,682 | INFO | crypto_bot | TRADE pair=ROBO-USDT time=2026-08-19T01:15:37.625000+00:00 price=0.01281000 size=32967.10000000
2026-08-19 01:15:43,991 | INFO | crypto_bot | TRADE pair=ROBO-USDT time=2026-08-19T01:15:43.934000+00:00 price=0.01280000 size=1278.00000000
2026-08-19 01:16:16,490 | INFO | crypto_bot | TRADE pair=ROBO-USDT time=2026-08-19T01:16:16.432000+00:00 price=0.01280000 size=32971.60000000
2026-08-19 01:16:16,490 | INFO | crypto_bot | 1m CLOSED ts=2026-08-19T01:15:00+00:00 o=0.01281000 h=0.01281000 l=0.01280000 c=0.01280000 v=131129.70000000
2026-08-19 01:16:16,491 | INFO | crypto_bot | ENTRY signal=HOLD reason=trend_filter_not_passed meta={'regime': 'range'}
2026-08-19 01:16:16,491 | INFO | crypto_bot | TRADE pair=ROBO-USDT time=2026-08-19T01:16:16.433000+00:00 price=0.01280000 size=8069.30000000
2026-08-19 01:16:22,724 | INFO | crypto_bot | TRADE pair=ROBO-USDT time=2026-08-19T01:16:22.667000+00:00 price=0.01282000 size=21817.50000000
2026-08-19 01:16:44,938 | INFO | crypto_bot | TRADE pair=ROBO-USDT time=2026-08-19T01:16:44.875000+00:00 price=0.01280000 size=32967.10000000
2026-08-19 01:16:44,939 | INFO | crypto_bot | TRADE pair=ROBO-USDT time=2026-08-19T01:16:44.875000+00:00 price=0.01279000 size=113669.10000000
2026-08-19 01:16:44,939 | INFO | crypto_bot | TRADE pair=ROBO-USDT time=2026-08-19T01:16:44.876000+00:00 price=0.01279000 size=22682.70000000
2026-08-19 01:16:44,939 | INFO | crypto_bot | TRADE pair=ROBO-USDT time=2026-08-19T01:16:44.882000+00:00 price=0.01280000 size=6878.20000000
2026-08-19 01:17:07,702 | INFO | crypto_bot | TRADE pair=ROBO-USDT time=2026-08-19T01:17:07.645000+00:00 price=0.01280000 size=10445.50000000
2026-08-19 01:17:07,703 | INFO | crypto_bot | 1m CLOSED ts=2026-08-19T01:16:00+00:00 o=0.01280000 h=0.01282000 l=0.01279000 c=0.01280000 v=239055.50000000
2026-08-19 01:17:07,703 | INFO | crypto_bot | ENTRY signal=HOLD reason=trend_filter_not_passed meta={'regime': 'range'}
2026-08-19 01:17:07,712 | INFO | crypto_bot | TRADE pair=ROBO-USDT time=2026-08-19T01:17:07.656000+00:00 price=0.01280000 size=22521.60000000
2026-08-19 01:17:19,927 | INFO | crypto_bot | TRADE pair=ROBO-USDT time=2026-08-19T01:17:19.869000+00:00 price=0.01280000 size=2329.30000000
2026-08-19 01:18:03,676 | INFO | crypto_bot | TRADE pair=ROBO-USDT time=2026-08-19T01:18:03.619000+00:00 price=0.01280000 size=26316.80000000
2026-08-19 01:18:03,676 | INFO | crypto_bot | 1m CLOSED ts=2026-08-19T01:17:00+00:00 o=0.01280000 h=0.01280000 l=0.01280000 c=0.01280000 v=35296.40000000
2026-08-19 01:18:03,677 | INFO | crypto_bot | ENTRY signal=HOLD reason=trend_filter_not_passed meta={'regime': 'range'}
2026-08-19 01:18:06,654 | INFO | crypto_bot | TRADE pair=ROBO-USDT time=2026-08-19T01:18:06.597000+00:00 price=0.01280000 size=582.30000000
2026-08-19 01:18:44,104 | INFO | crypto_bot | TRADE pair=ROBO-USDT time=2026-08-19T01:18:44.047000+00:00 price=0.01280000 size=873.50000000
2026-08-19 01:19:10,950 | INFO | crypto_bot | TRADE pair=ROBO-USDT time=2026-08-19T01:19:10.893000+00:00 price=0.01280000 size=873.50000000
2026-08-19 01:19:10,950 | INFO | crypto_bot | 1m CLOSED ts=2026-08-19T01:18:00+00:00 o=0.01280000 h=0.01280000 l=0.01280000 c=0.01280000 v=27772.60000000
2026-08-19 01:19:10,951 | INFO | crypto_bot | ENTRY signal=HOLD reason=trend_filter_not_passed meta={'regime': 'range'}
2026-08-19 01:19:11,195 | INFO | crypto_bot | TRADE pair=ROBO-USDT time=2026-08-19T01:19:11.138000+00:00 price=0.01280000 size=28500.00000000
2026-08-19 01:19:11,195 | INFO | crypto_bot | TRADE pair=ROBO-USDT time=2026-08-19T01:19:11.138000+00:00 price=0.01280000 size=15673.10000000
2026-08-19 01:19:11,196 | INFO | crypto_bot | TRADE pair=ROBO-USDT time=2026-08-19T01:19:11.139000+00:00 price=0.01280000 size=8964.70000000
2026-08-19 01:19:37,784 | INFO | crypto_bot | TRADE pair=ROBO-USDT time=2026-08-19T01:19:37.725000+00:00 price=0.01282000 size=1560.00000000
2026-08-19 01:20:58,308 | INFO | crypto_bot | TRADE pair=ROBO-USDT time=2026-08-19T01:20:58.251000+00:00 price=0.01281000 size=4060.90000000
2026-08-19 01:20:58,308 | INFO | crypto_bot | 1m CLOSED ts=2026-08-19T01:19:00+00:00 o=0.01280000 h=0.01282000 l=0.01280000 c=0.01282000 v=55571.30000000
2026-08-19 01:20:58,308 | INFO | crypto_bot | ENTRY signal=HOLD reason=trend_filter_not_passed meta={'regime': 'range'}
2026-08-19 01:20:58,309 | INFO | crypto_bot | 5m CLOSED ts=2026-08-19T01:15:00+00:00 o=0.01281000 h=0.01282000 l=0.01279000 c=0.01282000 v=488825.50000000
2026-08-19 01:21:13,958 | INFO | crypto_bot | TRADE pair=ROBO-USDT time=2026-08-19T01:21:13.900000+00:00 price=0.01281000 size=1596.40000000
2026-08-19 01:21:13,958 | INFO | crypto_bot | 1m CLOSED ts=2026-08-19T01:20:00+00:00 o=0.01281000 h=0.01281000 l=0.01281000 c=0.01281000 v=4060.90000000
2026-08-19 01:21:13,958 | INFO | crypto_bot | ENTRY signal=HOLD reason=trend_filter_not_passed meta={'regime': 'range'}
2026-08-19 01:21:22,030 | INFO | crypto_bot | TRADE pair=ROBO-USDT time=2026-08-19T01:21:21.973000+00:00 price=0.01282000 size=20564.30000000
2026-08-19 01:21:22,035 | INFO | crypto_bot | TRADE pair=ROBO-USDT time=2026-08-19T01:21:21.978000+00:00 price=0.01282000 size=3847.50000000
2026-08-19 01:22:16,185 | INFO | crypto_bot | TRADE pair=ROBO-USDT time=2026-08-19T01:22:16.128000+00:00 price=0.01284000 size=20804.70000000
2026-08-19 01:22:16,185 | INFO | crypto_bot | 1m CLOSED ts=2026-08-19T01:21:00+00:00 o=0.01281000 h=0.01282000 l=0.01281000 c=0.01282000 v=26008.20000000
2026-08-19 01:22:16,186 | INFO | crypto_bot | ENTRY signal=HOLD reason=trend_filter_not_passed meta={'regime': 'range'}
2026-08-19 01:22:39,832 | INFO | crypto_bot | TRADE pair=ROBO-USDT time=2026-08-19T01:22:39.775000+00:00 price=0.01285000 size=50000.00000000
2026-08-19 01:22:39,845 | INFO | crypto_bot | TRADE pair=ROBO-USDT time=2026-08-19T01:22:39.785000+00:00 price=0.01285000 size=32967.10000000
2026-08-19 01:24:03,819 | INFO | crypto_bot | Bot stopped by user
2026-08-19 01:24:25,325 | INFO | crypto_bot | Bot started | pair=ROBO-USDT | mode=monitor | equity=1000.00
2026-08-19 01:24:25,918 | INFO | crypto_bot.exchange_api | startup_self_check passed: {'time_drift': 'time_ok (drift=0.056s)', 'instrument_tradable': 'instrument_ok (inst_id=ROBO-USDT, state=live)', 'instrument_whitelist': 'whitelist_ok (inst_id=ROBO-USDT)', 'api_credentials': 'credentials_ok (account balance fetched, code=0)'}
2026-08-19 01:24:25,919 | INFO | crypto_bot | OKX startup self-check passed: {'time_drift': 'time_ok (drift=0.056s)', 'instrument_tradable': 'instrument_ok (inst_id=ROBO-USDT, state=live)', 'instrument_whitelist': 'whitelist_ok (inst_id=ROBO-USDT)', 'api_credentials': 'credentials_ok (account balance fetched, code=0)'}
2026-08-19 01:24:25,919 | INFO | crypto_bot | 连接 OKX Public WS: wss://ws.okx.com:8443/ws/v5/public
2026-08-19 01:24:26,397 | INFO | crypto_bot | 已订阅 ROBO-USDT trades
2026-08-19 01:24:26,505 | INFO | crypto_bot | WS event: {'event': 'subscribe', 'arg': {'channel': 'trades', 'instId': 'ROBO-USDT'}, 'connId': 'b0c1f927'}
2026-08-19 01:25:02,036 | INFO | crypto_bot | TRADE pair=ROBO-USDT time=2026-08-19T01:25:01.982000+00:00 price=0.01287000 size=5069.90000000
2026-08-19 01:25:02,036 | INFO | crypto_bot | TRADE pair=ROBO-USDT time=2026-08-19T01:25:01.982000+00:00 price=0.01287000 size=3173.60000000
2026-08-19 01:25:18,473 | INFO | crypto_bot | TRADE pair=ROBO-USDT time=2026-08-19T01:25:18.419000+00:00 price=0.01288000 size=8204.70000000
2026-08-19 01:25:26,306 | INFO | crypto_bot | TRADE pair=ROBO-USDT time=2026-08-19T01:25:26.252000+00:00 price=0.01287000 size=777.60000000
2026-08-19 01:25:54,156 | INFO | crypto_bot | TRADE pair=ROBO-USDT time=2026-08-19T01:25:54.101000+00:00 price=0.01287000 size=30292.40000000
2026-08-19 01:25:54,255 | INFO | crypto_bot | TRADE pair=ROBO-USDT time=2026-08-19T01:25:54.200000+00:00 price=0.01287000 size=19702.20000000
2026-08-19 01:25:55,265 | INFO | crypto_bot | TRADE pair=ROBO-USDT time=2026-08-19T01:25:55.210000+00:00 price=0.01288000 size=32967.10000000
2026-08-19 01:26:16,868 | INFO | crypto_bot | TRADE pair=ROBO-USDT time=2026-08-19T01:26:16.803000+00:00 price=0.01289000 size=130.60000000
2026-08-19 01:26:16,869 | INFO | crypto_bot | 1m CLOSED ts=2026-08-19T01:25:00+00:00 o=0.01287000 h=0.01288000 l=0.01287000 c=0.01288000 v=100187.50000000
2026-08-19 01:26:16,869 | INFO | crypto_bot | ENTRY signal=HOLD reason=trend_filter_not_passed meta={'regime': 'unknown'}
2026-08-19 01:26:16,870 | INFO | crypto_bot | TRADE pair=ROBO-USDT time=2026-08-19T01:26:16.804000+00:00 price=0.01289000 size=1854.60000000
2026-08-19 01:26:30,279 | INFO | crypto_bot | TRADE pair=ROBO-USDT time=2026-08-19T01:26:30.225000+00:00 price=0.01288000 size=2705.10000000
2026-08-19 01:26:31,241 | INFO | crypto_bot | TRADE pair=ROBO-USDT time=2026-08-19T01:26:31.187000+00:00 price=0.01287000 size=20000.00000000
2026-08-19 01:27:17,582 | INFO | crypto_bot | TRADE pair=ROBO-USDT time=2026-08-19T01:27:17.529000+00:00 price=0.01287000 size=6329.90000000
2026-08-19 01:27:17,582 | INFO | crypto_bot | 1m CLOSED ts=2026-08-19T01:26:00+00:00 o=0.01289000 h=0.01289000 l=0.01287000 c=0.01287000 v=24690.30000000
2026-08-19 01:27:17,583 | INFO | crypto_bot | ENTRY signal=HOLD reason=trend_filter_not_passed meta={'regime': 'unknown'}
2026-08-19 01:27:23,078 | INFO | crypto_bot | TRADE pair=ROBO-USDT time=2026-08-19T01:27:23.024000+00:00 price=0.01287000 size=6670.10000000
2026-08-19 01:27:25,148 | INFO | crypto_bot | TRADE pair=ROBO-USDT time=2026-08-19T01:27:25.093000+00:00 price=0.01288000 size=61375.60000000
2026-08-19 01:27:25,148 | INFO | crypto_bot | TRADE pair=ROBO-USDT time=2026-08-19T01:27:25.093000+00:00 price=0.01289000 size=1518.30000000
2026-08-19 01:27:55,150 | INFO | crypto_bot | TRADE pair=ROBO-USDT time=2026-08-19T01:27:55.096000+00:00 price=0.01288000 size=32967.10000000
2026-08-19 01:27:55,151 | INFO | crypto_bot | TRADE pair=ROBO-USDT time=2026-08-19T01:27:55.096000+00:00 price=0.01289000 size=10759.80000000
2026-08-19 01:33:21,764 | INFO | crypto_bot | TRADE pair=ROBO-USDT time=2026-08-19T01:33:21.707000+00:00 price=0.01291000 size=33080.60000000
2026-08-19 01:33:21,764 | INFO | crypto_bot | 1m CLOSED ts=2026-08-19T01:27:00+00:00 o=0.01287000 h=0.01289000 l=0.01287000 c=0.01289000 v=119620.80000000
2026-08-19 01:33:21,764 | INFO | crypto_bot | ENTRY signal=HOLD reason=trend_filter_not_passed meta={'regime': 'unknown'}
2026-08-19 01:33:21,765 | INFO | crypto_bot | 5m CLOSED ts=2026-08-19T01:25:00+00:00 o=0.01287000 h=0.01289000 l=0.01287000 c=0.01289000 v=244498.60000000
2026-08-19 01:34:01,877 | INFO | crypto_bot | TRADE pair=ROBO-USDT time=2026-08-19T01:34:01.824000+00:00 price=0.01293000 size=125.40000000
2026-08-19 01:34:01,878 | INFO | crypto_bot | 1m CLOSED ts=2026-08-19T01:33:00+00:00 o=0.01291000 h=0.01291000 l=0.01291000 c=0.01291000 v=33080.60000000
2026-08-19 01:34:01,878 | INFO | crypto_bot | ENTRY signal=HOLD reason=trend_filter_not_passed meta={'regime': 'unknown'}
2026-08-19 01:35:11,090 | INFO | crypto_bot | TRADE pair=ROBO-USDT time=2026-08-19T01:35:11.036000+00:00 price=0.01295000 size=116.10000000
2026-08-19 01:35:11,091 | INFO | crypto_bot | 1m CLOSED ts=2026-08-19T01:34:00+00:00 o=0.01293000 h=0.01293000 l=0.01293000 c=0.01293000 v=125.40000000
2026-08-19 01:35:11,091 | INFO | crypto_bot | ENTRY signal=HOLD reason=trend_filter_not_passed meta={'regime': 'unknown'}
2026-08-19 01:35:11,091 | INFO | crypto_bot | 5m CLOSED ts=2026-08-19T01:30:00+00:00 o=0.01291000 h=0.01293000 l=0.01291000 c=0.01293000 v=33206.00000000
2026-08-19 01:35:11,091 | INFO | crypto_bot | TRADE pair=ROBO-USDT time=2026-08-19T01:35:11.036000+00:00 price=0.01296000 size=446.90000000
2026-08-19 01:37:03,811 | INFO | crypto_bot | TRADE pair=ROBO-USDT time=2026-08-19T01:37:03.757000+00:00 price=0.01293000 size=35000.00000000
2026-08-19 01:37:03,811 | INFO | crypto_bot | 1m CLOSED ts=2026-08-19T01:35:00+00:00 o=0.01295000 h=0.01296000 l=0.01295000 c=0.01296000 v=563.00000000
2026-08-19 01:37:03,811 | INFO | crypto_bot | ENTRY signal=HOLD reason=trend_filter_not_passed meta={'regime': 'unknown'}
2026-08-19 01:38:39,445 | INFO | crypto_bot | Bot started | pair=ROBO-USDT | mode=monitor | equity=1000.00
2026-08-19 01:38:39,716 | ERROR | crypto_bot | OKX startup self-check failed: 401 Client Error: Unauthorized for url: https://us.okx.com/api/v5/account/balance
Traceback (most recent call last):
  File "/home/ubuntu/crypto-trading-bot/app.py", line 197, in startup_check
    result = await asyncio.to_thread(
             ^^^^^^^^^^^^^^^^^^^^^^^^
  File "/usr/lib/python3.12/asyncio/threads.py", line 25, in to_thread
    return await loop.run_in_executor(None, func_call)
           ^^^^^^^^^^^^^^^^^^^^^^^^^^^^^^^^^^^^^^^^^^^
  File "/usr/lib/python3.12/concurrent/futures/thread.py", line 58, in run
    result = self.fn(*self.args, **self.kwargs)
             ^^^^^^^^^^^^^^^^^^^^^^^^^^^^^^^^^^
  File "/home/ubuntu/crypto-trading-bot/exchange_api.py", line 265, in startup_self_check
    results["api_credentials"] = self._check_api_credentials()
                                 ^^^^^^^^^^^^^^^^^^^^^^^^^^^^^
  File "/home/ubuntu/crypto-trading-bot/exchange_api.py", line 189, in _check_api_credentials
    data = self._private_request("GET", "/api/v5/account/balance")
           ^^^^^^^^^^^^^^^^^^^^^^^^^^^^^^^^^^^^^^^^^^^^^^^^^^^^^^^
  File "/home/ubuntu/crypto-trading-bot/exchange_api.py", line 160, in _private_request
    resp.raise_for_status()
  File "/home/ubuntu/crypto-trading-bot/.venv/lib/python3.12/site-packages/requests/models.py", line 1167, in raise_for_status
    raise HTTPError(http_error_msg, response=self)
requests.exceptions.HTTPError: 401 Client Error: Unauthorized for url: https://us.okx.com/api/v5/account/balance
2026-08-19 01:40:55,327 | INFO | crypto_bot | Bot started | pair=ROBO-USDT | mode=monitor | equity=1000.00
2026-08-19 01:40:55,626 | ERROR | crypto_bot | OKX startup self-check failed: 401 Client Error: Unauthorized for url: https://us.okx.com/api/v5/account/balance
Traceback (most recent call last):
  File "/home/ubuntu/crypto-trading-bot/app.py", line 197, in startup_check
    result = await asyncio.to_thread(
             ^^^^^^^^^^^^^^^^^^^^^^^^
  File "/usr/lib/python3.12/asyncio/threads.py", line 25, in to_thread
    return await loop.run_in_executor(None, func_call)
           ^^^^^^^^^^^^^^^^^^^^^^^^^^^^^^^^^^^^^^^^^^^
  File "/usr/lib/python3.12/concurrent/futures/thread.py", line 58, in run
    result = self.fn(*self.args, **self.kwargs)
             ^^^^^^^^^^^^^^^^^^^^^^^^^^^^^^^^^^
  File "/home/ubuntu/crypto-trading-bot/exchange_api.py", line 265, in startup_self_check
    results["api_credentials"] = self._check_api_credentials()
                                 ^^^^^^^^^^^^^^^^^^^^^^^^^^^^^
  File "/home/ubuntu/crypto-trading-bot/exchange_api.py", line 189, in _check_api_credentials
    data = self._private_request("GET", "/api/v5/account/balance")
           ^^^^^^^^^^^^^^^^^^^^^^^^^^^^^^^^^^^^^^^^^^^^^^^^^^^^^^^
  File "/home/ubuntu/crypto-trading-bot/exchange_api.py", line 160, in _private_request
    resp.raise_for_status()
  File "/home/ubuntu/crypto-trading-bot/.venv/lib/python3.12/site-packages/requests/models.py", line 1167, in raise_for_status
    raise HTTPError(http_error_msg, response=self)
requests.exceptions.HTTPError: 401 Client Error: Unauthorized for url: https://us.okx.com/api/v5/account/balance
2026-08-19 01:41:42,145 | INFO | crypto_bot | Bot started | pair=ROBO-USDT | mode=monitor | equity=1000.00
2026-08-19 01:41:42,412 | ERROR | crypto_bot | OKX startup self-check failed: 401 Client Error: Unauthorized for url: https://us.okx.com/api/v5/account/balance
Traceback (most recent call last):
  File "/home/ubuntu/crypto-trading-bot/app.py", line 197, in startup_check
    result = await asyncio.to_thread(
             ^^^^^^^^^^^^^^^^^^^^^^^^
  File "/usr/lib/python3.12/asyncio/threads.py", line 25, in to_thread
    return await loop.run_in_executor(None, func_call)
           ^^^^^^^^^^^^^^^^^^^^^^^^^^^^^^^^^^^^^^^^^^^
  File "/usr/lib/python3.12/concurrent/futures/thread.py", line 58, in run
    result = self.fn(*self.args, **self.kwargs)
             ^^^^^^^^^^^^^^^^^^^^^^^^^^^^^^^^^^
  File "/home/ubuntu/crypto-trading-bot/exchange_api.py", line 265, in startup_self_check
    results["api_credentials"] = self._check_api_credentials()
                                 ^^^^^^^^^^^^^^^^^^^^^^^^^^^^^
  File "/home/ubuntu/crypto-trading-bot/exchange_api.py", line 189, in _check_api_credentials
    data = self._private_request("GET", "/api/v5/account/balance")
           ^^^^^^^^^^^^^^^^^^^^^^^^^^^^^^^^^^^^^^^^^^^^^^^^^^^^^^^
  File "/home/ubuntu/crypto-trading-bot/exchange_api.py", line 160, in _private_request
    resp.raise_for_status()
  File "/home/ubuntu/crypto-trading-bot/.venv/lib/python3.12/site-packages/requests/models.py", line 1167, in raise_for_status
    raise HTTPError(http_error_msg, response=self)
requests.exceptions.HTTPError: 401 Client Error: Unauthorized for url: https://us.okx.com/api/v5/account/balance
2026-08-19 01:42:05,599 | INFO | crypto_bot | TRADE pair=ROBO-USDT time=2026-08-19T01:42:05.545000+00:00 price=0.01297000 size=1672.00000000
2026-08-19 01:42:05,599 | INFO | crypto_bot | 1m CLOSED ts=2026-08-19T01:37:00+00:00 o=0.01293000 h=0.01293000 l=0.01293000 c=0.01293000 v=35000.00000000
2026-08-19 01:42:05,599 | INFO | crypto_bot | ENTRY signal=HOLD reason=trend_filter_not_passed meta={'regime': 'unknown'}
2026-08-19 01:42:05,599 | INFO | crypto_bot | 5m CLOSED ts=2026-08-19T01:35:00+00:00 o=0.01295000 h=0.01296000 l=0.01293000 c=0.01293000 v=35563.00000000
2026-08-19 01:42:20,399 | INFO | crypto_bot | TRADE pair=ROBO-USDT time=2026-08-19T01:42:20.345000+00:00 price=0.01299000 size=581.70000000
2026-08-19 01:42:23,630 | INFO | crypto_bot | TRADE pair=ROBO-USDT time=2026-08-19T01:42:23.576000+00:00 price=0.01298000 size=14373.90000000
2026-08-19 01:42:36,028 | INFO | crypto_bot | TRADE pair=ROBO-USDT time=2026-08-19T01:42:35.974000+00:00 price=0.01299000 size=3880.90000000
2026-08-19 01:42:39,815 | INFO | crypto_bot | TRADE pair=ROBO-USDT time=2026-08-19T01:42:39.761000+00:00 price=0.01297000 size=32967.10000000
2026-08-19 01:42:59,724 | INFO | crypto_bot | TRADE pair=ROBO-USDT time=2026-08-19T01:42:59.670000+00:00 price=0.01298000 size=14809.50000000
2026-08-19 01:43:24,733 | INFO | crypto_bot | TRADE pair=ROBO-USDT time=2026-08-19T01:43:24.679000+00:00 price=0.01299000 size=3662.40000000
2026-08-19 01:43:24,733 | INFO | crypto_bot | 1m CLOSED ts=2026-08-19T01:42:00+00:00 o=0.01297000 h=0.01299000 l=0.01297000 c=0.01298000 v=68285.10000000
2026-08-19 01:43:24,733 | INFO | crypto_bot | ENTRY signal=HOLD reason=trend_filter_not_passed meta={'regime': 'unknown'}
2026-08-19 01:43:24,734 | INFO | crypto_bot | TRADE pair=ROBO-USDT time=2026-08-19T01:43:24.679000+00:00 price=0.01299000 size=39304.70000000
2026-08-19 01:43:24,734 | INFO | crypto_bot | TRADE pair=ROBO-USDT time=2026-08-19T01:43:24.679000+00:00 price=0.01300000 size=36918.70000000
2026-08-19 01:43:24,734 | INFO | crypto_bot | TRADE pair=ROBO-USDT time=2026-08-19T01:43:24.679000+00:00 price=0.01300000 size=28022.20000000
2026-08-19 01:46:26,618 | INFO | crypto_bot | TRADE pair=ROBO-USDT time=2026-08-19T01:46:26.564000+00:00 price=0.01302000 size=296.40000000
2026-08-19 01:46:26,618 | INFO | crypto_bot | 1m CLOSED ts=2026-08-19T01:43:00+00:00 o=0.01299000 h=0.01300000 l=0.01299000 c=0.01300000 v=107908.00000000
2026-08-19 01:46:26,618 | INFO | crypto_bot | ENTRY signal=HOLD reason=trend_filter_not_passed meta={'regime': 'unknown'}
2026-08-19 01:46:26,618 | INFO | crypto_bot | 5m CLOSED ts=2026-08-19T01:40:00+00:00 o=0.01297000 h=0.01300000 l=0.01297000 c=0.01300000 v=176193.10000000
2026-08-19 01:46:26,618 | INFO | crypto_bot | TRADE pair=ROBO-USDT time=2026-08-19T01:46:26.564000+00:00 price=0.01303000 size=19964.00000000
2026-08-19 01:46:26,629 | INFO | crypto_bot | TRADE pair=ROBO-USDT time=2026-08-19T01:46:26.575000+00:00 price=0.01302000 size=531.20000000
2026-08-19 01:47:18,777 | INFO | crypto_bot | TRADE pair=ROBO-USDT time=2026-08-19T01:47:18.723000+00:00 price=0.01302000 size=846.50000000
2026-08-19 01:47:18,777 | INFO | crypto_bot | 1m CLOSED ts=2026-08-19T01:46:00+00:00 o=0.01302000 h=0.01303000 l=0.01302000 c=0.01302000 v=20791.60000000
2026-08-19 01:47:18,777 | INFO | crypto_bot | ENTRY signal=HOLD reason=trend_filter_not_passed meta={'regime': 'unknown'}
2026-08-19 01:47:48,783 | INFO | crypto_bot | TRADE pair=ROBO-USDT time=2026-08-19T01:47:48.729000+00:00 price=0.01300000 size=2513.80000000
2026-08-19 01:47:48,784 | INFO | crypto_bot | TRADE pair=ROBO-USDT time=2026-08-19T01:47:48.729000+00:00 price=0.01300000 size=2596.80000000
2026-08-19 01:47:48,784 | INFO | crypto_bot | TRADE pair=ROBO-USDT time=2026-08-19T01:47:48.729000+00:00 price=0.01300000 size=3969.70000000
2026-08-19 01:47:48,785 | INFO | crypto_bot | TRADE pair=ROBO-USDT time=2026-08-19T01:47:48.731000+00:00 price=0.01299000 size=11242.00000000
2026-08-19 01:47:48,789 | INFO | crypto_bot | TRADE pair=ROBO-USDT time=2026-08-19T01:47:48.734000+00:00 price=0.01300000 size=4474.00000000
2026-08-19 01:47:49,843 | INFO | crypto_bot | TRADE pair=ROBO-USDT time=2026-08-19T01:47:49.789000+00:00 price=0.01297000 size=14122.50000000
2026-08-19 01:49:01,715 | INFO | crypto_bot | TRADE pair=ROBO-USDT time=2026-08-19T01:49:01.661000+00:00 price=0.01300000 size=7304.60000000
2026-08-19 01:49:01,715 | INFO | crypto_bot | 1m CLOSED ts=2026-08-19T01:47:00+00:00 o=0.01302000 h=0.01302000 l=0.01297000 c=0.01297000 v=39765.30000000
2026-08-19 01:49:01,716 | INFO | crypto_bot | ENTRY signal=HOLD reason=trend_filter_not_passed meta={'regime': 'unknown'}
2026-08-19 01:50:20,384 | INFO | crypto_bot | TRADE pair=ROBO-USDT time=2026-08-19T01:50:20.331000+00:00 price=0.01298000 size=5043.00000000
2026-08-19 01:50:20,384 | INFO | crypto_bot | 1m CLOSED ts=2026-08-19T01:49:00+00:00 o=0.01300000 h=0.01300000 l=0.01300000 c=0.01300000 v=7304.60000000
2026-08-19 01:50:20,385 | INFO | crypto_bot | ENTRY signal=HOLD reason=trend_filter_not_passed meta={'regime': 'unknown'}
2026-08-19 01:50:20,385 | INFO | crypto_bot | 5m CLOSED ts=2026-08-19T01:45:00+00:00 o=0.01302000 h=0.01303000 l=0.01297000 c=0.01300000 v=67861.50000000
2026-08-19 01:56:43,565 | INFO | crypto_bot | TRADE pair=ROBO-USDT time=2026-08-19T01:56:43.510000+00:00 price=0.01295000 size=346.80000000
2026-08-19 01:56:43,565 | INFO | crypto_bot | 1m CLOSED ts=2026-08-19T01:50:00+00:00 o=0.01298000 h=0.01298000 l=0.01298000 c=0.01298000 v=5043.00000000
2026-08-19 01:56:43,565 | INFO | crypto_bot | ENTRY signal=HOLD reason=trend_filter_not_passed meta={'regime': 'unknown'}
2026-08-19 01:56:43,566 | INFO | crypto_bot | 5m CLOSED ts=2026-08-19T01:50:00+00:00 o=0.01298000 h=0.01298000 l=0.01298000 c=0.01298000 v=5043.00000000
2026-08-19 01:58:47,121 | INFO | crypto_bot | TRADE pair=ROBO-USDT time=2026-08-19T01:58:47.067000+00:00 price=0.01297000 size=771.00000000
2026-08-19 01:58:47,121 | INFO | crypto_bot | 1m CLOSED ts=2026-08-19T01:56:00+00:00 o=0.01295000 h=0.01295000 l=0.01295000 c=0.01295000 v=346.80000000
2026-08-19 01:58:47,121 | INFO | crypto_bot | ENTRY signal=HOLD reason=trend_filter_not_passed meta={'regime': 'unknown'}
2026-08-19 01:59:26,751 | INFO | crypto_bot | TRADE pair=ROBO-USDT time=2026-08-19T01:59:26.697000+00:00 price=0.01295000 size=13589.80000000
2026-08-19 01:59:26,751 | INFO | crypto_bot | 1m CLOSED ts=2026-08-19T01:58:00+00:00 o=0.01297000 h=0.01297000 l=0.01297000 c=0.01297000 v=771.00000000
2026-08-19 01:59:26,751 | INFO | crypto_bot | ENTRY signal=HOLD reason=trend_filter_not_passed meta={'regime': 'unknown'}
2026-08-19 01:59:26,752 | INFO | crypto_bot | TRADE pair=ROBO-USDT time=2026-08-19T01:59:26.697000+00:00 price=0.01294000 size=13374.70000000
2026-08-19 02:02:24,438 | INFO | crypto_bot | TRADE pair=ROBO-USDT time=2026-08-19T02:02:24.384000+00:00 price=0.01293000 size=125.60000000
2026-08-19 02:02:24,438 | INFO | crypto_bot | 1m CLOSED ts=2026-08-19T01:59:00+00:00 o=0.01295000 h=0.01295000 l=0.01294000 c=0.01294000 v=26964.50000000
2026-08-19 02:02:24,438 | INFO | crypto_bot | ENTRY signal=HOLD reason=trend_filter_not_passed meta={'regime': 'unknown'}
2026-08-19 02:02:24,438 | INFO | crypto_bot | 5m CLOSED ts=2026-08-19T01:55:00+00:00 o=0.01295000 h=0.01297000 l=0.01294000 c=0.01294000 v=28082.30000000
2026-08-19 02:02:53,455 | INFO | crypto_bot | TRADE pair=ROBO-USDT time=2026-08-19T02:02:53.401000+00:00 price=0.01291000 size=2000.20000000
2026-08-19 02:04:47,944 | INFO | crypto_bot | TRADE pair=ROBO-USDT time=2026-08-19T02:04:47.891000+00:00 price=0.01289000 size=130.80000000
2026-08-19 02:04:47,945 | INFO | crypto_bot | 1m CLOSED ts=2026-08-19T02:02:00+00:00 o=0.01293000 h=0.01293000 l=0.01291000 c=0.01291000 v=2125.80000000
2026-08-19 02:04:47,945 | INFO | crypto_bot | ENTRY signal=HOLD reason=trend_filter_not_passed meta={'regime': 'unknown'}
2026-08-19 02:07:01,352 | INFO | crypto_bot | TRADE pair=ROBO-USDT time=2026-08-19T02:07:01.298000+00:00 price=0.01288000 size=10693.60000000
2026-08-19 02:07:01,352 | INFO | crypto_bot | 1m CLOSED ts=2026-08-19T02:04:00+00:00 o=0.01289000 h=0.01289000 l=0.01289000 c=0.01289000 v=130.80000000
2026-08-19 02:07:01,352 | INFO | crypto_bot | ENTRY signal=HOLD reason=trend_filter_not_passed meta={'regime': 'unknown'}
2026-08-19 02:07:01,352 | INFO | crypto_bot | 5m CLOSED ts=2026-08-19T02:00:00+00:00 o=0.01293000 h=0.01293000 l=0.01289000 c=0.01289000 v=2256.60000000
2026-08-19 02:08:12,967 | INFO | crypto_bot | TRADE pair=ROBO-USDT time=2026-08-19T02:08:12.911000+00:00 price=0.01288000 size=10510.50000000
2026-08-19 02:08:12,967 | INFO | crypto_bot | 1m CLOSED ts=2026-08-19T02:07:00+00:00 o=0.01288000 h=0.01288000 l=0.01288000 c=0.01288000 v=10693.60000000
2026-08-19 02:08:12,967 | INFO | crypto_bot | ENTRY signal=HOLD reason=trend_filter_not_passed meta={'regime': 'unknown'}
2026-08-19 02:08:46,140 | INFO | crypto_bot | TRADE pair=ROBO-USDT time=2026-08-19T02:08:46.086000+00:00 price=0.01288000 size=3886.20000000
2026-08-19 02:08:47,149 | INFO | crypto_bot | TRADE pair=ROBO-USDT time=2026-08-19T02:08:47.091000+00:00 price=0.01288000 size=15544.80000000
2026-08-19 02:09:09,376 | INFO | crypto_bot | TRADE pair=ROBO-USDT time=2026-08-19T02:09:09.322000+00:00 price=0.01288000 size=10508.20000000
2026-08-19 02:09:09,376 | INFO | crypto_bot | 1m CLOSED ts=2026-08-19T02:08:00+00:00 o=0.01288000 h=0.01288000 l=0.01288000 c=0.01288000 v=29941.50000000
2026-08-19 02:09:09,376 | INFO | crypto_bot | ENTRY signal=HOLD reason=trend_filter_not_passed meta={'regime': 'unknown'}
2026-08-19 02:09:11,509 | INFO | crypto_bot | TRADE pair=ROBO-USDT time=2026-08-19T02:09:11.456000+00:00 price=0.01287000 size=6221.70000000
2026-08-19 02:14:06,844 | INFO | crypto_bot | TRADE pair=ROBO-USDT time=2026-08-19T02:14:06.791000+00:00 price=0.01284000 size=113.60000000
2026-08-19 02:14:06,844 | INFO | crypto_bot | 1m CLOSED ts=2026-08-19T02:09:00+00:00 o=0.01288000 h=0.01288000 l=0.01287000 c=0.01287000 v=16729.90000000
2026-08-19 02:14:06,845 | INFO | crypto_bot | ENTRY signal=HOLD reason=trend_filter_not_passed meta={'regime': 'unknown'}
2026-08-19 02:14:06,845 | INFO | crypto_bot | 5m CLOSED ts=2026-08-19T02:05:00+00:00 o=0.01288000 h=0.01288000 l=0.01287000 c=0.01287000 v=57365.00000000
2026-08-19 02:14:51,031 | INFO | crypto_bot | TRADE pair=ROBO-USDT time=2026-08-19T02:14:50.968000+00:00 price=0.01284000 size=1282.50000000
2026-08-19 02:14:51,032 | INFO | crypto_bot | TRADE pair=ROBO-USDT time=2026-08-19T02:14:50.968000+00:00 price=0.01283000 size=24647.30000000
2026-08-19 02:14:51,032 | INFO | crypto_bot | TRADE pair=ROBO-USDT time=2026-08-19T02:14:50.973000+00:00 price=0.01283000 size=36951.60000000
2026-08-19 02:14:51,032 | INFO | crypto_bot | TRADE pair=ROBO-USDT time=2026-08-19T02:14:50.974000+00:00 price=0.01283000 size=1282.50000000
2026-08-19 02:14:51,896 | INFO | crypto_bot | TRADE pair=ROBO-USDT time=2026-08-19T02:14:51.843000+00:00 price=0.01284000 size=36697.60000000
2026-08-19 02:15:03,816 | INFO | crypto_bot | TRADE pair=ROBO-USDT time=2026-08-19T02:15:03.761000+00:00 price=0.01282000 size=901.70000000
2026-08-19 02:15:03,816 | INFO | crypto_bot | 1m CLOSED ts=2026-08-19T02:14:00+00:00 o=0.01284000 h=0.01284000 l=0.01283000 c=0.01284000 v=100975.10000000
2026-08-19 02:15:03,816 | INFO | crypto_bot | ENTRY signal=HOLD reason=trend_filter_not_passed meta={'regime': 'unknown'}
2026-08-19 02:15:03,816 | INFO | crypto_bot | 5m CLOSED ts=2026-08-19T02:10:00+00:00 o=0.01284000 h=0.01284000 l=0.01283000 c=0.01284000 v=100975.10000000
2026-08-19 02:15:03,817 | INFO | crypto_bot | TRADE pair=ROBO-USDT time=2026-08-19T02:15:03.762000+00:00 price=0.01282000 size=901.70000000
2026-08-19 02:15:03,817 | INFO | crypto_bot | TRADE pair=ROBO-USDT time=2026-08-19T02:15:03.762000+00:00 price=0.01282000 size=604.90000000
2026-08-19 02:15:15,770 | INFO | crypto_bot | TRADE pair=ROBO-USDT time=2026-08-19T02:15:15.717000+00:00 price=0.01282000 size=296.80000000
2026-08-19 02:15:17,996 | INFO | crypto_bot | TRADE pair=ROBO-USDT time=2026-08-19T02:15:17.942000+00:00 price=0.01283000 size=2726.40000000
2026-08-19 02:15:55,844 | INFO | crypto_bot | TRADE pair=ROBO-USDT time=2026-08-19T02:15:55.791000+00:00 price=0.01283000 size=36951.60000000
2026-08-19 02:16:21,175 | INFO | crypto_bot | TRADE pair=ROBO-USDT time=2026-08-19T02:16:21.121000+00:00 price=0.01281000 size=1021.10000000
2026-08-19 02:16:21,175 | INFO | crypto_bot | 1m CLOSED ts=2026-08-19T02:15:00+00:00 o=0.01282000 h=0.01283000 l=0.01282000 c=0.01283000 v=42383.10000000
2026-08-19 02:16:21,175 | INFO | crypto_bot | ENTRY signal=HOLD reason=trend_filter_not_passed meta={'regime': 'unknown'}
2026-08-19 02:16:30,772 | INFO | crypto_bot | TRADE pair=ROBO-USDT time=2026-08-19T02:16:30.717000+00:00 price=0.01281000 size=123.10000000
2026-08-19 02:17:07,819 | INFO | crypto_bot | TRADE pair=ROBO-USDT time=2026-08-19T02:17:07.766000+00:00 price=0.01280000 size=15633.80000000
2026-08-19 02:17:07,820 | INFO | crypto_bot | 1m CLOSED ts=2026-08-19T02:16:00+00:00 o=0.01281000 h=0.01281000 l=0.01281000 c=0.01281000 v=1144.20000000
2026-08-19 02:17:07,820 | INFO | crypto_bot | ENTRY signal=HOLD reason=trend_filter_not_passed meta={'regime': 'unknown'}
2026-08-19 02:17:33,122 | INFO | crypto_bot | TRADE pair=ROBO-USDT time=2026-08-19T02:17:33.068000+00:00 price=0.01280000 size=19673.70000000
2026-08-19 02:17:33,123 | INFO | crypto_bot | TRADE pair=ROBO-USDT time=2026-08-19T02:17:33.069000+00:00 price=0.01280000 size=171000.00000000
2026-08-19 02:17:46,293 | INFO | crypto_bot | TRADE pair=ROBO-USDT time=2026-08-19T02:17:46.239000+00:00 price=0.01280000 size=128098.50000000
2026-08-19 02:17:46,293 | INFO | crypto_bot | TRADE pair=ROBO-USDT time=2026-08-19T02:17:46.239000+00:00 price=0.01280000 size=8041.80000000
2026-08-19 02:17:46,294 | INFO | crypto_bot | TRADE pair=ROBO-USDT time=2026-08-19T02:17:46.239000+00:00 price=0.01280000 size=520144.00000000
2026-08-19 02:18:14,106 | INFO | crypto_bot | TRADE pair=ROBO-USDT time=2026-08-19T02:18:14.053000+00:00 price=0.01278000 size=695.80000000
2026-08-19 02:18:14,106 | INFO | crypto_bot | 1m CLOSED ts=2026-08-19T02:17:00+00:00 o=0.01280000 h=0.01280000 l=0.01280000 c=0.01280000 v=862591.80000000
2026-08-19 02:18:14,107 | INFO | crypto_bot | ENTRY signal=HOLD reason=trend_filter_not_passed meta={'regime': 'unknown'}
2026-08-19 02:18:20,864 | INFO | crypto_bot | TRADE pair=ROBO-USDT time=2026-08-19T02:18:20.805000+00:00 price=0.01279000 size=15526.80000000
2026-08-19 02:21:42,509 | INFO | crypto_bot | TRADE pair=ROBO-USDT time=2026-08-19T02:21:42.455000+00:00 price=0.01279000 size=36951.60000000
2026-08-19 02:21:42,509 | INFO | crypto_bot | 1m CLOSED ts=2026-08-19T02:18:00+00:00 o=0.01278000 h=0.01279000 l=0.01278000 c=0.01279000 v=16222.60000000
2026-08-19 02:21:42,509 | INFO | crypto_bot | ENTRY signal=HOLD reason=trend_filter_not_passed meta={'regime': 'unknown'}
2026-08-19 02:21:42,510 | INFO | crypto_bot | 5m CLOSED ts=2026-08-19T02:15:00+00:00 o=0.01282000 h=0.01283000 l=0.01278000 c=0.01279000 v=922341.70000000
2026-08-19 02:21:42,510 | INFO | crypto_bot | TRADE pair=ROBO-USDT time=2026-08-19T02:21:42.456000+00:00 price=0.01279000 size=2289.40000000
2026-08-19 02:22:21,747 | INFO | crypto_bot | TRADE pair=ROBO-USDT time=2026-08-19T02:22:21.693000+00:00 price=0.01279000 size=36951.60000000
2026-08-19 02:22:21,747 | INFO | crypto_bot | 1m CLOSED ts=2026-08-19T02:21:00+00:00 o=0.01279000 h=0.01279000 l=0.01279000 c=0.01279000 v=39241.00000000
2026-08-19 02:22:21,747 | INFO | crypto_bot | ENTRY signal=HOLD reason=trend_filter_not_passed meta={'regime': 'unknown'}
2026-08-19 02:22:47,770 | INFO | crypto_bot | TRADE pair=ROBO-USDT time=2026-08-19T02:22:47.716000+00:00 price=0.01279000 size=1282.50000000
2026-08-19 02:22:47,770 | INFO | crypto_bot | TRADE pair=ROBO-USDT time=2026-08-19T02:22:47.716000+00:00 price=0.01279000 size=916.10000000
2026-08-19 02:23:05,189 | INFO | crypto_bot | TRADE pair=ROBO-USDT time=2026-08-19T02:23:05.134000+00:00 price=0.01278000 size=1057.20000000
2026-08-19 02:23:05,189 | INFO | crypto_bot | 1m CLOSED ts=2026-08-19T02:22:00+00:00 o=0.01279000 h=0.01279000 l=0.01279000 c=0.01279000 v=39150.20000000
2026-08-19 02:23:05,189 | INFO | crypto_bot | ENTRY signal=HOLD reason=trend_filter_not_passed meta={'regime': 'unknown'}
2026-08-19 02:23:06,700 | INFO | crypto_bot | TRADE pair=ROBO-USDT time=2026-08-19T02:23:06.647000+00:00 price=0.01277000 size=711.20000000
2026-08-19 02:23:11,916 | INFO | crypto_bot | TRADE pair=ROBO-USDT time=2026-08-19T02:23:11.863000+00:00 price=0.01277000 size=5585.70000000
2026-08-19 02:23:45,819 | INFO | crypto_bot | TRADE pair=ROBO-USDT time=2026-08-19T02:23:45.766000+00:00 price=0.01278000 size=1282.50000000
2026-08-19 02:23:45,820 | INFO | crypto_bot | TRADE pair=ROBO-USDT time=2026-08-19T02:23:45.766000+00:00 price=0.01278000 size=1282.50000000
2026-08-19 02:24:21,052 | INFO | crypto_bot | TRADE pair=ROBO-USDT time=2026-08-19T02:24:20.998000+00:00 price=0.01279000 size=781.80000000
2026-08-19 02:24:21,052 | INFO | crypto_bot | 1m CLOSED ts=2026-08-19T02:23:00+00:00 o=0.01278000 h=0.01278000 l=0.01277000 c=0.01278000 v=9919.10000000
2026-08-19 02:24:21,052 | INFO | crypto_bot | ENTRY signal=HOLD reason=trend_filter_not_passed meta={'regime': 'unknown'}
2026-08-19 02:24:22,230 | INFO | crypto_bot | TRADE pair=ROBO-USDT time=2026-08-19T02:24:22.177000+00:00 price=0.01279000 size=544.20000000
2026-08-19 02:24:32,835 | INFO | crypto_bot | TRADE pair=ROBO-USDT time=2026-08-19T02:24:32.781000+00:00 price=0.01277000 size=1282.50000000
2026-08-19 02:24:40,069 | INFO | crypto_bot | TRADE pair=ROBO-USDT time=2026-08-19T02:24:40.015000+00:00 price=0.01277000 size=18717.50000000
2026-08-19 02:25:27,434 | INFO | crypto_bot | TRADE pair=ROBO-USDT time=2026-08-19T02:25:27.380000+00:00 price=0.01277000 size=571.30000000
2026-08-19 02:25:27,434 | INFO | crypto_bot | 1m CLOSED ts=2026-08-19T02:24:00+00:00 o=0.01279000 h=0.01279000 l=0.01277000 c=0.01277000 v=21326.00000000
2026-08-19 02:25:27,434 | INFO | crypto_bot | ENTRY signal=HOLD reason=trend_filter_not_passed meta={'regime': 'unknown'}
2026-08-19 02:25:27,434 | INFO | crypto_bot | 5m CLOSED ts=2026-08-19T02:20:00+00:00 o=0.01279000 h=0.01279000 l=0.01277000 c=0.01277000 v=109636.30000000
2026-08-19 02:25:27,435 | INFO | crypto_bot | TRADE pair=ROBO-USDT time=2026-08-19T02:25:27.381000+00:00 price=0.01277000 size=4.40000000
2026-08-19 02:25:37,415 | INFO | crypto_bot | TRADE pair=ROBO-USDT time=2026-08-19T02:25:37.362000+00:00 price=0.01279000 size=1563.70000000
2026-08-19 02:26:07,785 | INFO | crypto_bot | TRADE pair=ROBO-USDT time=2026-08-19T02:26:07.732000+00:00 price=0.01276000 size=10000.00000000
2026-08-19 02:26:07,785 | INFO | crypto_bot | 1m CLOSED ts=2026-08-19T02:25:00+00:00 o=0.01277000 h=0.01279000 l=0.01277000 c=0.01279000 v=2139.40000000
2026-08-19 02:26:07,785 | INFO | crypto_bot | ENTRY signal=HOLD reason=trend_filter_not_passed meta={'regime': 'unknown'}
2026-08-19 02:26:48,082 | INFO | crypto_bot | TRADE pair=ROBO-USDT time=2026-08-19T02:26:48.029000+00:00 price=0.01278000 size=3661.20000000
2026-08-19 02:27:29,317 | INFO | crypto_bot | TRADE pair=ROBO-USDT time=2026-08-19T02:27:29.264000+00:00 price=0.01279000 size=24768.50000000
2026-08-19 02:27:29,317 | INFO | crypto_bot | 1m CLOSED ts=2026-08-19T02:26:00+00:00 o=0.01276000 h=0.01278000 l=0.01276000 c=0.01278000 v=13661.20000000
2026-08-19 02:27:29,317 | INFO | crypto_bot | ENTRY signal=HOLD reason=trend_filter_not_passed meta={'regime': 'unknown'}
2026-08-19 02:27:29,318 | INFO | crypto_bot | TRADE pair=ROBO-USDT time=2026-08-19T02:27:29.264000+00:00 price=0.01279000 size=12183.10000000
2026-08-19 02:28:40,547 | INFO | crypto_bot | TRADE pair=ROBO-USDT time=2026-08-19T02:28:40.494000+00:00 price=0.01279000 size=20903.40000000
2026-08-19 02:28:40,547 | INFO | crypto_bot | 1m CLOSED ts=2026-08-19T02:27:00+00:00 o=0.01279000 h=0.01279000 l=0.01279000 c=0.01279000 v=36951.60000000
2026-08-19 02:28:40,547 | INFO | crypto_bot | ENTRY signal=HOLD reason=trend_filter_not_passed meta={'regime': 'unknown'}
2026-08-19 02:28:40,568 | INFO | crypto_bot | TRADE pair=ROBO-USDT time=2026-08-19T02:28:40.513000+00:00 price=0.01278000 size=5542.70000000
2026-08-19 02:30:03,898 | INFO | crypto_bot | TRADE pair=ROBO-USDT time=2026-08-19T02:30:03.845000+00:00 price=0.01280000 size=12428.50000000
2026-08-19 02:30:03,898 | INFO | crypto_bot | 1m CLOSED ts=2026-08-19T02:28:00+00:00 o=0.01279000 h=0.01279000 l=0.01278000 c=0.01278000 v=26446.10000000
2026-08-19 02:30:03,898 | INFO | crypto_bot | ENTRY signal=HOLD reason=trend_filter_not_passed meta={'regime': 'unknown'}
2026-08-19 02:30:03,899 | INFO | crypto_bot | 5m CLOSED ts=2026-08-19T02:25:00+00:00 o=0.01277000 h=0.01279000 l=0.01276000 c=0.01278000 v=79198.30000000
2026-08-19 02:31:18,822 | INFO | crypto_bot | TRADE pair=ROBO-USDT time=2026-08-19T02:31:18.769000+00:00 price=0.01279000 size=335.70000000
2026-08-19 02:31:18,822 | INFO | crypto_bot | 1m CLOSED ts=2026-08-19T02:30:00+00:00 o=0.01280000 h=0.01280000 l=0.01280000 c=0.01280000 v=12428.50000000
2026-08-19 02:31:18,822 | INFO | crypto_bot | ENTRY signal=HOLD reason=trend_filter_not_passed meta={'regime': 'unknown'}
2026-08-19 02:32:14,368 | INFO | crypto_bot | TRADE pair=ROBO-USDT time=2026-08-19T02:32:14.315000+00:00 price=0.01279000 size=1847.50000000
2026-08-19 02:32:14,368 | INFO | crypto_bot | 1m CLOSED ts=2026-08-19T02:31:00+00:00 o=0.01279000 h=0.01279000 l=0.01279000 c=0.01279000 v=335.70000000
2026-08-19 02:32:14,368 | INFO | crypto_bot | ENTRY signal=HOLD reason=trend_filter_not_passed meta={'regime': 'unknown'}
2026-08-19 02:32:14,369 | INFO | crypto_bot | TRADE pair=ROBO-USDT time=2026-08-19T02:32:14.316000+00:00 price=0.01279000 size=5542.80000000
2026-08-19 02:32:20,654 | INFO | crypto_bot | TRADE pair=ROBO-USDT time=2026-08-19T02:32:20.601000+00:00 price=0.01279000 size=1108.50000000
2026-08-19 02:32:30,847 | INFO | crypto_bot | TRADE pair=ROBO-USDT time=2026-08-19T02:32:30.794000+00:00 price=0.01278000 size=3629.00000000
2026-08-19 02:32:33,002 | INFO | crypto_bot | TRADE pair=ROBO-USDT time=2026-08-19T02:32:32.949000+00:00 price=0.01277000 size=2667.20000000
2026-08-19 02:34:16,102 | INFO | crypto_bot | TRADE pair=ROBO-USDT time=2026-08-19T02:34:16.048000+00:00 price=0.01279000 size=1682.10000000
2026-08-19 02:34:16,103 | INFO | crypto_bot | 1m CLOSED ts=2026-08-19T02:32:00+00:00 o=0.01279000 h=0.01279000 l=0.01277000 c=0.01277000 v=14795.00000000
2026-08-19 02:34:16,103 | INFO | crypto_bot | ENTRY signal=HOLD reason=trend_filter_not_passed meta={'regime': 'unknown'}
2026-08-19 02:34:16,103 | INFO | crypto_bot | TRADE pair=ROBO-USDT time=2026-08-19T02:34:16.048000+00:00 price=0.01280000 size=205.40000000
2026-08-19 02:34:35,337 | INFO | crypto_bot | TRADE pair=ROBO-USDT time=2026-08-19T02:34:35.284000+00:00 price=0.01278000 size=1887.50000000
2026-08-19 02:34:48,547 | INFO | crypto_bot | TRADE pair=ROBO-USDT time=2026-08-19T02:34:48.494000+00:00 price=0.01278000 size=8531.70000000
2026-08-19 02:35:01,654 | INFO | crypto_bot | TRADE pair=ROBO-USDT time=2026-08-19T02:35:01.601000+00:00 price=0.01277000 size=12417.30000000
2026-08-19 02:35:01,655 | INFO | crypto_bot | 1m CLOSED ts=2026-08-19T02:34:00+00:00 o=0.01279000 h=0.01280000 l=0.01278000 c=0.01278000 v=12306.70000000
2026-08-19 02:35:01,655 | INFO | crypto_bot | ENTRY signal=HOLD reason=trend_filter_not_passed meta={'regime': 'unknown'}
2026-08-19 02:35:01,655 | INFO | crypto_bot | 5m CLOSED ts=2026-08-19T02:30:00+00:00 o=0.01280000 h=0.01280000 l=0.01277000 c=0.01278000 v=39865.90000000
2026-08-19 02:35:48,241 | INFO | crypto_bot | TRADE pair=ROBO-USDT time=2026-08-19T02:35:48.182000+00:00 price=0.01278000 size=10000.00000000
2026-08-19 02:36:05,833 | INFO | crypto_bot | TRADE pair=ROBO-USDT time=2026-08-19T02:36:05.780000+00:00 price=0.01278000 size=134.50000000
2026-08-19 02:36:05,833 | INFO | crypto_bot | 1m CLOSED ts=2026-08-19T02:35:00+00:00 o=0.01277000 h=0.01278000 l=0.01277000 c=0.01278000 v=22417.30000000
2026-08-19 02:36:05,833 | INFO | crypto_bot | ENTRY signal=HOLD reason=trend_filter_not_passed meta={'regime': 'unknown'}
2026-08-19 02:36:05,834 | INFO | crypto_bot | TRADE pair=ROBO-USDT time=2026-08-19T02:36:05.781000+00:00 price=0.01278000 size=134.50000000
2026-08-19 02:36:05,834 | INFO | crypto_bot | TRADE pair=ROBO-USDT time=2026-08-19T02:36:05.781000+00:00 price=0.01278000 size=134.50000000
2026-08-19 02:36:14,271 | INFO | crypto_bot | TRADE pair=ROBO-USDT time=2026-08-19T02:36:14.218000+00:00 price=0.01280000 size=3629.00000000
2026-08-19 02:36:15,742 | INFO | crypto_bot | TRADE pair=ROBO-USDT time=2026-08-19T02:36:15.689000+00:00 price=0.01281000 size=703.30000000
2026-08-19 02:36:39,284 | INFO | crypto_bot | TRADE pair=ROBO-USDT time=2026-08-19T02:36:39.231000+00:00 price=0.01280000 size=373.80000000
2026-08-19 02:36:39,285 | INFO | crypto_bot | TRADE pair=ROBO-USDT time=2026-08-19T02:36:39.232000+00:00 price=0.01280000 size=10744.90000000
2026-08-19 02:37:04,941 | INFO | crypto_bot | TRADE pair=ROBO-USDT time=2026-08-19T02:37:04.888000+00:00 price=0.01280000 size=142.70000000
2026-08-19 02:37:04,941 | INFO | crypto_bot | 1m CLOSED ts=2026-08-19T02:36:00+00:00 o=0.01278000 h=0.01281000 l=0.01278000 c=0.01280000 v=15854.50000000
2026-08-19 02:37:04,942 | INFO | crypto_bot | ENTRY signal=HOLD reason=trend_filter_not_passed meta={'regime': 'unknown'}
2026-08-19 02:37:04,942 | INFO | crypto_bot | TRADE pair=ROBO-USDT time=2026-08-19T02:37:04.889000+00:00 price=0.01280000 size=142.70000000
2026-08-19 02:37:04,942 | INFO | crypto_bot | TRADE pair=ROBO-USDT time=2026-08-19T02:37:04.889000+00:00 price=0.01280000 size=142.70000000
2026-08-19 02:37:41,529 | INFO | crypto_bot | TRADE pair=ROBO-USDT time=2026-08-19T02:37:41.475000+00:00 price=0.01281000 size=673.40000000
2026-08-19 02:39:40,328 | INFO | crypto_bot | TRADE pair=ROBO-USDT time=2026-08-19T02:39:40.275000+00:00 price=0.01281000 size=3794.70000000
2026-08-19 02:39:40,328 | INFO | crypto_bot | 1m CLOSED ts=2026-08-19T02:37:00+00:00 o=0.01280000 h=0.01281000 l=0.01280000 c=0.01281000 v=1101.50000000
2026-08-19 02:39:40,328 | INFO | crypto_bot | ENTRY signal=HOLD reason=trend_filter_not_passed meta={'regime': 'unknown'}
2026-08-19 02:39:40,329 | INFO | crypto_bot | TRADE pair=ROBO-USDT time=2026-08-19T02:39:40.276000+00:00 price=0.01281000 size=4929.20000000
2026-08-19 02:40:21,933 | INFO | crypto_bot | TRADE pair=ROBO-USDT time=2026-08-19T02:40:21.880000+00:00 price=0.01280000 size=13380.80000000
2026-08-19 02:40:21,934 | INFO | crypto_bot | 1m CLOSED ts=2026-08-19T02:39:00+00:00 o=0.01281000 h=0.01281000 l=0.01281000 c=0.01281000 v=8723.90000000
2026-08-19 02:40:21,934 | INFO | crypto_bot | ENTRY signal=HOLD reason=trend_filter_not_passed meta={'regime': 'unknown'}
2026-08-19 02:40:21,934 | INFO | crypto_bot | 5m CLOSED ts=2026-08-19T02:35:00+00:00 o=0.01277000 h=0.01281000 l=0.01277000 c=0.01281000 v=48097.20000000
2026-08-19 02:40:21,934 | INFO | crypto_bot | TRADE pair=ROBO-USDT time=2026-08-19T02:40:21.880000+00:00 price=0.01280000 size=23570.80000000
2026-08-19 02:41:35,196 | INFO | crypto_bot | TRADE pair=ROBO-USDT time=2026-08-19T02:41:35.143000+00:00 price=0.01279000 size=69988.50000000
2026-08-19 02:41:35,196 | INFO | crypto_bot | 1m CLOSED ts=2026-08-19T02:40:00+00:00 o=0.01280000 h=0.01280000 l=0.01280000 c=0.01280000 v=36951.60000000
2026-08-19 02:41:35,196 | INFO | crypto_bot | ENTRY signal=HOLD reason=trend_filter_not_passed meta={'regime': 'unknown'}
2026-08-19 02:42:10,184 | INFO | crypto_bot | TRADE pair=ROBO-USDT time=2026-08-19T02:42:10.131000+00:00 price=0.01280000 size=36951.60000000
2026-08-19 02:42:10,184 | INFO | crypto_bot | 1m CLOSED ts=2026-08-19T02:41:00+00:00 o=0.01279000 h=0.01279000 l=0.01279000 c=0.01279000 v=69988.50000000
2026-08-19 02:42:10,184 | INFO | crypto_bot | ENTRY signal=HOLD reason=trend_filter_not_passed meta={'regime': 'unknown'}
2026-08-19 02:44:21,584 | INFO | crypto_bot | TRADE pair=ROBO-USDT time=2026-08-19T02:44:21.531000+00:00 price=0.01281000 size=36951.60000000
2026-08-19 02:44:21,584 | INFO | crypto_bot | 1m CLOSED ts=2026-08-19T02:42:00+00:00 o=0.01280000 h=0.01280000 l=0.01280000 c=0.01280000 v=36951.60000000
2026-08-19 02:44:21,584 | INFO | crypto_bot | ENTRY signal=HOLD reason=trend_filter_not_passed meta={'regime': 'unknown'}
2026-08-19 02:47:53,154 | INFO | crypto_bot | TRADE pair=ROBO-USDT time=2026-08-19T02:47:53.099000+00:00 price=0.01281000 size=44776.10000000
2026-08-19 02:47:53,154 | INFO | crypto_bot | 1m CLOSED ts=2026-08-19T02:44:00+00:00 o=0.01281000 h=0.01281000 l=0.01281000 c=0.01281000 v=36951.60000000
2026-08-19 02:47:53,154 | INFO | crypto_bot | ENTRY signal=HOLD reason=trend_filter_not_passed meta={'regime': 'unknown'}
2026-08-19 02:47:53,154 | INFO | crypto_bot | 5m CLOSED ts=2026-08-19T02:40:00+00:00 o=0.01280000 h=0.01281000 l=0.01279000 c=0.01281000 v=180843.30000000
2026-08-19 02:48:05,455 | INFO | crypto_bot | TRADE pair=ROBO-USDT time=2026-08-19T02:48:05.399000+00:00 price=0.01280000 size=2896.30000000
2026-08-19 02:48:05,455 | INFO | crypto_bot | 1m CLOSED ts=2026-08-19T02:47:00+00:00 o=0.01281000 h=0.01281000 l=0.01281000 c=0.01281000 v=44776.10000000
2026-08-19 02:48:05,455 | INFO | crypto_bot | ENTRY signal=HOLD reason=trend_filter_not_passed meta={'regime': 'unknown'}
2026-08-19 02:53:45,876 | ERROR | crypto_bot | WebSocket 连接异常: no close frame received or sent
Traceback (most recent call last):
  File "/home/ubuntu/crypto-trading-bot/app.py", line 382, in consume_public_ws
    async for raw in ws:
  File "/home/ubuntu/crypto-trading-bot/.venv/lib/python3.12/site-packages/websockets/asyncio/connection.py", line 236, in __aiter__
    yield await self.recv()
          ^^^^^^^^^^^^^^^^^
  File "/home/ubuntu/crypto-trading-bot/.venv/lib/python3.12/site-packages/websockets/asyncio/connection.py", line 316, in recv
    raise self.protocol.close_exc from self.recv_exc
websockets.exceptions.ConnectionClosedError: no close frame received or sent
2026-08-19 02:53:45,881 | INFO | crypto_bot | 将在 5 秒后重连...
2026-08-19 02:53:50,886 | INFO | crypto_bot | 连接 OKX Public WS: wss://ws.okx.com:8443/ws/v5/public
2026-08-19 02:53:51,275 | INFO | crypto_bot | 已订阅 ROBO-USDT trades
2026-08-19 02:53:51,380 | INFO | crypto_bot | WS event: {'event': 'subscribe', 'arg': {'channel': 'trades', 'instId': 'ROBO-USDT'}, 'connId': 'b0f80bb7'}
2026-08-19 02:54:44,940 | INFO | crypto_bot | TRADE pair=ROBO-USDT time=2026-08-19T02:54:44.886000+00:00 price=0.01278000 size=4411.10000000
2026-08-19 02:54:44,940 | INFO | crypto_bot | 1m CLOSED ts=2026-08-19T02:48:00+00:00 o=0.01280000 h=0.01280000 l=0.01280000 c=0.01280000 v=2896.30000000
2026-08-19 02:54:44,940 | INFO | crypto_bot | ENTRY signal=HOLD reason=trend_filter_not_passed meta={'regime': 'unknown'}
2026-08-19 02:54:44,940 | INFO | crypto_bot | 5m CLOSED ts=2026-08-19T02:45:00+00:00 o=0.01281000 h=0.01281000 l=0.01280000 c=0.01280000 v=47672.40000000
2026-08-19 02:55:14,772 | INFO | crypto_bot | TRADE pair=ROBO-USDT time=2026-08-19T02:55:14.718000+00:00 price=0.01279000 size=6811.90000000
2026-08-19 02:55:14,772 | INFO | crypto_bot | 1m CLOSED ts=2026-08-19T02:54:00+00:00 o=0.01278000 h=0.01278000 l=0.01278000 c=0.01278000 v=4411.10000000
2026-08-19 02:55:14,772 | INFO | crypto_bot | ENTRY signal=HOLD reason=trend_filter_not_passed meta={'regime': 'unknown'}
2026-08-19 02:55:14,772 | INFO | crypto_bot | 5m CLOSED ts=2026-08-19T02:50:00+00:00 o=0.01278000 h=0.01278000 l=0.01278000 c=0.01278000 v=4411.10000000
2026-08-19 02:58:18,947 | INFO | crypto_bot | TRADE pair=ROBO-USDT time=2026-08-19T02:58:18.890000+00:00 price=0.01279000 size=1779.70000000
2026-08-19 02:58:18,947 | INFO | crypto_bot | 1m CLOSED ts=2026-08-19T02:55:00+00:00 o=0.01279000 h=0.01279000 l=0.01279000 c=0.01279000 v=6811.90000000
2026-08-19 02:58:18,947 | INFO | crypto_bot | ENTRY signal=HOLD reason=trend_filter_not_passed meta={'regime': 'unknown'}
2026-08-19 02:58:35,809 | INFO | crypto_bot | TRADE pair=ROBO-USDT time=2026-08-19T02:58:35.756000+00:00 price=0.01283000 size=14119.70000000
2026-08-19 02:59:49,390 | INFO | crypto_bot | TRADE pair=ROBO-USDT time=2026-08-19T02:59:49.337000+00:00 price=0.01284000 size=113.50000000
2026-08-19 02:59:49,391 | INFO | crypto_bot | 1m CLOSED ts=2026-08-19T02:58:00+00:00 o=0.01279000 h=0.01283000 l=0.01279000 c=0.01283000 v=15899.40000000
2026-08-19 02:59:49,391 | INFO | crypto_bot | ENTRY signal=HOLD reason=trend_filter_not_passed meta={'regime': 'unknown'}
2026-08-19 03:00:03,091 | INFO | crypto_bot | TRADE pair=ROBO-USDT time=2026-08-19T03:00:03.036000+00:00 price=0.01283000 size=591.60000000
2026-08-19 03:00:03,091 | INFO | crypto_bot | 1m CLOSED ts=2026-08-19T02:59:00+00:00 o=0.01284000 h=0.01284000 l=0.01284000 c=0.01284000 v=113.50000000
2026-08-19 03:00:03,091 | INFO | crypto_bot | ENTRY signal=HOLD reason=trend_filter_not_passed meta={'regime': 'unknown'}
2026-08-19 03:00:03,091 | INFO | crypto_bot | 5m CLOSED ts=2026-08-19T02:55:00+00:00 o=0.01279000 h=0.01284000 l=0.01279000 c=0.01284000 v=22824.80000000
2026-08-19 03:00:30,829 | INFO | crypto_bot | TRADE pair=ROBO-USDT time=2026-08-19T03:00:30.776000+00:00 price=0.01289000 size=26297.40000000
2026-08-19 03:00:30,878 | INFO | crypto_bot | TRADE pair=ROBO-USDT time=2026-08-19T03:00:30.824000+00:00 price=0.01287000 size=21325.70000000
2026-08-19 03:00:30,881 | INFO | crypto_bot | TRADE pair=ROBO-USDT time=2026-08-19T03:00:30.828000+00:00 price=0.01286000 size=1795.90000000
2026-08-19 03:00:30,881 | INFO | crypto_bot | TRADE pair=ROBO-USDT time=2026-08-19T03:00:30.828000+00:00 price=0.01286000 size=27514.20000000
2026-08-19 03:00:30,882 | INFO | crypto_bot | TRADE pair=ROBO-USDT time=2026-08-19T03:00:30.829000+00:00 price=0.01287000 size=5721.60000000
2026-08-19 03:00:47,175 | INFO | crypto_bot | TRADE pair=ROBO-USDT time=2026-08-19T03:00:47.120000+00:00 price=0.01289000 size=7757.90000000
2026-08-19 03:01:05,691 | INFO | crypto_bot | TRADE pair=ROBO-USDT time=2026-08-19T03:01:05.638000+00:00 price=0.01284000 size=716.00000000
2026-08-19 03:01:05,692 | INFO | crypto_bot | 1m CLOSED ts=2026-08-19T03:00:00+00:00 o=0.01283000 h=0.01289000 l=0.01283000 c=0.01289000 v=91004.30000000
2026-08-19 03:01:05,692 | INFO | crypto_bot | ENTRY signal=HOLD reason=trend_filter_not_passed meta={'regime': 'unknown'}
2026-08-19 03:03:25,573 | INFO | crypto_bot | Bot started | pair=ROBO-USDT | mode=monitor | equity=1000.00
2026-08-19 03:03:25,937 | ERROR | crypto_bot | OKX startup self-check failed: 401 Client Error: Unauthorized for url: https://us.okx.com/api/v5/account/balance
Traceback (most recent call last):
  File "/home/ubuntu/crypto-trading-bot/app.py", line 197, in startup_check
    result = await asyncio.to_thread(
             ^^^^^^^^^^^^^^^^^^^^^^^^
  File "/usr/lib/python3.12/asyncio/threads.py", line 25, in to_thread
    return await loop.run_in_executor(None, func_call)
           ^^^^^^^^^^^^^^^^^^^^^^^^^^^^^^^^^^^^^^^^^^^
  File "/usr/lib/python3.12/concurrent/futures/thread.py", line 58, in run
    result = self.fn(*self.args, **self.kwargs)
             ^^^^^^^^^^^^^^^^^^^^^^^^^^^^^^^^^^
  File "/home/ubuntu/crypto-trading-bot/exchange_api.py", line 265, in startup_self_check
    results["api_credentials"] = self._check_api_credentials()
                                 ^^^^^^^^^^^^^^^^^^^^^^^^^^^^^
  File "/home/ubuntu/crypto-trading-bot/exchange_api.py", line 189, in _check_api_credentials
    data = self._private_request("GET", "/api/v5/account/balance")
           ^^^^^^^^^^^^^^^^^^^^^^^^^^^^^^^^^^^^^^^^^^^^^^^^^^^^^^^
  File "/home/ubuntu/crypto-trading-bot/exchange_api.py", line 160, in _private_request
    resp.raise_for_status()
  File "/home/ubuntu/crypto-trading-bot/.venv/lib/python3.12/site-packages/requests/models.py", line 1167, in raise_for_status
    raise HTTPError(http_error_msg, response=self)
requests.exceptions.HTTPError: 401 Client Error: Unauthorized for url: https://us.okx.com/api/v5/account/balance
2026-08-19 03:03:55,529 | INFO | crypto_bot | TRADE pair=ROBO-USDT time=2026-08-19T03:03:55.473000+00:00 price=0.01282000 size=28125.00000000
2026-08-19 03:03:55,529 | INFO | crypto_bot | 1m CLOSED ts=2026-08-19T03:01:00+00:00 o=0.01284000 h=0.01284000 l=0.01284000 c=0.01284000 v=716.00000000
2026-08-19 03:03:55,529 | INFO | crypto_bot | ENTRY signal=HOLD reason=trend_filter_not_passed meta={'regime': 'unknown'}
2026-08-19 03:08:22,328 | INFO | crypto_bot | Bot started | pair=ROBO-USDT | mode=monitor | equity=1000.00
2026-08-19 03:08:22,592 | ERROR | crypto_bot | OKX startup self-check failed: 401 Client Error: Unauthorized for url: https://us.okx.com/api/v5/account/balance
Traceback (most recent call last):
  File "/home/ubuntu/crypto-trading-bot/app.py", line 197, in startup_check
    result = await asyncio.to_thread(
             ^^^^^^^^^^^^^^^^^^^^^^^^
  File "/usr/lib/python3.12/asyncio/threads.py", line 25, in to_thread
    return await loop.run_in_executor(None, func_call)
           ^^^^^^^^^^^^^^^^^^^^^^^^^^^^^^^^^^^^^^^^^^^
  File "/usr/lib/python3.12/concurrent/futures/thread.py", line 58, in run
    result = self.fn(*self.args, **self.kwargs)
             ^^^^^^^^^^^^^^^^^^^^^^^^^^^^^^^^^^
  File "/home/ubuntu/crypto-trading-bot/exchange_api.py", line 265, in startup_self_check
    results["api_credentials"] = self._check_api_credentials()
                                 ^^^^^^^^^^^^^^^^^^^^^^^^^^^^^
  File "/home/ubuntu/crypto-trading-bot/exchange_api.py", line 189, in _check_api_credentials
    data = self._private_request("GET", "/api/v5/account/balance")
           ^^^^^^^^^^^^^^^^^^^^^^^^^^^^^^^^^^^^^^^^^^^^^^^^^^^^^^^
  File "/home/ubuntu/crypto-trading-bot/exchange_api.py", line 160, in _private_request
    resp.raise_for_status()
  File "/home/ubuntu/crypto-trading-bot/.venv/lib/python3.12/site-packages/requests/models.py", line 1167, in raise_for_status
    raise HTTPError(http_error_msg, response=self)
requests.exceptions.HTTPError: 401 Client Error: Unauthorized for url: https://us.okx.com/api/v5/account/balance
2026-08-19 03:09:47,620 | INFO | crypto_bot | TRADE pair=ROBO-USDT time=2026-08-19T03:09:47.562000+00:00 price=0.01279000 size=1490.00000000
2026-08-19 03:09:47,620 | INFO | crypto_bot | 1m CLOSED ts=2026-08-19T03:03:00+00:00 o=0.01282000 h=0.01282000 l=0.01282000 c=0.01282000 v=28125.00000000
2026-08-19 03:09:47,620 | INFO | crypto_bot | ENTRY signal=HOLD reason=trend_filter_not_passed meta={'regime': 'unknown'}
2026-08-19 03:09:47,620 | INFO | crypto_bot | 5m CLOSED ts=2026-08-19T03:00:00+00:00 o=0.01283000 h=0.01289000 l=0.01282000 c=0.01282000 v=119845.30000000
2026-08-19 03:09:47,621 | INFO | crypto_bot | TRADE pair=ROBO-USDT time=2026-08-19T03:09:47.563000+00:00 price=0.01279000 size=1660.00000000
2026-08-19 03:10:07,867 | INFO | crypto_bot | TRADE pair=ROBO-USDT time=2026-08-19T03:10:07.813000+00:00 price=0.01283000 size=44895.80000000
2026-08-19 03:10:07,867 | INFO | crypto_bot | 1m CLOSED ts=2026-08-19T03:09:00+00:00 o=0.01279000 h=0.01279000 l=0.01279000 c=0.01279000 v=3150.00000000
2026-08-19 03:10:07,867 | INFO | crypto_bot | ENTRY signal=HOLD reason=trend_filter_not_passed meta={'regime': 'unknown'}
2026-08-19 03:10:07,867 | INFO | crypto_bot | 5m CLOSED ts=2026-08-19T03:05:00+00:00 o=0.01279000 h=0.01279000 l=0.01279000 c=0.01279000 v=3150.00000000
2026-08-19 03:13:38,890 | INFO | crypto_bot | TRADE pair=ROBO-USDT time=2026-08-19T03:13:38.836000+00:00 price=0.01282000 size=13599.90000000
2026-08-19 03:13:38,890 | INFO | crypto_bot | 1m CLOSED ts=2026-08-19T03:10:00+00:00 o=0.01283000 h=0.01283000 l=0.01283000 c=0.01283000 v=44895.80000000
2026-08-19 03:13:38,890 | INFO | crypto_bot | ENTRY signal=HOLD reason=trend_filter_not_passed meta={'regime': 'unknown'}
2026-08-19 03:14:37,623 | INFO | crypto_bot | Bot started | pair=ROBO-USDT | mode=monitor | equity=1000.00
2026-08-19 03:14:37,901 | ERROR | crypto_bot | OKX startup self-check failed: 401 Client Error: Unauthorized for url: https://us.okx.com/api/v5/account/balance
Traceback (most recent call last):
  File "/home/ubuntu/crypto-trading-bot/app.py", line 197, in startup_check
    result = await asyncio.to_thread(
             ^^^^^^^^^^^^^^^^^^^^^^^^
  File "/usr/lib/python3.12/asyncio/threads.py", line 25, in to_thread
    return await loop.run_in_executor(None, func_call)
           ^^^^^^^^^^^^^^^^^^^^^^^^^^^^^^^^^^^^^^^^^^^
  File "/usr/lib/python3.12/concurrent/futures/thread.py", line 58, in run
    result = self.fn(*self.args, **self.kwargs)
             ^^^^^^^^^^^^^^^^^^^^^^^^^^^^^^^^^^
  File "/home/ubuntu/crypto-trading-bot/exchange_api.py", line 265, in startup_self_check
    results["api_credentials"] = self._check_api_credentials()
                                 ^^^^^^^^^^^^^^^^^^^^^^^^^^^^^
  File "/home/ubuntu/crypto-trading-bot/exchange_api.py", line 189, in _check_api_credentials
    data = self._private_request("GET", "/api/v5/account/balance")
           ^^^^^^^^^^^^^^^^^^^^^^^^^^^^^^^^^^^^^^^^^^^^^^^^^^^^^^^
  File "/home/ubuntu/crypto-trading-bot/exchange_api.py", line 160, in _private_request
    resp.raise_for_status()
  File "/home/ubuntu/crypto-trading-bot/.venv/lib/python3.12/site-packages/requests/models.py", line 1167, in raise_for_status
    raise HTTPError(http_error_msg, response=self)
requests.exceptions.HTTPError: 401 Client Error: Unauthorized for url: https://us.okx.com/api/v5/account/balance
2026-08-19 03:15:31,738 | INFO | crypto_bot | Bot started | pair=ROBO-USDT | mode=monitor | equity=1000.00
2026-08-19 03:15:31,994 | ERROR | crypto_bot | OKX startup self-check failed: 401 Client Error: Unauthorized for url: https://us.okx.com/api/v5/account/balance
Traceback (most recent call last):
  File "/home/ubuntu/crypto-trading-bot/app.py", line 197, in startup_check
    result = await asyncio.to_thread(
             ^^^^^^^^^^^^^^^^^^^^^^^^
  File "/usr/lib/python3.12/asyncio/threads.py", line 25, in to_thread
    return await loop.run_in_executor(None, func_call)
           ^^^^^^^^^^^^^^^^^^^^^^^^^^^^^^^^^^^^^^^^^^^
  File "/usr/lib/python3.12/concurrent/futures/thread.py", line 58, in run
    result = self.fn(*self.args, **self.kwargs)
             ^^^^^^^^^^^^^^^^^^^^^^^^^^^^^^^^^^
  File "/home/ubuntu/crypto-trading-bot/exchange_api.py", line 265, in startup_self_check
    results["api_credentials"] = self._check_api_credentials()
                                 ^^^^^^^^^^^^^^^^^^^^^^^^^^^^^
  File "/home/ubuntu/crypto-trading-bot/exchange_api.py", line 189, in _check_api_credentials
    data = self._private_request("GET", "/api/v5/account/balance")
           ^^^^^^^^^^^^^^^^^^^^^^^^^^^^^^^^^^^^^^^^^^^^^^^^^^^^^^^
  File "/home/ubuntu/crypto-trading-bot/exchange_api.py", line 160, in _private_request
    resp.raise_for_status()
  File "/home/ubuntu/crypto-trading-bot/.venv/lib/python3.12/site-packages/requests/models.py", line 1167, in raise_for_status
    raise HTTPError(http_error_msg, response=self)
requests.exceptions.HTTPError: 401 Client Error: Unauthorized for url: https://us.okx.com/api/v5/account/balance
2026-08-19 03:16:07,833 | INFO | crypto_bot | TRADE pair=ROBO-USDT time=2026-08-19T03:16:07.779000+00:00 price=0.01285000 size=1945.50000000
2026-08-19 03:16:07,833 | INFO | crypto_bot | 1m CLOSED ts=2026-08-19T03:13:00+00:00 o=0.01282000 h=0.01282000 l=0.01282000 c=0.01282000 v=13599.90000000
2026-08-19 03:16:07,833 | INFO | crypto_bot | ENTRY signal=HOLD reason=trend_filter_not_passed meta={'regime': 'unknown'}
2026-08-19 03:16:07,834 | INFO | crypto_bot | 5m CLOSED ts=2026-08-19T03:10:00+00:00 o=0.01283000 h=0.01283000 l=0.01282000 c=0.01282000 v=58495.70000000
2026-08-19 03:16:25,426 | INFO | crypto_bot | TRADE pair=ROBO-USDT time=2026-08-19T03:16:25.373000+00:00 price=0.01285000 size=19072.70000000
2026-08-19 03:16:55,312 | INFO | crypto_bot | TRADE pair=ROBO-USDT time=2026-08-19T03:16:55.258000+00:00 price=0.01286000 size=1282.50000000
2026-08-19 03:16:55,312 | INFO | crypto_bot | TRADE pair=ROBO-USDT time=2026-08-19T03:16:55.258000+00:00 price=0.01287000 size=660.90000000
2026-08-19 03:19:11,433 | INFO | crypto_bot | Bot started | pair=ROBO-USDT | mode=monitor | equity=1000.00
2026-08-19 03:19:11,681 | ERROR | crypto_bot | OKX startup self-check failed: 401 Client Error: Unauthorized for url: https://us.okx.com/api/v5/account/balance
Traceback (most recent call last):
  File "/home/ubuntu/crypto-trading-bot/app.py", line 197, in startup_check
    result = await asyncio.to_thread(
             ^^^^^^^^^^^^^^^^^^^^^^^^
  File "/usr/lib/python3.12/asyncio/threads.py", line 25, in to_thread
    return await loop.run_in_executor(None, func_call)
           ^^^^^^^^^^^^^^^^^^^^^^^^^^^^^^^^^^^^^^^^^^^
  File "/usr/lib/python3.12/concurrent/futures/thread.py", line 58, in run
    result = self.fn(*self.args, **self.kwargs)
             ^^^^^^^^^^^^^^^^^^^^^^^^^^^^^^^^^^
  File "/home/ubuntu/crypto-trading-bot/exchange_api.py", line 265, in startup_self_check
    results["api_credentials"] = self._check_api_credentials()
                                 ^^^^^^^^^^^^^^^^^^^^^^^^^^^^^
  File "/home/ubuntu/crypto-trading-bot/exchange_api.py", line 189, in _check_api_credentials
    data = self._private_request("GET", "/api/v5/account/balance")
           ^^^^^^^^^^^^^^^^^^^^^^^^^^^^^^^^^^^^^^^^^^^^^^^^^^^^^^^
  File "/home/ubuntu/crypto-trading-bot/exchange_api.py", line 160, in _private_request
    resp.raise_for_status()
  File "/home/ubuntu/crypto-trading-bot/.venv/lib/python3.12/site-packages/requests/models.py", line 1167, in raise_for_status
    raise HTTPError(http_error_msg, response=self)
requests.exceptions.HTTPError: 401 Client Error: Unauthorized for url: https://us.okx.com/api/v5/account/balance
2026-08-19 03:19:54,194 | INFO | crypto_bot | TRADE pair=ROBO-USDT time=2026-08-19T03:19:54.139000+00:00 price=0.01290000 size=7320.80000000
2026-08-19 03:19:54,194 | INFO | crypto_bot | 1m CLOSED ts=2026-08-19T03:16:00+00:00 o=0.01285000 h=0.01287000 l=0.01285000 c=0.01287000 v=22961.60000000
2026-08-19 03:19:54,194 | INFO | crypto_bot | ENTRY signal=HOLD reason=trend_filter_not_passed meta={'regime': 'unknown'}
2026-08-19 03:19:54,195 | INFO | crypto_bot | TRADE pair=ROBO-USDT time=2026-08-19T03:19:54.139000+00:00 price=0.01290000 size=20804.20000000
2026-08-19 03:21:32,545 | INFO | crypto_bot | Bot started | pair=ROBO-USDT | mode=monitor | equity=1000.00
2026-08-19 03:21:32,811 | ERROR | crypto_bot | OKX startup self-check failed: 401 Client Error: Unauthorized for url: https://us.okx.com/api/v5/account/balance
Traceback (most recent call last):
  File "/home/ubuntu/crypto-trading-bot/app.py", line 197, in startup_check
    result = await asyncio.to_thread(
             ^^^^^^^^^^^^^^^^^^^^^^^^
  File "/usr/lib/python3.12/asyncio/threads.py", line 25, in to_thread
    return await loop.run_in_executor(None, func_call)
           ^^^^^^^^^^^^^^^^^^^^^^^^^^^^^^^^^^^^^^^^^^^
  File "/usr/lib/python3.12/concurrent/futures/thread.py", line 58, in run
    result = self.fn(*self.args, **self.kwargs)
             ^^^^^^^^^^^^^^^^^^^^^^^^^^^^^^^^^^
  File "/home/ubuntu/crypto-trading-bot/exchange_api.py", line 265, in startup_self_check
    results["api_credentials"] = self._check_api_credentials()
                                 ^^^^^^^^^^^^^^^^^^^^^^^^^^^^^
  File "/home/ubuntu/crypto-trading-bot/exchange_api.py", line 189, in _check_api_credentials
    data = self._private_request("GET", "/api/v5/account/balance")
           ^^^^^^^^^^^^^^^^^^^^^^^^^^^^^^^^^^^^^^^^^^^^^^^^^^^^^^^
  File "/home/ubuntu/crypto-trading-bot/exchange_api.py", line 160, in _private_request
    resp.raise_for_status()
  File "/home/ubuntu/crypto-trading-bot/.venv/lib/python3.12/site-packages/requests/models.py", line 1167, in raise_for_status
    raise HTTPError(http_error_msg, response=self)
requests.exceptions.HTTPError: 401 Client Error: Unauthorized for url: https://us.okx.com/api/v5/account/balance
2026-08-19 03:21:52,556 | INFO | crypto_bot | TRADE pair=ROBO-USDT time=2026-08-19T03:21:52.501000+00:00 price=0.01289000 size=4530.00000000
2026-08-19 03:21:52,556 | INFO | crypto_bot | 1m CLOSED ts=2026-08-19T03:19:00+00:00 o=0.01290000 h=0.01290000 l=0.01290000 c=0.01290000 v=28125.00000000
2026-08-19 03:21:52,556 | INFO | crypto_bot | ENTRY signal=HOLD reason=trend_filter_not_passed meta={'regime': 'unknown'}
2026-08-19 03:21:52,557 | INFO | crypto_bot | 5m CLOSED ts=2026-08-19T03:15:00+00:00 o=0.01285000 h=0.01290000 l=0.01285000 c=0.01290000 v=51086.60000000
2026-08-19 03:22:13,622 | INFO | crypto_bot | TRADE pair=ROBO-USDT time=2026-08-19T03:22:13.568000+00:00 price=0.01289000 size=28529.50000000
2026-08-19 03:22:13,623 | INFO | crypto_bot | 1m CLOSED ts=2026-08-19T03:21:00+00:00 o=0.01289000 h=0.01289000 l=0.01289000 c=0.01289000 v=4530.00000000
2026-08-19 03:22:13,623 | INFO | crypto_bot | ENTRY signal=HOLD reason=trend_filter_not_passed meta={'regime': 'unknown'}
2026-08-19 03:23:03,280 | INFO | crypto_bot | TRADE pair=ROBO-USDT time=2026-08-19T03:23:03.226000+00:00 price=0.01290000 size=2509.90000000
2026-08-19 03:23:03,280 | INFO | crypto_bot | 1m CLOSED ts=2026-08-19T03:22:00+00:00 o=0.01289000 h=0.01289000 l=0.01289000 c=0.01289000 v=28529.50000000
2026-08-19 03:23:03,280 | INFO | crypto_bot | ENTRY signal=HOLD reason=trend_filter_not_passed meta={'regime': 'unknown'}
2026-08-19 03:24:47,202 | INFO | crypto_bot | TRADE pair=ROBO-USDT time=2026-08-19T03:24:47.147000+00:00 price=0.01287000 size=606.30000000
2026-08-19 03:24:47,202 | INFO | crypto_bot | 1m CLOSED ts=2026-08-19T03:23:00+00:00 o=0.01290000 h=0.01290000 l=0.01290000 c=0.01290000 v=2509.90000000
2026-08-19 03:24:47,202 | INFO | crypto_bot | ENTRY signal=HOLD reason=trend_filter_not_passed meta={'regime': 'unknown'}
2026-08-19 03:29:24,229 | INFO | crypto_bot | Bot started | pair=ROBO-USDT | mode=monitor | equity=1000.00
2026-08-19 03:29:24,507 | ERROR | crypto_bot | OKX startup self-check failed: HTTP 401 for GET /api/v5/account/balance | response={'msg': "API key doesn't exist", 'code': '50119'}
Traceback (most recent call last):
  File "/home/ubuntu/crypto-trading-bot/app.py", line 197, in startup_check
    result = await asyncio.to_thread(
             ^^^^^^^^^^^^^^^^^^^^^^^^
  File "/usr/lib/python3.12/asyncio/threads.py", line 25, in to_thread
    return await loop.run_in_executor(None, func_call)
           ^^^^^^^^^^^^^^^^^^^^^^^^^^^^^^^^^^^^^^^^^^^
  File "/usr/lib/python3.12/concurrent/futures/thread.py", line 58, in run
    result = self.fn(*self.args, **self.kwargs)
             ^^^^^^^^^^^^^^^^^^^^^^^^^^^^^^^^^^
  File "/home/ubuntu/crypto-trading-bot/exchange_api.py", line 274, in startup_self_check
    results["api_credentials"] = self._check_api_credentials()
                                 ^^^^^^^^^^^^^^^^^^^^^^^^^^^^^
  File "/home/ubuntu/crypto-trading-bot/exchange_api.py", line 198, in _check_api_credentials
    data = self._private_request("GET", "/api/v5/account/balance")
           ^^^^^^^^^^^^^^^^^^^^^^^^^^^^^^^^^^^^^^^^^^^^^^^^^^^^^^^
  File "/home/ubuntu/crypto-trading-bot/exchange_api.py", line 166, in _private_request
    raise OKXApiError(
exchange_api.OKXApiError: HTTP 401 for GET /api/v5/account/balance | response={'msg': "API key doesn't exist", 'code': '50119'}
2026-08-19 03:30:08,636 | INFO | crypto_bot | TRADE pair=ROBO-USDT time=2026-08-19T03:30:08.580000+00:00 price=0.01285000 size=6370.40000000
2026-08-19 03:30:08,637 | INFO | crypto_bot | 1m CLOSED ts=2026-08-19T03:24:00+00:00 o=0.01287000 h=0.01287000 l=0.01287000 c=0.01287000 v=606.30000000
2026-08-19 03:30:08,637 | INFO | crypto_bot | ENTRY signal=HOLD reason=trend_filter_not_passed meta={'regime': 'unknown'}
2026-08-19 03:30:08,637 | INFO | crypto_bot | 5m CLOSED ts=2026-08-19T03:20:00+00:00 o=0.01289000 h=0.01290000 l=0.01287000 c=0.01287000 v=36175.70000000
2026-08-19 03:30:08,755 | INFO | crypto_bot | TRADE pair=ROBO-USDT time=2026-08-19T03:30:08.702000+00:00 price=0.01285000 size=5414.90000000
2026-08-19 03:30:46,833 | INFO | crypto_bot | TRADE pair=ROBO-USDT time=2026-08-19T03:30:46.779000+00:00 price=0.01285000 size=28125.00000000
2026-08-19 03:34:14,470 | INFO | crypto_bot | TRADE pair=ROBO-USDT time=2026-08-19T03:34:14.407000+00:00 price=0.01282000 size=606.30000000
2026-08-19 03:34:14,470 | INFO | crypto_bot | 1m CLOSED ts=2026-08-19T03:30:00+00:00 o=0.01285000 h=0.01285000 l=0.01285000 c=0.01285000 v=39910.30000000
2026-08-19 03:34:14,470 | INFO | crypto_bot | ENTRY signal=HOLD reason=trend_filter_not_passed meta={'regime': 'unknown'}
2026-08-19 03:34:14,470 | INFO | crypto_bot | TRADE pair=ROBO-USDT time=2026-08-19T03:34:14.407000+00:00 price=0.01282000 size=17448.80000000
2026-08-19 03:36:10,246 | INFO | crypto_bot | Bot started | pair=ROBO-USDT | mode=monitor | equity=1000.00
2026-08-19 03:36:10,506 | ERROR | crypto_bot | OKX startup self-check failed: HTTP 401 for GET /api/v5/account/balance | response={'msg': "API key doesn't exist", 'code': '50119'}
Traceback (most recent call last):
  File "/home/ubuntu/crypto-trading-bot/app.py", line 197, in startup_check
    result = await asyncio.to_thread(
             ^^^^^^^^^^^^^^^^^^^^^^^^
  File "/usr/lib/python3.12/asyncio/threads.py", line 25, in to_thread
    return await loop.run_in_executor(None, func_call)
           ^^^^^^^^^^^^^^^^^^^^^^^^^^^^^^^^^^^^^^^^^^^
  File "/usr/lib/python3.12/concurrent/futures/thread.py", line 58, in run
    result = self.fn(*self.args, **self.kwargs)
             ^^^^^^^^^^^^^^^^^^^^^^^^^^^^^^^^^^
  File "/home/ubuntu/crypto-trading-bot/exchange_api.py", line 274, in startup_self_check
    results["api_credentials"] = self._check_api_credentials()
                                 ^^^^^^^^^^^^^^^^^^^^^^^^^^^^^
  File "/home/ubuntu/crypto-trading-bot/exchange_api.py", line 198, in _check_api_credentials
    data = self._private_request("GET", "/api/v5/account/balance")
           ^^^^^^^^^^^^^^^^^^^^^^^^^^^^^^^^^^^^^^^^^^^^^^^^^^^^^^^
  File "/home/ubuntu/crypto-trading-bot/exchange_api.py", line 166, in _private_request
    raise OKXApiError(
exchange_api.OKXApiError: HTTP 401 for GET /api/v5/account/balance | response={'msg': "API key doesn't exist", 'code': '50119'}
2026-08-19 03:36:43,843 | INFO | crypto_bot | TRADE pair=ROBO-USDT time=2026-08-19T03:36:43.790000+00:00 price=0.01280000 size=12235.30000000
2026-08-19 03:36:43,843 | INFO | crypto_bot | 1m CLOSED ts=2026-08-19T03:34:00+00:00 o=0.01282000 h=0.01282000 l=0.01282000 c=0.01282000 v=18055.10000000
2026-08-19 03:36:43,843 | INFO | crypto_bot | ENTRY signal=HOLD reason=trend_filter_not_passed meta={'regime': 'unknown'}
2026-08-19 03:36:43,844 | INFO | crypto_bot | 5m CLOSED ts=2026-08-19T03:30:00+00:00 o=0.01285000 h=0.01285000 l=0.01282000 c=0.01282000 v=57965.40000000
2026-08-19 03:36:43,844 | INFO | crypto_bot | TRADE pair=ROBO-USDT time=2026-08-19T03:36:43.790000+00:00 price=0.01279000 size=38125.00000000
2026-08-19 03:36:44,988 | INFO | crypto_bot | TRADE pair=ROBO-USDT time=2026-08-19T03:36:44.933000+00:00 price=0.01278000 size=113.60000000
2026-08-19 03:37:13,223 | INFO | crypto_bot | Bot started | pair=ROBO-USDT | mode=monitor | equity=1000.00
2026-08-19 03:37:13,489 | ERROR | crypto_bot | OKX startup self-check failed: HTTP 401 for GET /api/v5/account/balance | response={'msg': "API key doesn't exist", 'code': '50119'}
Traceback (most recent call last):
  File "/home/ubuntu/crypto-trading-bot/app.py", line 197, in startup_check
    result = await asyncio.to_thread(
             ^^^^^^^^^^^^^^^^^^^^^^^^
  File "/usr/lib/python3.12/asyncio/threads.py", line 25, in to_thread
    return await loop.run_in_executor(None, func_call)
           ^^^^^^^^^^^^^^^^^^^^^^^^^^^^^^^^^^^^^^^^^^^
  File "/usr/lib/python3.12/concurrent/futures/thread.py", line 58, in run
    result = self.fn(*self.args, **self.kwargs)
             ^^^^^^^^^^^^^^^^^^^^^^^^^^^^^^^^^^
  File "/home/ubuntu/crypto-trading-bot/exchange_api.py", line 274, in startup_self_check
    results["api_credentials"] = self._check_api_credentials()
                                 ^^^^^^^^^^^^^^^^^^^^^^^^^^^^^
  File "/home/ubuntu/crypto-trading-bot/exchange_api.py", line 198, in _check_api_credentials
    data = self._private_request("GET", "/api/v5/account/balance")
           ^^^^^^^^^^^^^^^^^^^^^^^^^^^^^^^^^^^^^^^^^^^^^^^^^^^^^^^
  File "/home/ubuntu/crypto-trading-bot/exchange_api.py", line 166, in _private_request
    raise OKXApiError(
exchange_api.OKXApiError: HTTP 401 for GET /api/v5/account/balance | response={'msg': "API key doesn't exist", 'code': '50119'}
2026-08-19 03:38:44,071 | INFO | crypto_bot | TRADE pair=ROBO-USDT time=2026-08-19T03:38:44.018000+00:00 price=0.01275000 size=1573.00000000
2026-08-19 03:38:44,071 | INFO | crypto_bot | 1m CLOSED ts=2026-08-19T03:36:00+00:00 o=0.01280000 h=0.01280000 l=0.01278000 c=0.01278000 v=50473.90000000
2026-08-19 03:38:44,071 | INFO | crypto_bot | ENTRY signal=HOLD reason=trend_filter_not_passed meta={'regime': 'unknown'}
2026-08-19 03:40:56,137 | INFO | crypto_bot | TRADE pair=ROBO-USDT time=2026-08-19T03:40:56.083000+00:00 price=0.01279000 size=14117.60000000
2026-08-19 03:40:56,137 | INFO | crypto_bot | 1m CLOSED ts=2026-08-19T03:38:00+00:00 o=0.01275000 h=0.01275000 l=0.01275000 c=0.01275000 v=1573.00000000
2026-08-19 03:40:56,138 | INFO | crypto_bot | ENTRY signal=HOLD reason=trend_filter_not_passed meta={'regime': 'unknown'}
2026-08-19 03:40:56,138 | INFO | crypto_bot | 5m CLOSED ts=2026-08-19T03:35:00+00:00 o=0.01280000 h=0.01280000 l=0.01275000 c=0.01275000 v=52046.90000000
2026-08-19 03:41:02,438 | INFO | crypto_bot | TRADE pair=ROBO-USDT time=2026-08-19T03:41:02.384000+00:00 price=0.01277000 size=4653.40000000
2026-08-19 03:41:02,438 | INFO | crypto_bot | 1m CLOSED ts=2026-08-19T03:40:00+00:00 o=0.01279000 h=0.01279000 l=0.01279000 c=0.01279000 v=14117.60000000
2026-08-19 03:41:02,438 | INFO | crypto_bot | ENTRY signal=HOLD reason=trend_filter_not_passed meta={'regime': 'unknown'}
2026-08-19 03:45:00,337 | INFO | crypto_bot | TRADE pair=ROBO-USDT time=2026-08-19T03:45:00.281000+00:00 price=0.01277000 size=6284.70000000
2026-08-19 03:45:00,337 | INFO | crypto_bot | 1m CLOSED ts=2026-08-19T03:41:00+00:00 o=0.01277000 h=0.01277000 l=0.01277000 c=0.01277000 v=4653.40000000
2026-08-19 03:45:00,338 | INFO | crypto_bot | ENTRY signal=HOLD reason=trend_filter_not_passed meta={'regime': 'unknown'}
2026-08-19 03:45:00,338 | INFO | crypto_bot | 5m CLOSED ts=2026-08-19T03:40:00+00:00 o=0.01279000 h=0.01279000 l=0.01277000 c=0.01277000 v=18771.00000000
2026-08-19 03:45:24,325 | INFO | crypto_bot | TRADE pair=ROBO-USDT time=2026-08-19T03:45:24.271000+00:00 price=0.01277000 size=28125.00000000
2026-08-19 03:45:25,581 | INFO | crypto_bot | TRADE pair=ROBO-USDT time=2026-08-19T03:45:25.527000+00:00 price=0.01279000 size=5636.20000000
2026-08-19 03:46:09,783 | INFO | crypto_bot | TRADE pair=ROBO-USDT time=2026-08-19T03:46:09.729000+00:00 price=0.01277000 size=3355.40000000
2026-08-19 03:46:09,783 | INFO | crypto_bot | 1m CLOSED ts=2026-08-19T03:45:00+00:00 o=0.01277000 h=0.01279000 l=0.01277000 c=0.01279000 v=40045.90000000
2026-08-19 03:46:09,783 | INFO | crypto_bot | ENTRY signal=HOLD reason=trend_filter_not_passed meta={'regime': 'unknown'}
2026-08-19 03:48:08,044 | INFO | crypto_bot | TRADE pair=ROBO-USDT time=2026-08-19T03:48:07.991000+00:00 price=0.01277000 size=5630.50000000
2026-08-19 03:48:08,045 | INFO | crypto_bot | 1m CLOSED ts=2026-08-19T03:46:00+00:00 o=0.01277000 h=0.01277000 l=0.01277000 c=0.01277000 v=3355.40000000
2026-08-19 03:48:08,045 | INFO | crypto_bot | ENTRY signal=HOLD reason=trend_filter_not_passed meta={'regime': 'unknown'}
2026-08-19 03:50:31,252 | INFO | crypto_bot | TRADE pair=ROBO-USDT time=2026-08-19T03:50:31.198000+00:00 price=0.01278000 size=18779.40000000
2026-08-19 03:50:31,252 | INFO | crypto_bot | 1m CLOSED ts=2026-08-19T03:48:00+00:00 o=0.01277000 h=0.01277000 l=0.01277000 c=0.01277000 v=5630.50000000
2026-08-19 03:50:31,252 | INFO | crypto_bot | ENTRY signal=HOLD reason=trend_filter_not_passed meta={'regime': 'unknown'}
2026-08-19 03:50:31,253 | INFO | crypto_bot | 5m CLOSED ts=2026-08-19T03:45:00+00:00 o=0.01277000 h=0.01279000 l=0.01277000 c=0.01277000 v=49031.80000000
2026-08-19 03:50:59,566 | INFO | crypto_bot | TRADE pair=ROBO-USDT time=2026-08-19T03:50:59.506000+00:00 price=0.01278000 size=4499.90000000
2026-08-19 03:50:59,572 | INFO | crypto_bot | TRADE pair=ROBO-USDT time=2026-08-19T03:50:59.519000+00:00 price=0.01278000 size=25500.10000000
2026-08-19 03:51:38,493 | INFO | crypto_bot | TRADE pair=ROBO-USDT time=2026-08-19T03:51:38.439000+00:00 price=0.01278000 size=4692.30000000
2026-08-19 03:51:38,493 | INFO | crypto_bot | 1m CLOSED ts=2026-08-19T03:50:00+00:00 o=0.01278000 h=0.01278000 l=0.01278000 c=0.01278000 v=48779.40000000
2026-08-19 03:51:38,493 | INFO | crypto_bot | ENTRY signal=HOLD reason=trend_filter_not_passed meta={'regime': 'unknown'}
2026-08-19 03:52:19,400 | INFO | crypto_bot | TRADE pair=ROBO-USDT time=2026-08-19T03:52:19.346000+00:00 price=0.01279000 size=1282.50000000
2026-08-19 03:52:19,400 | INFO | crypto_bot | 1m CLOSED ts=2026-08-19T03:51:00+00:00 o=0.01278000 h=0.01278000 l=0.01278000 c=0.01278000 v=4692.30000000
2026-08-19 03:52:19,401 | INFO | crypto_bot | ENTRY signal=HOLD reason=trend_filter_not_passed meta={'regime': 'unknown'}
2026-08-19 03:52:19,401 | INFO | crypto_bot | TRADE pair=ROBO-USDT time=2026-08-19T03:52:19.346000+00:00 price=0.01279000 size=17496.90000000
2026-08-19 03:52:20,003 | INFO | crypto_bot | TRADE pair=ROBO-USDT time=2026-08-19T03:52:19.949000+00:00 price=0.01278000 size=4180.90000000
2026-08-19 03:52:42,132 | INFO | crypto_bot | TRADE pair=ROBO-USDT time=2026-08-19T03:52:42.078000+00:00 price=0.01278000 size=687.00000000
2026-08-19 03:53:47,387 | INFO | crypto_bot | TRADE pair=ROBO-USDT time=2026-08-19T03:53:47.333000+00:00 price=0.01279000 size=18779.40000000
2026-08-19 03:53:47,387 | INFO | crypto_bot | 1m CLOSED ts=2026-08-19T03:52:00+00:00 o=0.01279000 h=0.01279000 l=0.01278000 c=0.01278000 v=23647.30000000
2026-08-19 03:53:47,387 | INFO | crypto_bot | ENTRY signal=HOLD reason=trend_filter_not_passed meta={'regime': 'unknown'}
2026-08-19 03:55:08,527 | INFO | crypto_bot | TRADE pair=ROBO-USDT time=2026-08-19T03:55:08.473000+00:00 price=0.01278000 size=1944.30000000
2026-08-19 03:55:08,527 | INFO | crypto_bot | 1m CLOSED ts=2026-08-19T03:53:00+00:00 o=0.01279000 h=0.01279000 l=0.01279000 c=0.01279000 v=18779.40000000
2026-08-19 03:55:08,528 | INFO | crypto_bot | ENTRY signal=HOLD reason=trend_filter_not_passed meta={'regime': 'unknown'}
2026-08-19 03:55:08,528 | INFO | crypto_bot | 5m CLOSED ts=2026-08-19T03:50:00+00:00 o=0.01278000 h=0.01279000 l=0.01278000 c=0.01279000 v=95898.40000000
2026-08-19 03:55:08,528 | INFO | crypto_bot | TRADE pair=ROBO-USDT time=2026-08-19T03:55:08.474000+00:00 price=0.01278000 size=19778.00000000
2026-08-19 03:55:19,457 | INFO | crypto_bot | TRADE pair=ROBO-USDT time=2026-08-19T03:55:19.402000+00:00 price=0.01274000 size=256.40000000
2026-08-19 03:58:33,938 | INFO | crypto_bot | TRADE pair=ROBO-USDT time=2026-08-19T03:58:33.883000+00:00 price=0.01278000 size=20061.90000000
2026-08-19 03:58:33,938 | INFO | crypto_bot | 1m CLOSED ts=2026-08-19T03:55:00+00:00 o=0.01278000 h=0.01278000 l=0.01274000 c=0.01274000 v=21978.70000000
2026-08-19 03:58:33,938 | INFO | crypto_bot | ENTRY signal=HOLD reason=trend_filter_not_passed meta={'regime': 'unknown'}
2026-08-19 03:58:33,939 | INFO | crypto_bot | TRADE pair=ROBO-USDT time=2026-08-19T03:58:33.884000+00:00 price=0.01278000 size=7028.30000000
2026-08-19 03:59:26,332 | INFO | crypto_bot | TRADE pair=ROBO-USDT time=2026-08-19T03:59:26.278000+00:00 price=0.01274000 size=1693.70000000
2026-08-19 03:59:26,332 | INFO | crypto_bot | 1m CLOSED ts=2026-08-19T03:58:00+00:00 o=0.01278000 h=0.01278000 l=0.01278000 c=0.01278000 v=27090.20000000
2026-08-19 03:59:26,332 | INFO | crypto_bot | ENTRY signal=HOLD reason=trend_filter_not_passed meta={'regime': 'unknown'}
2026-08-19 03:59:26,333 | INFO | crypto_bot | TRADE pair=ROBO-USDT time=2026-08-19T03:59:26.279000+00:00 price=0.01274000 size=22750.90000000
2026-08-19 04:00:28,252 | INFO | crypto_bot | TRADE pair=ROBO-USDT time=2026-08-19T04:00:28.189000+00:00 price=0.01272000 size=7861.60000000
2026-08-19 04:00:28,252 | INFO | crypto_bot | 1m CLOSED ts=2026-08-19T03:59:00+00:00 o=0.01274000 h=0.01274000 l=0.01274000 c=0.01274000 v=24444.60000000
2026-08-19 04:00:28,253 | INFO | crypto_bot | ENTRY signal=HOLD reason=trend_filter_not_passed meta={'regime': 'unknown'}
2026-08-19 04:00:28,253 | INFO | crypto_bot | 5m CLOSED ts=2026-08-19T03:55:00+00:00 o=0.01278000 h=0.01278000 l=0.01274000 c=0.01274000 v=73513.50000000
2026-08-19 04:01:27,341 | INFO | crypto_bot | TRADE pair=ROBO-USDT time=2026-08-19T04:01:27.287000+00:00 price=0.01273000 size=100.00000000
2026-08-19 04:01:27,341 | INFO | crypto_bot | 1m CLOSED ts=2026-08-19T04:00:00+00:00 o=0.01272000 h=0.01272000 l=0.01272000 c=0.01272000 v=7861.60000000
2026-08-19 04:01:27,341 | INFO | crypto_bot | ENTRY signal=HOLD reason=trend_filter_not_passed meta={'regime': 'unknown'}
2026-08-19 04:01:34,247 | INFO | crypto_bot | TRADE pair=ROBO-USDT time=2026-08-19T04:01:34.193000+00:00 price=0.01271000 size=3074.60000000
2026-08-19 04:02:08,274 | INFO | crypto_bot | TRADE pair=ROBO-USDT time=2026-08-19T04:02:08.220000+00:00 price=0.01270000 size=116.20000000
2026-08-19 04:02:08,274 | INFO | crypto_bot | 1m CLOSED ts=2026-08-19T04:01:00+00:00 o=0.01273000 h=0.01273000 l=0.01271000 c=0.01271000 v=3174.60000000
2026-08-19 04:02:08,274 | INFO | crypto_bot | ENTRY signal=HOLD reason=trend_filter_not_passed meta={'regime': 'unknown'}
2026-08-19 04:02:08,291 | INFO | crypto_bot | TRADE pair=ROBO-USDT time=2026-08-19T04:02:08.237000+00:00 price=0.01270000 size=531.80000000
2026-08-19 04:02:13,915 | INFO | crypto_bot | TRADE pair=ROBO-USDT time=2026-08-19T04:02:13.861000+00:00 price=0.01269000 size=2306.10000000
2026-08-19 04:02:14,001 | INFO | crypto_bot | TRADE pair=ROBO-USDT time=2026-08-19T04:02:13.947000+00:00 price=0.01267000 size=1282.50000000
2026-08-19 04:02:14,002 | INFO | crypto_bot | TRADE pair=ROBO-USDT time=2026-08-19T04:02:13.948000+00:00 price=0.01265000 size=1694.60000000
2026-08-19 04:02:14,004 | INFO | crypto_bot | TRADE pair=ROBO-USDT time=2026-08-19T04:02:13.951000+00:00 price=0.01264000 size=125.60000000
2026-08-19 04:02:14,011 | INFO | crypto_bot | TRADE pair=ROBO-USDT time=2026-08-19T04:02:13.957000+00:00 price=0.01265000 size=180.30000000
2026-08-19 04:02:14,013 | INFO | crypto_bot | TRADE pair=ROBO-USDT time=2026-08-19T04:02:13.959000+00:00 price=0.01265000 size=18599.10000000
2026-08-19 04:02:14,042 | INFO | crypto_bot | TRADE pair=ROBO-USDT time=2026-08-19T04:02:13.988000+00:00 price=0.01269000 size=1282.50000000
2026-08-19 04:02:14,152 | INFO | crypto_bot | TRADE pair=ROBO-USDT time=2026-08-19T04:02:14.098000+00:00 price=0.01268000 size=1282.50000000
2026-08-19 04:02:14,182 | INFO | crypto_bot | TRADE pair=ROBO-USDT time=2026-08-19T04:02:14.129000+00:00 price=0.01268000 size=3289.00000000
2026-08-19 04:02:39,632 | INFO | crypto_bot | TRADE pair=ROBO-USDT time=2026-08-19T04:02:39.578000+00:00 price=0.01270000 size=10100.00000000
2026-08-19 04:02:49,578 | INFO | crypto_bot | TRADE pair=ROBO-USDT time=2026-08-19T04:02:49.525000+00:00 price=0.01268000 size=19863.30000000
2026-08-19 04:04:00,622 | INFO | crypto_bot | TRADE pair=ROBO-USDT time=2026-08-19T04:04:00.568000+00:00 price=0.01269000 size=18779.40000000
2026-08-19 04:04:00,622 | INFO | crypto_bot | 1m CLOSED ts=2026-08-19T04:02:00+00:00 o=0.01270000 h=0.01270000 l=0.01264000 c=0.01268000 v=60653.50000000
2026-08-19 04:04:00,622 | INFO | crypto_bot | ENTRY signal=HOLD reason=trend_filter_not_passed meta={'regime': 'unknown'}
2026-08-19 04:04:34,867 | INFO | crypto_bot | TRADE pair=ROBO-USDT time=2026-08-19T04:04:34.813000+00:00 price=0.01268000 size=4402.00000000
2026-08-19 04:10:47,219 | INFO | crypto_bot | TRADE pair=ROBO-USDT time=2026-08-19T04:10:47.165000+00:00 price=0.01269000 size=5506.00000000
2026-08-19 04:10:47,219 | INFO | crypto_bot | 1m CLOSED ts=2026-08-19T04:04:00+00:00 o=0.01269000 h=0.01269000 l=0.01268000 c=0.01268000 v=23181.40000000
2026-08-19 04:10:47,219 | INFO | crypto_bot | ENTRY signal=HOLD reason=trend_filter_not_passed meta={'regime': 'unknown'}
2026-08-19 04:10:47,220 | INFO | crypto_bot | 5m CLOSED ts=2026-08-19T04:00:00+00:00 o=0.01272000 h=0.01273000 l=0.01264000 c=0.01268000 v=94871.10000000
2026-08-19 04:10:55,736 | INFO | crypto_bot | TRADE pair=ROBO-USDT time=2026-08-19T04:10:55.682000+00:00 price=0.01269000 size=25776.50000000
2026-08-19 04:10:56,525 | INFO | crypto_bot | TRADE pair=ROBO-USDT time=2026-08-19T04:10:56.472000+00:00 price=0.01270000 size=15748.00000000
2026-08-19 04:11:12,268 | INFO | crypto_bot | TRADE pair=ROBO-USDT time=2026-08-19T04:11:12.213000+00:00 price=0.01270000 size=22310.50000000
2026-08-19 04:11:12,268 | INFO | crypto_bot | 1m CLOSED ts=2026-08-19T04:10:00+00:00 o=0.01269000 h=0.01270000 l=0.01269000 c=0.01270000 v=47030.50000000
2026-08-19 04:11:12,268 | INFO | crypto_bot | ENTRY signal=HOLD reason=trend_filter_not_passed meta={'regime': 'unknown'}
2026-08-19 04:11:12,277 | INFO | crypto_bot | TRADE pair=ROBO-USDT time=2026-08-19T04:11:12.223000+00:00 price=0.01270000 size=7689.50000000
2026-08-19 04:11:34,247 | INFO | crypto_bot | TRADE pair=ROBO-USDT time=2026-08-19T04:11:34.194000+00:00 price=0.01270000 size=4462.50000000
2026-08-19 04:11:34,252 | INFO | crypto_bot | TRADE pair=ROBO-USDT time=2026-08-19T04:11:34.199000+00:00 price=0.01270000 size=7374.70000000
2026-08-19 04:11:34,252 | INFO | crypto_bot | TRADE pair=ROBO-USDT time=2026-08-19T04:11:34.200000+00:00 price=0.01270000 size=4747.70000000
2026-08-19 04:11:34,272 | INFO | crypto_bot | TRADE pair=ROBO-USDT time=2026-08-19T04:11:34.219000+00:00 price=0.01270000 size=3165.10000000
2026-08-19 04:11:34,345 | INFO | crypto_bot | TRADE pair=ROBO-USDT time=2026-08-19T04:11:34.290000+00:00 price=0.01270000 size=7084.90000000
2026-08-19 04:11:34,346 | INFO | crypto_bot | TRADE pair=ROBO-USDT time=2026-08-19T04:11:34.291000+00:00 price=0.01270000 size=3165.10000000
2026-08-19 04:11:50,983 | INFO | crypto_bot | TRADE pair=ROBO-USDT time=2026-08-19T04:11:50.929000+00:00 price=0.01270000 size=576.50000000
2026-08-19 04:11:54,456 | INFO | crypto_bot | TRADE pair=ROBO-USDT time=2026-08-19T04:11:54.402000+00:00 price=0.01270000 size=19423.50000000
2026-08-19 04:12:00,106 | INFO | crypto_bot | TRADE pair=ROBO-USDT time=2026-08-19T04:12:00.053000+00:00 price=0.01271000 size=15735.60000000
2026-08-19 04:12:00,106 | INFO | crypto_bot | 1m CLOSED ts=2026-08-19T04:11:00+00:00 o=0.01270000 h=0.01270000 l=0.01270000 c=0.01270000 v=80000.00000000
2026-08-19 04:12:00,106 | INFO | crypto_bot | ENTRY signal=HOLD reason=trend_filter_not_passed meta={'regime': 'unknown'}
2026-08-19 04:12:01,335 | INFO | crypto_bot | Bot started | pair=ROBO-USDT | mode=monitor | equity=1000.00
2026-08-19 04:12:01,644 | ERROR | crypto_bot | OKX startup self-check failed: HTTP 401 for GET /api/v5/account/balance | response={'msg': "API key doesn't exist", 'code': '50119'}
Traceback (most recent call last):
  File "/home/ubuntu/crypto-trading-bot/app.py", line 197, in startup_check
    result = await asyncio.to_thread(
             ^^^^^^^^^^^^^^^^^^^^^^^^
  File "/usr/lib/python3.12/asyncio/threads.py", line 25, in to_thread
    return await loop.run_in_executor(None, func_call)
           ^^^^^^^^^^^^^^^^^^^^^^^^^^^^^^^^^^^^^^^^^^^
  File "/usr/lib/python3.12/concurrent/futures/thread.py", line 58, in run
    result = self.fn(*self.args, **self.kwargs)
             ^^^^^^^^^^^^^^^^^^^^^^^^^^^^^^^^^^
  File "/home/ubuntu/crypto-trading-bot/exchange_api.py", line 274, in startup_self_check
    results["api_credentials"] = self._check_api_credentials()
                                 ^^^^^^^^^^^^^^^^^^^^^^^^^^^^^
  File "/home/ubuntu/crypto-trading-bot/exchange_api.py", line 198, in _check_api_credentials
    data = self._private_request("GET", "/api/v5/account/balance")
           ^^^^^^^^^^^^^^^^^^^^^^^^^^^^^^^^^^^^^^^^^^^^^^^^^^^^^^^
  File "/home/ubuntu/crypto-trading-bot/exchange_api.py", line 166, in _private_request
    raise OKXApiError(
exchange_api.OKXApiError: HTTP 401 for GET /api/v5/account/balance | response={'msg': "API key doesn't exist", 'code': '50119'}
2026-08-19 04:12:19,494 | INFO | crypto_bot | TRADE pair=ROBO-USDT time=2026-08-19T04:12:19.440000+00:00 price=0.01271000 size=5722.30000000
2026-08-19 04:12:19,494 | INFO | crypto_bot | TRADE pair=ROBO-USDT time=2026-08-19T04:12:19.441000+00:00 price=0.01271000 size=7690.80000000
2026-08-19 04:12:19,495 | INFO | crypto_bot | TRADE pair=ROBO-USDT time=2026-08-19T04:12:19.441000+00:00 price=0.01271000 size=2322.50000000
2026-08-19 04:13:03,449 | INFO | crypto_bot | TRADE pair=ROBO-USDT time=2026-08-19T04:13:03.396000+00:00 price=0.01271000 size=7867.80000000
2026-08-19 04:13:03,450 | INFO | crypto_bot | 1m CLOSED ts=2026-08-19T04:12:00+00:00 o=0.01271000 h=0.01271000 l=0.01271000 c=0.01271000 v=31471.20000000
2026-08-19 04:13:03,450 | INFO | crypto_bot | ENTRY signal=HOLD reason=trend_filter_not_passed meta={'regime': 'unknown'}
2026-08-19 04:13:23,569 | INFO | crypto_bot | TRADE pair=ROBO-USDT time=2026-08-19T04:13:23.515000+00:00 price=0.01271000 size=12194.10000000
2026-08-19 04:13:23,569 | INFO | crypto_bot | TRADE pair=ROBO-USDT time=2026-08-19T04:13:23.516000+00:00 price=0.01271000 size=2729.10000000
2026-08-19 04:14:18,537 | INFO | crypto_bot | TRADE pair=ROBO-USDT time=2026-08-19T04:14:18.477000+00:00 price=0.01271000 size=6604.00000000
2026-08-19 04:14:18,537 | INFO | crypto_bot | 1m CLOSED ts=2026-08-19T04:13:00+00:00 o=0.01271000 h=0.01271000 l=0.01271000 c=0.01271000 v=22791.00000000
2026-08-19 04:14:18,537 | INFO | crypto_bot | ENTRY signal=HOLD reason=trend_filter_not_passed meta={'regime': 'unknown'}
2026-08-19 04:14:55,167 | INFO | crypto_bot | Bot started | pair=ROBO-USDT | mode=monitor | equity=1000.00
2026-08-19 04:14:55,798 | INFO | crypto_bot.exchange_api | startup_self_check passed: {'time_drift': 'time_ok (drift=0.060s)', 'instrument_tradable': 'instrument_ok (inst_id=ROBO-USDT, state=live)', 'instrument_whitelist': 'whitelist_ok (inst_id=ROBO-USDT)', 'api_credentials': 'credentials_ok (account balance fetched, code=0)'}
2026-08-19 04:14:55,798 | INFO | crypto_bot | OKX startup self-check passed: {'time_drift': 'time_ok (drift=0.060s)', 'instrument_tradable': 'instrument_ok (inst_id=ROBO-USDT, state=live)', 'instrument_whitelist': 'whitelist_ok (inst_id=ROBO-USDT)', 'api_credentials': 'credentials_ok (account balance fetched, code=0)'}
2026-08-19 04:14:55,799 | INFO | crypto_bot | 连接 OKX Public WS: wss://ws.okx.com:8443/ws/v5/public
2026-08-19 04:14:56,252 | INFO | crypto_bot | 已订阅 ROBO-USDT trades
2026-08-19 04:14:56,361 | INFO | crypto_bot | WS event: {'event': 'subscribe', 'arg': {'channel': 'trades', 'instId': 'ROBO-USDT'}, 'connId': '07aa06cb'}
2026-08-19 04:15:18,788 | INFO | crypto_bot | Bot stopped by user
2026-08-19 04:16:12,074 | INFO | crypto_bot | TRADE pair=ROBO-USDT time=2026-08-19T04:16:12.008000+00:00 price=0.01268000 size=33943.20000000
2026-08-19 04:16:12,074 | INFO | crypto_bot | 1m CLOSED ts=2026-08-19T04:14:00+00:00 o=0.01271000 h=0.01271000 l=0.01271000 c=0.01271000 v=6604.00000000
2026-08-19 04:16:12,074 | INFO | crypto_bot | ENTRY signal=HOLD reason=trend_filter_not_passed meta={'regime': 'unknown'}
2026-08-19 04:16:12,074 | INFO | crypto_bot | 5m CLOSED ts=2026-08-19T04:10:00+00:00 o=0.01269000 h=0.01271000 l=0.01269000 c=0.01271000 v=187896.70000000
2026-08-19 04:16:25,104 | INFO | crypto_bot | TRADE pair=ROBO-USDT time=2026-08-19T04:16:25.050000+00:00 price=0.01265000 size=113.60000000
2026-08-19 04:16:32,982 | INFO | crypto_bot | TRADE pair=ROBO-USDT time=2026-08-19T04:16:32.928000+00:00 price=0.01264000 size=18779.40000000
2026-08-19 04:19:29,226 | INFO | crypto_bot | Bot started | pair=ROBO-USDT | mode=monitor | equity=1000.00
2026-08-19 04:19:29,739 | INFO | crypto_bot.exchange_api | startup_self_check passed: {'time_drift': 'time_ok (drift=0.059s)', 'instrument_tradable': 'instrument_ok (inst_id=ROBO-USDT, state=live)', 'instrument_whitelist': 'whitelist_ok (inst_id=ROBO-USDT)', 'api_credentials': 'credentials_ok (account balance fetched, code=0)'}
2026-08-19 04:19:29,740 | INFO | crypto_bot | OKX startup self-check passed: {'time_drift': 'time_ok (drift=0.059s)', 'instrument_tradable': 'instrument_ok (inst_id=ROBO-USDT, state=live)', 'instrument_whitelist': 'whitelist_ok (inst_id=ROBO-USDT)', 'api_credentials': 'credentials_ok (account balance fetched, code=0)'}
2026-08-19 04:19:29,740 | INFO | crypto_bot | 连接 OKX Public WS: wss://ws.okx.com:8443/ws/v5/public
2026-08-19 04:19:30,185 | INFO | crypto_bot | 已订阅 ROBO-USDT trades
2026-08-19 04:19:30,289 | INFO | crypto_bot | WS event: {'event': 'subscribe', 'arg': {'channel': 'trades', 'instId': 'ROBO-USDT'}, 'connId': '3c08663b'}
2026-08-19 04:20:18,636 | INFO | crypto_bot | TRADE pair=ROBO-USDT time=2026-08-19T04:20:18.582000+00:00 price=0.01266000 size=157.90000000
2026-08-19 04:20:18,637 | INFO | crypto_bot | TRADE pair=ROBO-USDT time=2026-08-19T04:20:18.582000+00:00 price=0.01266000 size=157.90000000
2026-08-19 04:20:18,640 | INFO | crypto_bot | 1m CLOSED ts=2026-08-19T04:16:00+00:00 o=0.01268000 h=0.01268000 l=0.01264000 c=0.01264000 v=52836.20000000
2026-08-19 04:20:18,640 | INFO | crypto_bot | ENTRY signal=HOLD reason=trend_filter_not_passed meta={'regime': 'unknown'}
2026-08-19 04:20:18,653 | INFO | crypto_bot | 5m CLOSED ts=2026-08-19T04:15:00+00:00 o=0.01268000 h=0.01268000 l=0.01264000 c=0.01264000 v=52836.20000000
2026-08-19 04:22:45,114 | INFO | crypto_bot | TRADE pair=ROBO-USDT time=2026-08-19T04:22:45.053000+00:00 price=0.01266000 size=4324.80000000
2026-08-19 04:22:45,116 | INFO | crypto_bot | 1m CLOSED ts=2026-08-19T04:20:00+00:00 o=0.01266000 h=0.01266000 l=0.01266000 c=0.01266000 v=157.90000000
2026-08-19 04:22:45,116 | INFO | crypto_bot | ENTRY signal=HOLD reason=trend_filter_not_passed meta={'regime': 'unknown'}
2026-08-19 04:22:45,115 | INFO | crypto_bot | TRADE pair=ROBO-USDT time=2026-08-19T04:22:45.053000+00:00 price=0.01266000 size=4324.80000000
2026-08-19 04:22:45,119 | INFO | crypto_bot | 1m CLOSED ts=2026-08-19T04:20:00+00:00 o=0.01266000 h=0.01266000 l=0.01266000 c=0.01266000 v=157.90000000
2026-08-19 04:22:45,119 | INFO | crypto_bot | ENTRY signal=HOLD reason=trend_filter_not_passed meta={'regime': 'unknown'}
2026-08-19 04:24:12,543 | INFO | crypto_bot | TRADE pair=ROBO-USDT time=2026-08-19T04:24:12.490000+00:00 price=0.01262000 size=1115.30000000
2026-08-19 04:24:12,543 | INFO | crypto_bot | TRADE pair=ROBO-USDT time=2026-08-19T04:24:12.490000+00:00 price=0.01262000 size=1115.30000000
2026-08-19 04:24:12,545 | INFO | crypto_bot | 1m CLOSED ts=2026-08-19T04:22:00+00:00 o=0.01266000 h=0.01266000 l=0.01266000 c=0.01266000 v=4324.80000000
2026-08-19 04:24:12,546 | INFO | crypto_bot | ENTRY signal=HOLD reason=trend_filter_not_passed meta={'regime': 'unknown'}
2026-08-19 04:24:12,546 | INFO | crypto_bot | 1m CLOSED ts=2026-08-19T04:22:00+00:00 o=0.01266000 h=0.01266000 l=0.01266000 c=0.01266000 v=4324.80000000
2026-08-19 04:24:12,546 | INFO | crypto_bot | ENTRY signal=HOLD reason=trend_filter_not_passed meta={'regime': 'unknown'}
2026-08-19 04:24:33,306 | ERROR | crypto_bot | WebSocket 连接异常: no close frame received or sent
Traceback (most recent call last):
  File "/home/ubuntu/crypto-trading-bot/app.py", line 382, in consume_public_ws
    async for raw in ws:
  File "/home/ubuntu/crypto-trading-bot/.venv/lib/python3.12/site-packages/websockets/asyncio/connection.py", line 236, in __aiter__
    yield await self.recv()
          ^^^^^^^^^^^^^^^^^
  File "/home/ubuntu/crypto-trading-bot/.venv/lib/python3.12/site-packages/websockets/asyncio/connection.py", line 316, in recv
    raise self.protocol.close_exc from self.recv_exc
websockets.exceptions.ConnectionClosedError: no close frame received or sent
2026-08-19 04:24:33,311 | INFO | crypto_bot | 将在 5 秒后重连...
2026-08-19 04:24:38,314 | INFO | crypto_bot | 连接 OKX Public WS: wss://ws.okx.com:8443/ws/v5/public
2026-08-19 04:24:38,701 | INFO | crypto_bot | 已订阅 ROBO-USDT trades
2026-08-19 04:24:38,805 | INFO | crypto_bot | WS event: {'event': 'subscribe', 'arg': {'channel': 'trades', 'instId': 'ROBO-USDT'}, 'connId': '627c6357'}
2026-08-19 04:26:28,904 | INFO | crypto_bot | TRADE pair=ROBO-USDT time=2026-08-19T04:26:28.850000+00:00 price=0.01261000 size=1522.90000000
2026-08-19 04:26:28,904 | INFO | crypto_bot | 1m CLOSED ts=2026-08-19T04:24:00+00:00 o=0.01262000 h=0.01262000 l=0.01262000 c=0.01262000 v=1115.30000000
2026-08-19 04:26:28,904 | INFO | crypto_bot | ENTRY signal=HOLD reason=trend_filter_not_passed meta={'regime': 'unknown'}
2026-08-19 04:26:28,904 | INFO | crypto_bot | TRADE pair=ROBO-USDT time=2026-08-19T04:26:28.850000+00:00 price=0.01261000 size=1522.90000000
2026-08-19 04:26:28,904 | INFO | crypto_bot | 1m CLOSED ts=2026-08-19T04:24:00+00:00 o=0.01262000 h=0.01262000 l=0.01262000 c=0.01262000 v=1115.30000000
2026-08-19 04:26:28,904 | INFO | crypto_bot | ENTRY signal=HOLD reason=trend_filter_not_passed meta={'regime': 'unknown'}
2026-08-19 04:26:28,904 | INFO | crypto_bot | 5m CLOSED ts=2026-08-19T04:20:00+00:00 o=0.01266000 h=0.01266000 l=0.01262000 c=0.01262000 v=5598.00000000
2026-08-19 04:26:28,904 | INFO | crypto_bot | TRADE pair=ROBO-USDT time=2026-08-19T04:26:28.850000+00:00 price=0.01260000 size=19392.20000000
2026-08-19 04:26:28,905 | INFO | crypto_bot | TRADE pair=ROBO-USDT time=2026-08-19T04:26:28.850000+00:00 price=0.01259000 size=10800.50000000
2026-08-19 04:26:28,905 | INFO | crypto_bot | TRADE pair=ROBO-USDT time=2026-08-19T04:26:28.850000+00:00 price=0.01259000 size=9392.20000000
2026-08-19 04:26:28,905 | INFO | crypto_bot | 5m CLOSED ts=2026-08-19T04:20:00+00:00 o=0.01266000 h=0.01266000 l=0.01262000 c=0.01262000 v=5598.00000000
2026-08-19 04:26:28,905 | INFO | crypto_bot | TRADE pair=ROBO-USDT time=2026-08-19T04:26:28.850000+00:00 price=0.01260000 size=19392.20000000
2026-08-19 04:26:28,905 | INFO | crypto_bot | TRADE pair=ROBO-USDT time=2026-08-19T04:26:28.850000+00:00 price=0.01259000 size=10800.50000000
2026-08-19 04:26:28,905 | INFO | crypto_bot | TRADE pair=ROBO-USDT time=2026-08-19T04:26:28.850000+00:00 price=0.01259000 size=9392.20000000
2026-08-19 04:26:28,967 | INFO | crypto_bot | TRADE pair=ROBO-USDT time=2026-08-19T04:26:28.915000+00:00 price=0.01260000 size=5183.70000000
2026-08-19 04:26:28,968 | INFO | crypto_bot | TRADE pair=ROBO-USDT time=2026-08-19T04:26:28.915000+00:00 price=0.01260000 size=5183.70000000
2026-08-19 04:26:56,327 | INFO | crypto_bot | TRADE pair=ROBO-USDT time=2026-08-19T04:26:56.273000+00:00 price=0.01261000 size=3844.80000000
2026-08-19 04:26:56,327 | INFO | crypto_bot | TRADE pair=ROBO-USDT time=2026-08-19T04:26:56.273000+00:00 price=0.01261000 size=3844.80000000
2026-08-19 04:27:39,198 | INFO | crypto_bot | TRADE pair=ROBO-USDT time=2026-08-19T04:27:39.145000+00:00 price=0.01262000 size=3844.80000000
2026-08-19 04:27:39,199 | INFO | crypto_bot | 1m CLOSED ts=2026-08-19T04:26:00+00:00 o=0.01261000 h=0.01261000 l=0.01259000 c=0.01261000 v=50136.30000000
2026-08-19 04:27:39,199 | INFO | crypto_bot | ENTRY signal=HOLD reason=trend_filter_not_passed meta={'regime': 'unknown'}
2026-08-19 04:27:39,199 | INFO | crypto_bot | TRADE pair=ROBO-USDT time=2026-08-19T04:27:39.145000+00:00 price=0.01262000 size=3844.80000000
2026-08-19 04:27:39,199 | INFO | crypto_bot | 1m CLOSED ts=2026-08-19T04:26:00+00:00 o=0.01261000 h=0.01261000 l=0.01259000 c=0.01261000 v=50136.30000000
2026-08-19 04:27:39,199 | INFO | crypto_bot | ENTRY signal=HOLD reason=trend_filter_not_passed meta={'regime': 'unknown'}
2026-08-19 04:28:16,109 | INFO | crypto_bot | TRADE pair=ROBO-USDT time=2026-08-19T04:28:16.056000+00:00 price=0.01262000 size=3844.80000000
2026-08-19 04:28:16,110 | INFO | crypto_bot | 1m CLOSED ts=2026-08-19T04:27:00+00:00 o=0.01262000 h=0.01262000 l=0.01262000 c=0.01262000 v=3844.80000000
2026-08-19 04:28:16,110 | INFO | crypto_bot | ENTRY signal=HOLD reason=trend_filter_not_passed meta={'regime': 'unknown'}
2026-08-19 04:28:16,111 | INFO | crypto_bot | TRADE pair=ROBO-USDT time=2026-08-19T04:28:16.056000+00:00 price=0.01262000 size=3844.80000000
2026-08-19 04:28:16,111 | INFO | crypto_bot | 1m CLOSED ts=2026-08-19T04:27:00+00:00 o=0.01262000 h=0.01262000 l=0.01262000 c=0.01262000 v=3844.80000000
2026-08-19 04:28:16,111 | INFO | crypto_bot | ENTRY signal=HOLD reason=trend_filter_not_passed meta={'regime': 'unknown'}
2026-08-19 04:29:00,623 | INFO | crypto_bot | TRADE pair=ROBO-USDT time=2026-08-19T04:29:00.569000+00:00 price=0.01263000 size=3844.80000000
2026-08-19 04:29:00,623 | INFO | crypto_bot | 1m CLOSED ts=2026-08-19T04:28:00+00:00 o=0.01262000 h=0.01262000 l=0.01262000 c=0.01262000 v=3844.80000000
2026-08-19 04:29:00,623 | INFO | crypto_bot | TRADE pair=ROBO-USDT time=2026-08-19T04:29:00.569000+00:00 price=0.01263000 size=3844.80000000
2026-08-19 04:29:00,623 | INFO | crypto_bot | ENTRY signal=HOLD reason=trend_filter_not_passed meta={'regime': 'unknown'}
2026-08-19 04:29:00,623 | INFO | crypto_bot | 1m CLOSED ts=2026-08-19T04:28:00+00:00 o=0.01262000 h=0.01262000 l=0.01262000 c=0.01262000 v=3844.80000000
2026-08-19 04:29:00,623 | INFO | crypto_bot | ENTRY signal=HOLD reason=trend_filter_not_passed meta={'regime': 'unknown'}
2026-08-19 04:29:07,172 | INFO | crypto_bot | TRADE pair=ROBO-USDT time=2026-08-19T04:29:07.118000+00:00 price=0.01263000 size=3844.80000000
2026-08-19 04:29:07,172 | INFO | crypto_bot | TRADE pair=ROBO-USDT time=2026-08-19T04:29:07.118000+00:00 price=0.01263000 size=3844.80000000
2026-08-19 04:29:07,182 | INFO | crypto_bot | TRADE pair=ROBO-USDT time=2026-08-19T04:29:07.129000+00:00 price=0.01262000 size=4950.00000000
2026-08-19 04:29:07,183 | INFO | crypto_bot | TRADE pair=ROBO-USDT time=2026-08-19T04:29:07.129000+00:00 price=0.01262000 size=4950.00000000
2026-08-19 04:29:08,355 | INFO | crypto_bot | TRADE pair=ROBO-USDT time=2026-08-19T04:29:08.302000+00:00 price=0.01262000 size=25132.10000000
2026-08-19 04:29:08,356 | INFO | crypto_bot | TRADE pair=ROBO-USDT time=2026-08-19T04:29:08.302000+00:00 price=0.01262000 size=25132.10000000
2026-08-19 04:29:36,122 | INFO | crypto_bot | TRADE pair=ROBO-USDT time=2026-08-19T04:29:36.068000+00:00 price=0.01264000 size=3844.80000000
2026-08-19 04:29:36,122 | INFO | crypto_bot | TRADE pair=ROBO-USDT time=2026-08-19T04:29:36.068000+00:00 price=0.01264000 size=3844.80000000
2026-08-19 04:29:36,142 | INFO | crypto_bot | TRADE pair=ROBO-USDT time=2026-08-19T04:29:36.088000+00:00 price=0.01264000 size=3844.80000000
2026-08-19 04:29:36,142 | INFO | crypto_bot | TRADE pair=ROBO-USDT time=2026-08-19T04:29:36.088000+00:00 price=0.01264000 size=3844.80000000
2026-08-19 04:29:41,222 | INFO | crypto_bot | TRADE pair=ROBO-USDT time=2026-08-19T04:29:41.169000+00:00 price=0.01264000 size=3844.80000000
2026-08-19 04:29:41,222 | INFO | crypto_bot | TRADE pair=ROBO-USDT time=2026-08-19T04:29:41.169000+00:00 price=0.01264000 size=3844.80000000
2026-08-19 04:29:45,339 | INFO | crypto_bot | TRADE pair=ROBO-USDT time=2026-08-19T04:29:45.287000+00:00 price=0.01264000 size=1070.80000000
2026-08-19 04:29:45,341 | INFO | crypto_bot | TRADE pair=ROBO-USDT time=2026-08-19T04:29:45.287000+00:00 price=0.01264000 size=1070.80000000
2026-08-19 04:31:04,555 | INFO | crypto_bot | TRADE pair=ROBO-USDT time=2026-08-19T04:31:04.501000+00:00 price=0.01262000 size=2917.90000000
2026-08-19 04:31:04,555 | INFO | crypto_bot | 1m CLOSED ts=2026-08-19T04:29:00+00:00 o=0.01263000 h=0.01264000 l=0.01262000 c=0.01264000 v=50376.90000000
2026-08-19 04:31:04,555 | INFO | crypto_bot | ENTRY signal=HOLD reason=trend_filter_not_passed meta={'regime': 'unknown'}
2026-08-19 04:31:04,555 | INFO | crypto_bot | 5m CLOSED ts=2026-08-19T04:25:00+00:00 o=0.01261000 h=0.01264000 l=0.01259000 c=0.01264000 v=108202.80000000
2026-08-19 04:31:04,556 | INFO | crypto_bot | TRADE pair=ROBO-USDT time=2026-08-19T04:31:04.501000+00:00 price=0.01262000 size=2917.90000000
2026-08-19 04:31:04,556 | INFO | crypto_bot | 1m CLOSED ts=2026-08-19T04:29:00+00:00 o=0.01263000 h=0.01264000 l=0.01262000 c=0.01264000 v=50376.90000000
2026-08-19 04:31:04,556 | INFO | crypto_bot | ENTRY signal=HOLD reason=trend_filter_not_passed meta={'regime': 'unknown'}
2026-08-19 04:31:04,556 | INFO | crypto_bot | 5m CLOSED ts=2026-08-19T04:25:00+00:00 o=0.01261000 h=0.01264000 l=0.01259000 c=0.01264000 v=108202.80000000
2026-08-19 04:31:35,972 | INFO | crypto_bot | TRADE pair=ROBO-USDT time=2026-08-19T04:31:35.918000+00:00 price=0.01260000 size=1562.10000000
2026-08-19 04:31:35,972 | INFO | crypto_bot | TRADE pair=ROBO-USDT time=2026-08-19T04:31:35.918000+00:00 price=0.01260000 size=1562.10000000
2026-08-19 04:32:40,238 | INFO | crypto_bot | TRADE pair=ROBO-USDT time=2026-08-19T04:32:40.185000+00:00 price=0.01259000 size=20061.90000000
2026-08-19 04:32:40,238 | INFO | crypto_bot | 1m CLOSED ts=2026-08-19T04:31:00+00:00 o=0.01262000 h=0.01262000 l=0.01260000 c=0.01260000 v=4480.00000000
2026-08-19 04:32:40,239 | INFO | crypto_bot | ENTRY signal=HOLD reason=trend_filter_not_passed meta={'regime': 'unknown'}
2026-08-19 04:32:40,239 | INFO | crypto_bot | TRADE pair=ROBO-USDT time=2026-08-19T04:32:40.186000+00:00 price=0.01259000 size=1382.50000000
2026-08-19 04:32:40,239 | INFO | crypto_bot | TRADE pair=ROBO-USDT time=2026-08-19T04:32:40.186000+00:00 price=0.01259000 size=28555.60000000
2026-08-19 04:32:40,240 | INFO | crypto_bot | TRADE pair=ROBO-USDT time=2026-08-19T04:32:40.185000+00:00 price=0.01259000 size=20061.90000000
2026-08-19 04:32:40,240 | INFO | crypto_bot | 1m CLOSED ts=2026-08-19T04:31:00+00:00 o=0.01262000 h=0.01262000 l=0.01260000 c=0.01260000 v=4480.00000000
2026-08-19 04:32:40,240 | INFO | crypto_bot | ENTRY signal=HOLD reason=trend_filter_not_passed meta={'regime': 'unknown'}
2026-08-19 04:32:40,241 | INFO | crypto_bot | TRADE pair=ROBO-USDT time=2026-08-19T04:32:40.186000+00:00 price=0.01259000 size=1382.50000000
2026-08-19 04:32:40,241 | INFO | crypto_bot | TRADE pair=ROBO-USDT time=2026-08-19T04:32:40.186000+00:00 price=0.01259000 size=28555.60000000
2026-08-19 04:32:40,248 | INFO | crypto_bot | TRADE pair=ROBO-USDT time=2026-08-19T04:32:40.195000+00:00 price=0.01259000 size=18779.40000000
2026-08-19 04:32:40,249 | INFO | crypto_bot | TRADE pair=ROBO-USDT time=2026-08-19T04:32:40.195000+00:00 price=0.01259000 size=18779.40000000
2026-08-19 04:32:48,759 | INFO | crypto_bot | TRADE pair=ROBO-USDT time=2026-08-19T04:32:48.706000+00:00 price=0.01258000 size=1972.50000000
2026-08-19 04:32:48,759 | INFO | crypto_bot | TRADE pair=ROBO-USDT time=2026-08-19T04:32:48.706000+00:00 price=0.01258000 size=1972.50000000
2026-08-19 04:32:48,760 | INFO | crypto_bot | TRADE pair=ROBO-USDT time=2026-08-19T04:32:48.706000+00:00 price=0.01257000 size=64108.00000000
2026-08-19 04:32:48,760 | INFO | crypto_bot | TRADE pair=ROBO-USDT time=2026-08-19T04:32:48.706000+00:00 price=0.01257000 size=64108.00000000
2026-08-19 04:33:04,741 | INFO | crypto_bot | TRADE pair=ROBO-USDT time=2026-08-19T04:33:04.688000+00:00 price=0.01257000 size=58142.30000000
2026-08-19 04:33:04,741 | INFO | crypto_bot | TRADE pair=ROBO-USDT time=2026-08-19T04:33:04.688000+00:00 price=0.01257000 size=58142.30000000
2026-08-19 04:33:04,741 | INFO | crypto_bot | 1m CLOSED ts=2026-08-19T04:32:00+00:00 o=0.01259000 h=0.01259000 l=0.01257000 c=0.01257000 v=134859.90000000
2026-08-19 04:33:04,741 | INFO | crypto_bot | 1m CLOSED ts=2026-08-19T04:32:00+00:00 o=0.01259000 h=0.01259000 l=0.01257000 c=0.01257000 v=134859.90000000
2026-08-19 04:33:04,742 | INFO | crypto_bot | ENTRY signal=HOLD reason=trend_filter_not_passed meta={'regime': 'unknown'}
2026-08-19 04:33:04,742 | INFO | crypto_bot | ENTRY signal=HOLD reason=trend_filter_not_passed meta={'regime': 'unknown'}
2026-08-19 04:33:35,433 | INFO | crypto_bot | TRADE pair=ROBO-USDT time=2026-08-19T04:33:35.381000+00:00 price=0.01257000 size=15103.50000000
2026-08-19 04:33:35,434 | INFO | crypto_bot | TRADE pair=ROBO-USDT time=2026-08-19T04:33:35.382000+00:00 price=0.01257000 size=34896.50000000
2026-08-19 04:33:35,435 | INFO | crypto_bot | TRADE pair=ROBO-USDT time=2026-08-19T04:33:35.381000+00:00 price=0.01257000 size=15103.50000000
2026-08-19 04:33:35,435 | INFO | crypto_bot | TRADE pair=ROBO-USDT time=2026-08-19T04:33:35.382000+00:00 price=0.01257000 size=34896.50000000
2026-08-19 04:34:05,093 | INFO | crypto_bot | TRADE pair=ROBO-USDT time=2026-08-19T04:34:05.040000+00:00 price=0.01257000 size=15287.00000000
2026-08-19 04:34:05,093 | INFO | crypto_bot | 1m CLOSED ts=2026-08-19T04:33:00+00:00 o=0.01257000 h=0.01257000 l=0.01257000 c=0.01257000 v=108142.30000000
2026-08-19 04:34:05,093 | INFO | crypto_bot | TRADE pair=ROBO-USDT time=2026-08-19T04:34:05.040000+00:00 price=0.01257000 size=15287.00000000
2026-08-19 04:34:05,093 | INFO | crypto_bot | 1m CLOSED ts=2026-08-19T04:33:00+00:00 o=0.01257000 h=0.01257000 l=0.01257000 c=0.01257000 v=108142.30000000
2026-08-19 04:34:05,093 | INFO | crypto_bot | ENTRY signal=HOLD reason=trend_filter_not_passed meta={'regime': 'unknown'}
2026-08-19 04:34:05,094 | INFO | crypto_bot | ENTRY signal=HOLD reason=trend_filter_not_passed meta={'regime': 'unknown'}
2026-08-19 04:34:05,159 | INFO | crypto_bot | TRADE pair=ROBO-USDT time=2026-08-19T04:34:05.106000+00:00 price=0.01257000 size=20065.80000000
2026-08-19 04:34:05,160 | INFO | crypto_bot | TRADE pair=ROBO-USDT time=2026-08-19T04:34:05.106000+00:00 price=0.01257000 size=20065.80000000
2026-08-19 04:34:05,172 | INFO | crypto_bot | TRADE pair=ROBO-USDT time=2026-08-19T04:34:05.108000+00:00 price=0.01257000 size=59423.30000000
2026-08-19 04:34:05,180 | INFO | crypto_bot | TRADE pair=ROBO-USDT time=2026-08-19T04:34:05.108000+00:00 price=0.01257000 size=59423.30000000
2026-08-19 04:34:15,828 | INFO | crypto_bot | TRADE pair=ROBO-USDT time=2026-08-19T04:34:15.774000+00:00 price=0.01260000 size=39761.40000000
2026-08-19 04:34:15,828 | INFO | crypto_bot | TRADE pair=ROBO-USDT time=2026-08-19T04:34:15.775000+00:00 price=0.01262000 size=8609.40000000
2026-08-19 04:34:15,829 | INFO | crypto_bot | TRADE pair=ROBO-USDT time=2026-08-19T04:34:15.774000+00:00 price=0.01260000 size=39761.40000000
2026-08-19 04:34:15,829 | INFO | crypto_bot | TRADE pair=ROBO-USDT time=2026-08-19T04:34:15.775000+00:00 price=0.01262000 size=8609.40000000
2026-08-19 04:34:15,831 | INFO | crypto_bot | TRADE pair=ROBO-USDT time=2026-08-19T04:34:15.778000+00:00 price=0.01263000 size=4619.00000000
2026-08-19 04:34:15,831 | INFO | crypto_bot | TRADE pair=ROBO-USDT time=2026-08-19T04:34:15.778000+00:00 price=0.01263000 size=4619.00000000
2026-08-19 04:34:15,832 | INFO | crypto_bot | TRADE pair=ROBO-USDT time=2026-08-19T04:34:15.780000+00:00 price=0.01264000 size=3844.80000000
2026-08-19 04:34:15,832 | INFO | crypto_bot | TRADE pair=ROBO-USDT time=2026-08-19T04:34:15.780000+00:00 price=0.01263000 size=660.40000000
2026-08-19 04:34:15,833 | INFO | crypto_bot | TRADE pair=ROBO-USDT time=2026-08-19T04:34:15.780000+00:00 price=0.01263000 size=1268.40000000
2026-08-19 04:34:15,833 | INFO | crypto_bot | TRADE pair=ROBO-USDT time=2026-08-19T04:34:15.781000+00:00 price=0.01263000 size=24832.00000000
2026-08-19 04:34:15,833 | INFO | crypto_bot | TRADE pair=ROBO-USDT time=2026-08-19T04:34:15.781000+00:00 price=0.01263000 size=5732.70000000
2026-08-19 04:34:15,834 | INFO | crypto_bot | TRADE pair=ROBO-USDT time=2026-08-19T04:34:15.781000+00:00 price=0.01262000 size=1399.50000000
2026-08-19 04:34:15,834 | INFO | crypto_bot | TRADE pair=ROBO-USDT time=2026-08-19T04:34:15.781000+00:00 price=0.01265000 size=113.50000000
2026-08-19 04:34:15,834 | INFO | crypto_bot | TRADE pair=ROBO-USDT time=2026-08-19T04:34:15.782000+00:00 price=0.01262000 size=1896.40000000
2026-08-19 04:34:15,833 | INFO | crypto_bot | TRADE pair=ROBO-USDT time=2026-08-19T04:34:15.780000+00:00 price=0.01264000 size=3844.80000000
2026-08-19 04:34:15,835 | INFO | crypto_bot | TRADE pair=ROBO-USDT time=2026-08-19T04:34:15.780000+00:00 price=0.01263000 size=660.40000000
2026-08-19 04:34:15,835 | INFO | crypto_bot | TRADE pair=ROBO-USDT time=2026-08-19T04:34:15.780000+00:00 price=0.01263000 size=1268.40000000
2026-08-19 04:34:15,835 | INFO | crypto_bot | TRADE pair=ROBO-USDT time=2026-08-19T04:34:15.782000+00:00 price=0.01265000 size=3844.80000000
2026-08-19 04:34:15,835 | INFO | crypto_bot | TRADE pair=ROBO-USDT time=2026-08-19T04:34:15.782000+00:00 price=0.01263000 size=6555.20000000
2026-08-19 04:34:15,835 | INFO | crypto_bot | TRADE pair=ROBO-USDT time=2026-08-19T04:34:15.781000+00:00 price=0.01263000 size=24832.00000000
2026-08-19 04:34:15,835 | INFO | crypto_bot | TRADE pair=ROBO-USDT time=2026-08-19T04:34:15.781000+00:00 price=0.01263000 size=5732.70000000
2026-08-19 04:34:15,835 | INFO | crypto_bot | TRADE pair=ROBO-USDT time=2026-08-19T04:34:15.781000+00:00 price=0.01262000 size=1399.50000000
2026-08-19 04:34:15,835 | INFO | crypto_bot | TRADE pair=ROBO-USDT time=2026-08-19T04:34:15.781000+00:00 price=0.01265000 size=113.50000000
2026-08-19 04:34:15,836 | INFO | crypto_bot | TRADE pair=ROBO-USDT time=2026-08-19T04:34:15.782000+00:00 price=0.01262000 size=1896.40000000
2026-08-19 04:34:15,836 | INFO | crypto_bot | TRADE pair=ROBO-USDT time=2026-08-19T04:34:15.782000+00:00 price=0.01265000 size=3844.80000000
2026-08-19 04:34:15,836 | INFO | crypto_bot | TRADE pair=ROBO-USDT time=2026-08-19T04:34:15.782000+00:00 price=0.01263000 size=6555.20000000
2026-08-19 04:34:15,837 | INFO | crypto_bot | TRADE pair=ROBO-USDT time=2026-08-19T04:34:15.784000+00:00 price=0.01264000 size=1896.40000000
2026-08-19 04:34:15,837 | INFO | crypto_bot | TRADE pair=ROBO-USDT time=2026-08-19T04:34:15.785000+00:00 price=0.01264000 size=1948.40000000
2026-08-19 04:34:15,837 | INFO | crypto_bot | TRADE pair=ROBO-USDT time=2026-08-19T04:34:15.785000+00:00 price=0.01263000 size=10332.10000000
2026-08-19 04:34:15,837 | INFO | crypto_bot | TRADE pair=ROBO-USDT time=2026-08-19T04:34:15.785000+00:00 price=0.01265000 size=1282.50000000
2026-08-19 04:34:15,838 | INFO | crypto_bot | TRADE pair=ROBO-USDT time=2026-08-19T04:34:15.786000+00:00 price=0.01263000 size=24314.20000000
2026-08-19 04:34:15,838 | INFO | crypto_bot | TRADE pair=ROBO-USDT time=2026-08-19T04:34:15.784000+00:00 price=0.01264000 size=1896.40000000
2026-08-19 04:34:15,838 | INFO | crypto_bot | TRADE pair=ROBO-USDT time=2026-08-19T04:34:15.785000+00:00 price=0.01264000 size=1948.40000000
2026-08-19 04:34:15,838 | INFO | crypto_bot | TRADE pair=ROBO-USDT time=2026-08-19T04:34:15.786000+00:00 price=0.01262000 size=1282.50000000
2026-08-19 04:34:15,839 | INFO | crypto_bot | TRADE pair=ROBO-USDT time=2026-08-19T04:34:15.785000+00:00 price=0.01263000 size=10332.10000000
2026-08-19 04:34:15,839 | INFO | crypto_bot | TRADE pair=ROBO-USDT time=2026-08-19T04:34:15.786000+00:00 price=0.01261000 size=5802.00000000
2026-08-19 04:34:15,839 | INFO | crypto_bot | TRADE pair=ROBO-USDT time=2026-08-19T04:34:15.785000+00:00 price=0.01265000 size=1282.50000000
2026-08-19 04:34:15,839 | INFO | crypto_bot | TRADE pair=ROBO-USDT time=2026-08-19T04:34:15.786000+00:00 price=0.01261000 size=4659.60000000
2026-08-19 04:34:15,839 | INFO | crypto_bot | TRADE pair=ROBO-USDT time=2026-08-19T04:34:15.786000+00:00 price=0.01261000 size=2268.80000000
2026-08-19 04:34:15,839 | INFO | crypto_bot | TRADE pair=ROBO-USDT time=2026-08-19T04:34:15.786000+00:00 price=0.01263000 size=24314.20000000
2026-08-19 04:34:15,839 | INFO | crypto_bot | TRADE pair=ROBO-USDT time=2026-08-19T04:34:15.786000+00:00 price=0.01262000 size=1282.50000000
2026-08-19 04:34:15,840 | INFO | crypto_bot | TRADE pair=ROBO-USDT time=2026-08-19T04:34:15.786000+00:00 price=0.01261000 size=5802.00000000
2026-08-19 04:34:15,840 | INFO | crypto_bot | TRADE pair=ROBO-USDT time=2026-08-19T04:34:15.786000+00:00 price=0.01261000 size=4659.60000000
2026-08-19 04:34:15,840 | INFO | crypto_bot | TRADE pair=ROBO-USDT time=2026-08-19T04:34:15.786000+00:00 price=0.01261000 size=2268.80000000
2026-08-19 04:34:15,840 | INFO | crypto_bot | TRADE pair=ROBO-USDT time=2026-08-19T04:34:15.787000+00:00 price=0.01265000 size=31328.10000000
2026-08-19 04:34:15,928 | INFO | crypto_bot | TRADE pair=ROBO-USDT time=2026-08-19T04:34:15.787000+00:00 price=0.01265000 size=31328.10000000
2026-08-19 04:34:15,928 | INFO | crypto_bot | TRADE pair=ROBO-USDT time=2026-08-19T04:34:15.787000+00:00 price=0.01265000 size=519.10000000
2026-08-19 04:34:15,929 | INFO | crypto_bot | TRADE pair=ROBO-USDT time=2026-08-19T04:34:15.789000+00:00 price=0.01265000 size=17140.40000000
2026-08-19 04:34:15,929 | INFO | crypto_bot | TRADE pair=ROBO-USDT time=2026-08-19T04:34:15.793000+00:00 price=0.01266000 size=24994.10000000
2026-08-19 04:34:15,929 | INFO | crypto_bot | TRADE pair=ROBO-USDT time=2026-08-19T04:34:15.787000+00:00 price=0.01265000 size=519.10000000
2026-08-19 04:34:15,929 | INFO | crypto_bot | TRADE pair=ROBO-USDT time=2026-08-19T04:34:15.789000+00:00 price=0.01265000 size=17140.40000000
2026-08-19 04:34:15,929 | INFO | crypto_bot | TRADE pair=ROBO-USDT time=2026-08-19T04:34:15.793000+00:00 price=0.01266000 size=24994.10000000
2026-08-19 04:34:16,085 | INFO | crypto_bot | TRADE pair=ROBO-USDT time=2026-08-19T04:34:16.032000+00:00 price=0.01268000 size=3777.00000000
2026-08-19 04:34:16,086 | INFO | crypto_bot | TRADE pair=ROBO-USDT time=2026-08-19T04:34:16.033000+00:00 price=0.01268000 size=1583.50000000
2026-08-19 04:34:16,087 | INFO | crypto_bot | TRADE pair=ROBO-USDT time=2026-08-19T04:34:16.032000+00:00 price=0.01268000 size=3777.00000000
2026-08-19 04:34:16,087 | INFO | crypto_bot | TRADE pair=ROBO-USDT time=2026-08-19T04:34:16.033000+00:00 price=0.01268000 size=1583.50000000
2026-08-19 04:34:16,089 | INFO | crypto_bot | TRADE pair=ROBO-USDT time=2026-08-19T04:34:16.036000+00:00 price=0.01268000 size=1227.00000000
2026-08-19 04:34:16,089 | INFO | crypto_bot | TRADE pair=ROBO-USDT time=2026-08-19T04:34:16.036000+00:00 price=0.01268000 size=1227.00000000
2026-08-19 04:34:26,075 | INFO | crypto_bot | TRADE pair=ROBO-USDT time=2026-08-19T04:34:26.022000+00:00 price=0.01269000 size=17513.20000000
2026-08-19 04:34:26,076 | INFO | crypto_bot | TRADE pair=ROBO-USDT time=2026-08-19T04:34:26.022000+00:00 price=0.01269000 size=17513.20000000
2026-08-19 04:34:28,013 | INFO | crypto_bot | TRADE pair=ROBO-USDT time=2026-08-19T04:34:27.960000+00:00 price=0.01269000 size=24405.10000000
2026-08-19 04:34:28,013 | INFO | crypto_bot | TRADE pair=ROBO-USDT time=2026-08-19T04:34:27.960000+00:00 price=0.01269000 size=24405.10000000
2026-08-19 04:34:45,194 | INFO | crypto_bot | TRADE pair=ROBO-USDT time=2026-08-19T04:34:45.140000+00:00 price=0.01270000 size=116.10000000
2026-08-19 04:34:45,194 | INFO | crypto_bot | TRADE pair=ROBO-USDT time=2026-08-19T04:34:45.140000+00:00 price=0.01271000 size=39530.10000000
2026-08-19 04:34:45,198 | INFO | crypto_bot | TRADE pair=ROBO-USDT time=2026-08-19T04:34:45.140000+00:00 price=0.01270000 size=116.10000000
2026-08-19 04:34:45,198 | INFO | crypto_bot | TRADE pair=ROBO-USDT time=2026-08-19T04:34:45.140000+00:00 price=0.01271000 size=39530.10000000
2026-08-19 04:34:46,718 | INFO | crypto_bot | TRADE pair=ROBO-USDT time=2026-08-19T04:34:46.665000+00:00 price=0.01272000 size=3847.50000000
2026-08-19 04:34:46,718 | INFO | crypto_bot | TRADE pair=ROBO-USDT time=2026-08-19T04:34:46.665000+00:00 price=0.01272000 size=3847.50000000
2026-08-19 04:34:46,718 | INFO | crypto_bot | TRADE pair=ROBO-USDT time=2026-08-19T04:34:46.665000+00:00 price=0.01272000 size=10578.30000000
2026-08-19 04:34:46,719 | INFO | crypto_bot | TRADE pair=ROBO-USDT time=2026-08-19T04:34:46.665000+00:00 price=0.01272000 size=10578.30000000
2026-08-19 04:35:03,184 | INFO | crypto_bot | TRADE pair=ROBO-USDT time=2026-08-19T04:35:03.131000+00:00 price=0.01271000 size=3844.80000000
2026-08-19 04:35:03,185 | INFO | crypto_bot | 1m CLOSED ts=2026-08-19T04:34:00+00:00 o=0.01257000 h=0.01272000 l=0.01257000 c=0.01272000 v=428259.60000000
2026-08-19 04:35:03,185 | INFO | crypto_bot | ENTRY signal=HOLD reason=trend_filter_not_passed meta={'regime': 'unknown'}
2026-08-19 04:35:03,185 | INFO | crypto_bot | 5m CLOSED ts=2026-08-19T04:30:00+00:00 o=0.01262000 h=0.01272000 l=0.01257000 c=0.01272000 v=675741.80000000
2026-08-19 04:35:03,186 | INFO | crypto_bot | TRADE pair=ROBO-USDT time=2026-08-19T04:35:03.131000+00:00 price=0.01271000 size=3844.80000000
2026-08-19 04:35:03,186 | INFO | crypto_bot | 1m CLOSED ts=2026-08-19T04:34:00+00:00 o=0.01257000 h=0.01272000 l=0.01257000 c=0.01272000 v=428259.60000000
2026-08-19 04:35:03,186 | INFO | crypto_bot | ENTRY signal=HOLD reason=trend_filter_not_passed meta={'regime': 'unknown'}
2026-08-19 04:35:03,186 | INFO | crypto_bot | 5m CLOSED ts=2026-08-19T04:30:00+00:00 o=0.01262000 h=0.01272000 l=0.01257000 c=0.01272000 v=675741.80000000
2026-08-19 04:35:49,151 | INFO | crypto_bot | TRADE pair=ROBO-USDT time=2026-08-19T04:35:49.098000+00:00 price=0.01271000 size=22808.20000000
2026-08-19 04:35:49,151 | INFO | crypto_bot | TRADE pair=ROBO-USDT time=2026-08-19T04:35:49.098000+00:00 price=0.01271000 size=22808.20000000
2026-08-19 04:37:57,925 | INFO | crypto_bot | TRADE pair=ROBO-USDT time=2026-08-19T04:37:57.871000+00:00 price=0.01271000 size=18779.40000000
2026-08-19 04:37:57,925 | INFO | crypto_bot | 1m CLOSED ts=2026-08-19T04:35:00+00:00 o=0.01271000 h=0.01271000 l=0.01271000 c=0.01271000 v=26653.00000000
2026-08-19 04:37:57,925 | INFO | crypto_bot | ENTRY signal=HOLD reason=trend_filter_not_passed meta={'regime': 'unknown'}
2026-08-19 04:37:57,926 | INFO | crypto_bot | TRADE pair=ROBO-USDT time=2026-08-19T04:37:57.871000+00:00 price=0.01272000 size=65219.30000000
2026-08-19 04:37:57,927 | INFO | crypto_bot | TRADE pair=ROBO-USDT time=2026-08-19T04:37:57.872000+00:00 price=0.01273000 size=14575.80000000
2026-08-19 04:37:57,927 | INFO | crypto_bot | TRADE pair=ROBO-USDT time=2026-08-19T04:37:57.872000+00:00 price=0.01274000 size=54754.70000000
2026-08-19 04:37:57,927 | INFO | crypto_bot | TRADE pair=ROBO-USDT time=2026-08-19T04:37:57.871000+00:00 price=0.01271000 size=18779.40000000
2026-08-19 04:37:57,927 | INFO | crypto_bot | 1m CLOSED ts=2026-08-19T04:35:00+00:00 o=0.01271000 h=0.01271000 l=0.01271000 c=0.01271000 v=26653.00000000
2026-08-19 04:37:57,927 | INFO | crypto_bot | ENTRY signal=HOLD reason=trend_filter_not_passed meta={'regime': 'unknown'}
2026-08-19 04:37:57,928 | INFO | crypto_bot | TRADE pair=ROBO-USDT time=2026-08-19T04:37:57.871000+00:00 price=0.01272000 size=65219.30000000
2026-08-19 04:37:57,928 | INFO | crypto_bot | TRADE pair=ROBO-USDT time=2026-08-19T04:37:57.872000+00:00 price=0.01273000 size=14575.80000000
2026-08-19 04:37:57,928 | INFO | crypto_bot | TRADE pair=ROBO-USDT time=2026-08-19T04:37:57.872000+00:00 price=0.01274000 size=54754.70000000
2026-08-19 04:37:57,932 | INFO | crypto_bot | TRADE pair=ROBO-USDT time=2026-08-19T04:37:57.879000+00:00 price=0.01274000 size=425.30000000
2026-08-19 04:37:57,932 | INFO | crypto_bot | TRADE pair=ROBO-USDT time=2026-08-19T04:37:57.879000+00:00 price=0.01274000 size=4146.40000000
2026-08-19 04:37:57,934 | INFO | crypto_bot | TRADE pair=ROBO-USDT time=2026-08-19T04:37:57.879000+00:00 price=0.01274000 size=425.30000000
2026-08-19 04:37:57,934 | INFO | crypto_bot | TRADE pair=ROBO-USDT time=2026-08-19T04:37:57.879000+00:00 price=0.01274000 size=4146.40000000
2026-08-19 04:37:57,934 | INFO | crypto_bot | TRADE pair=ROBO-USDT time=2026-08-19T04:37:57.879000+00:00 price=0.01274000 size=4572.50000000
2026-08-19 04:37:57,934 | INFO | crypto_bot | TRADE pair=ROBO-USDT time=2026-08-19T04:37:57.879000+00:00 price=0.01274000 size=4572.50000000
2026-08-19 04:37:58,110 | INFO | crypto_bot | TRADE pair=ROBO-USDT time=2026-08-19T04:37:58.057000+00:00 price=0.01277000 size=2823.70000000
2026-08-19 04:37:58,110 | INFO | crypto_bot | TRADE pair=ROBO-USDT time=2026-08-19T04:37:58.057000+00:00 price=0.01277000 size=1021.10000000
2026-08-19 04:37:58,111 | INFO | crypto_bot | TRADE pair=ROBO-USDT time=2026-08-19T04:37:58.057000+00:00 price=0.01278000 size=2812.40000000
2026-08-19 04:37:58,111 | INFO | crypto_bot | TRADE pair=ROBO-USDT time=2026-08-19T04:37:58.058000+00:00 price=0.01278000 size=3832.70000000
2026-08-19 04:37:58,111 | INFO | crypto_bot | TRADE pair=ROBO-USDT time=2026-08-19T04:37:58.057000+00:00 price=0.01277000 size=2823.70000000
2026-08-19 04:37:58,112 | INFO | crypto_bot | TRADE pair=ROBO-USDT time=2026-08-19T04:37:58.057000+00:00 price=0.01277000 size=1021.10000000
2026-08-19 04:37:58,112 | INFO | crypto_bot | TRADE pair=ROBO-USDT time=2026-08-19T04:37:58.057000+00:00 price=0.01278000 size=2812.40000000
2026-08-19 04:37:58,112 | INFO | crypto_bot | TRADE pair=ROBO-USDT time=2026-08-19T04:37:58.058000+00:00 price=0.01278000 size=3832.70000000
2026-08-19 04:37:58,224 | INFO | crypto_bot | TRADE pair=ROBO-USDT time=2026-08-19T04:37:58.171000+00:00 price=0.01278000 size=1570.90000000
2026-08-19 04:37:58,225 | INFO | crypto_bot | TRADE pair=ROBO-USDT time=2026-08-19T04:37:58.171000+00:00 price=0.01278000 size=1570.90000000
2026-08-19 04:37:58,269 | INFO | crypto_bot | TRADE pair=ROBO-USDT time=2026-08-19T04:37:58.211000+00:00 price=0.01278000 size=1321.90000000
2026-08-19 04:37:58,269 | INFO | crypto_bot | TRADE pair=ROBO-USDT time=2026-08-19T04:37:58.211000+00:00 price=0.01278000 size=1321.90000000
2026-08-19 04:37:58,281 | INFO | crypto_bot | TRADE pair=ROBO-USDT time=2026-08-19T04:37:58.228000+00:00 price=0.01278000 size=1492.00000000
2026-08-19 04:37:58,282 | INFO | crypto_bot | TRADE pair=ROBO-USDT time=2026-08-19T04:37:58.228000+00:00 price=0.01278000 size=1492.00000000
2026-08-19 04:37:58,282 | INFO | crypto_bot | TRADE pair=ROBO-USDT time=2026-08-19T04:37:58.230000+00:00 price=0.01278000 size=5672.20000000
2026-08-19 04:37:58,283 | INFO | crypto_bot | TRADE pair=ROBO-USDT time=2026-08-19T04:37:58.230000+00:00 price=0.01278000 size=5672.20000000
2026-08-19 04:37:58,671 | INFO | crypto_bot | TRADE pair=ROBO-USDT time=2026-08-19T04:37:58.619000+00:00 price=0.01277000 size=18779.40000000
2026-08-19 04:37:58,672 | INFO | crypto_bot | TRADE pair=ROBO-USDT time=2026-08-19T04:37:58.619000+00:00 price=0.01277000 size=18779.40000000
2026-08-19 04:37:58,673 | INFO | crypto_bot | TRADE pair=ROBO-USDT time=2026-08-19T04:37:58.621000+00:00 price=0.01277000 size=18779.40000000
2026-08-19 04:37:58,675 | INFO | crypto_bot | TRADE pair=ROBO-USDT time=2026-08-19T04:37:58.621000+00:00 price=0.01277000 size=18779.40000000
2026-08-19 04:37:58,677 | INFO | crypto_bot | TRADE pair=ROBO-USDT time=2026-08-19T04:37:58.624000+00:00 price=0.01277000 size=18779.40000000
2026-08-19 04:37:58,678 | INFO | crypto_bot | TRADE pair=ROBO-USDT time=2026-08-19T04:37:58.624000+00:00 price=0.01277000 size=18779.40000000
2026-08-19 04:37:58,678 | INFO | crypto_bot | TRADE pair=ROBO-USDT time=2026-08-19T04:37:58.626000+00:00 price=0.01277000 size=18779.40000000
2026-08-19 04:37:58,679 | INFO | crypto_bot | TRADE pair=ROBO-USDT time=2026-08-19T04:37:58.626000+00:00 price=0.01277000 size=18779.40000000
2026-08-19 04:37:58,680 | INFO | crypto_bot | TRADE pair=ROBO-USDT time=2026-08-19T04:37:58.628000+00:00 price=0.01277000 size=5290.50000000
2026-08-19 04:37:58,682 | INFO | crypto_bot | TRADE pair=ROBO-USDT time=2026-08-19T04:37:58.628000+00:00 price=0.01277000 size=5290.50000000
2026-08-19 04:38:28,587 | INFO | crypto_bot | TRADE pair=ROBO-USDT time=2026-08-19T04:38:28.534000+00:00 price=0.01278000 size=3844.80000000
2026-08-19 04:38:28,587 | INFO | crypto_bot | 1m CLOSED ts=2026-08-19T04:37:00+00:00 o=0.01271000 h=0.01278000 l=0.01271000 c=0.01277000 v=263428.40000000
2026-08-19 04:38:28,587 | INFO | crypto_bot | ENTRY signal=HOLD reason=trend_filter_not_passed meta={'regime': 'unknown'}
2026-08-19 04:38:28,588 | INFO | crypto_bot | TRADE pair=ROBO-USDT time=2026-08-19T04:38:28.534000+00:00 price=0.01278000 size=3844.80000000
2026-08-19 04:38:28,588 | INFO | crypto_bot | 1m CLOSED ts=2026-08-19T04:37:00+00:00 o=0.01271000 h=0.01278000 l=0.01271000 c=0.01277000 v=263428.40000000
2026-08-19 04:38:28,588 | INFO | crypto_bot | ENTRY signal=HOLD reason=trend_filter_not_passed meta={'regime': 'unknown'}
2026-08-19 04:39:05,677 | INFO | crypto_bot | TRADE pair=ROBO-USDT time=2026-08-19T04:39:05.624000+00:00 price=0.01278000 size=3844.80000000
2026-08-19 04:39:05,677 | INFO | crypto_bot | 1m CLOSED ts=2026-08-19T04:38:00+00:00 o=0.01278000 h=0.01278000 l=0.01278000 c=0.01278000 v=3844.80000000
2026-08-19 04:39:05,678 | INFO | crypto_bot | ENTRY signal=HOLD reason=trend_filter_not_passed meta={'regime': 'unknown'}
2026-08-19 04:39:05,678 | INFO | crypto_bot | TRADE pair=ROBO-USDT time=2026-08-19T04:39:05.624000+00:00 price=0.01278000 size=3844.80000000
2026-08-19 04:39:05,679 | INFO | crypto_bot | 1m CLOSED ts=2026-08-19T04:38:00+00:00 o=0.01278000 h=0.01278000 l=0.01278000 c=0.01278000 v=3844.80000000
2026-08-19 04:39:05,679 | INFO | crypto_bot | ENTRY signal=HOLD reason=trend_filter_not_passed meta={'regime': 'unknown'}
2026-08-19 04:40:43,381 | INFO | crypto_bot | TRADE pair=ROBO-USDT time=2026-08-19T04:40:43.328000+00:00 price=0.01277000 size=3844.80000000
2026-08-19 04:40:43,381 | INFO | crypto_bot | 1m CLOSED ts=2026-08-19T04:39:00+00:00 o=0.01278000 h=0.01278000 l=0.01278000 c=0.01278000 v=3844.80000000
2026-08-19 04:40:43,381 | INFO | crypto_bot | ENTRY signal=HOLD reason=trend_filter_not_passed meta={'regime': 'unknown'}
2026-08-19 04:40:43,382 | INFO | crypto_bot | 5m CLOSED ts=2026-08-19T04:35:00+00:00 o=0.01271000 h=0.01278000 l=0.01271000 c=0.01278000 v=297771.00000000
2026-08-19 04:40:43,383 | INFO | crypto_bot | TRADE pair=ROBO-USDT time=2026-08-19T04:40:43.328000+00:00 price=0.01277000 size=3844.80000000
2026-08-19 04:40:43,383 | INFO | crypto_bot | 1m CLOSED ts=2026-08-19T04:39:00+00:00 o=0.01278000 h=0.01278000 l=0.01278000 c=0.01278000 v=3844.80000000
2026-08-19 04:40:43,383 | INFO | crypto_bot | ENTRY signal=HOLD reason=trend_filter_not_passed meta={'regime': 'unknown'}
2026-08-19 04:40:43,384 | INFO | crypto_bot | 5m CLOSED ts=2026-08-19T04:35:00+00:00 o=0.01271000 h=0.01278000 l=0.01271000 c=0.01278000 v=297771.00000000
2026-08-19 04:41:50,151 | INFO | crypto_bot | TRADE pair=ROBO-USDT time=2026-08-19T04:41:50.098000+00:00 price=0.01277000 size=3844.80000000
2026-08-19 04:41:50,151 | INFO | crypto_bot | 1m CLOSED ts=2026-08-19T04:40:00+00:00 o=0.01277000 h=0.01277000 l=0.01277000 c=0.01277000 v=3844.80000000
2026-08-19 04:41:50,151 | INFO | crypto_bot | ENTRY signal=HOLD reason=trend_filter_not_passed meta={'regime': 'unknown'}
2026-08-19 04:41:50,152 | INFO | crypto_bot | TRADE pair=ROBO-USDT time=2026-08-19T04:41:50.098000+00:00 price=0.01277000 size=3844.80000000
2026-08-19 04:41:50,152 | INFO | crypto_bot | 1m CLOSED ts=2026-08-19T04:40:00+00:00 o=0.01277000 h=0.01277000 l=0.01277000 c=0.01277000 v=3844.80000000
2026-08-19 04:41:50,153 | INFO | crypto_bot | ENTRY signal=HOLD reason=trend_filter_not_passed meta={'regime': 'unknown'}
2026-08-19 04:42:19,256 | INFO | crypto_bot | TRADE pair=ROBO-USDT time=2026-08-19T04:42:19.202000+00:00 price=0.01276000 size=3844.80000000
2026-08-19 04:42:19,256 | INFO | crypto_bot | TRADE pair=ROBO-USDT time=2026-08-19T04:42:19.202000+00:00 price=0.01276000 size=3844.80000000
2026-08-19 04:42:19,256 | INFO | crypto_bot | 1m CLOSED ts=2026-08-19T04:41:00+00:00 o=0.01277000 h=0.01277000 l=0.01277000 c=0.01277000 v=3844.80000000
2026-08-19 04:42:19,256 | INFO | crypto_bot | 1m CLOSED ts=2026-08-19T04:41:00+00:00 o=0.01277000 h=0.01277000 l=0.01277000 c=0.01277000 v=3844.80000000
2026-08-19 04:42:19,256 | INFO | crypto_bot | ENTRY signal=HOLD reason=trend_filter_not_passed meta={'regime': 'unknown'}
2026-08-19 04:42:19,256 | INFO | crypto_bot | ENTRY signal=HOLD reason=trend_filter_not_passed meta={'regime': 'unknown'}
2026-08-19 04:42:19,256 | INFO | crypto_bot | TRADE pair=ROBO-USDT time=2026-08-19T04:42:19.202000+00:00 price=0.01277000 size=21147.40000000
2026-08-19 04:42:19,257 | INFO | crypto_bot | TRADE pair=ROBO-USDT time=2026-08-19T04:42:19.202000+00:00 price=0.01277000 size=21147.40000000
2026-08-19 04:42:24,785 | INFO | crypto_bot | TRADE pair=ROBO-USDT time=2026-08-19T04:42:24.732000+00:00 price=0.01277000 size=8203.80000000
2026-08-19 04:42:24,785 | INFO | crypto_bot | TRADE pair=ROBO-USDT time=2026-08-19T04:42:24.732000+00:00 price=0.01277000 size=8203.80000000
2026-08-19 04:42:24,789 | INFO | crypto_bot | TRADE pair=ROBO-USDT time=2026-08-19T04:42:24.736000+00:00 price=0.01277000 size=3844.80000000
2026-08-19 04:42:24,790 | INFO | crypto_bot | TRADE pair=ROBO-USDT time=2026-08-19T04:42:24.736000+00:00 price=0.01277000 size=3844.80000000
2026-08-19 04:43:28,186 | INFO | crypto_bot | TRADE pair=ROBO-USDT time=2026-08-19T04:43:28.133000+00:00 price=0.01280000 size=296.40000000
2026-08-19 04:43:28,186 | INFO | crypto_bot | 1m CLOSED ts=2026-08-19T04:42:00+00:00 o=0.01276000 h=0.01277000 l=0.01276000 c=0.01277000 v=37040.80000000
2026-08-19 04:43:28,186 | INFO | crypto_bot | ENTRY signal=HOLD reason=trend_filter_not_passed meta={'regime': 'unknown'}
2026-08-19 04:43:28,186 | INFO | crypto_bot | TRADE pair=ROBO-USDT time=2026-08-19T04:43:28.133000+00:00 price=0.01281000 size=26470.70000000
2026-08-19 04:43:28,187 | INFO | crypto_bot | TRADE pair=ROBO-USDT time=2026-08-19T04:43:28.133000+00:00 price=0.01282000 size=5566.60000000
2026-08-19 04:43:28,187 | INFO | crypto_bot | TRADE pair=ROBO-USDT time=2026-08-19T04:43:28.133000+00:00 price=0.01280000 size=296.40000000
2026-08-19 04:43:28,187 | INFO | crypto_bot | 1m CLOSED ts=2026-08-19T04:42:00+00:00 o=0.01276000 h=0.01277000 l=0.01276000 c=0.01277000 v=37040.80000000
2026-08-19 04:43:28,189 | INFO | crypto_bot | ENTRY signal=HOLD reason=trend_filter_not_passed meta={'regime': 'unknown'}
2026-08-19 04:43:28,189 | INFO | crypto_bot | TRADE pair=ROBO-USDT time=2026-08-19T04:43:28.133000+00:00 price=0.01281000 size=26470.70000000
2026-08-19 04:43:28,189 | INFO | crypto_bot | TRADE pair=ROBO-USDT time=2026-08-19T04:43:28.133000+00:00 price=0.01282000 size=5566.60000000
2026-08-19 04:43:28,977 | INFO | crypto_bot | TRADE pair=ROBO-USDT time=2026-08-19T04:43:28.924000+00:00 price=0.01281000 size=18779.40000000
2026-08-19 04:43:28,977 | INFO | crypto_bot | TRADE pair=ROBO-USDT time=2026-08-19T04:43:28.924000+00:00 price=0.01281000 size=18779.40000000
2026-08-19 04:45:03,258 | INFO | crypto_bot | TRADE pair=ROBO-USDT time=2026-08-19T04:45:03.205000+00:00 price=0.01279000 size=18779.40000000
2026-08-19 04:45:03,258 | INFO | crypto_bot | TRADE pair=ROBO-USDT time=2026-08-19T04:45:03.205000+00:00 price=0.01279000 size=18779.40000000
2026-08-19 04:45:03,259 | INFO | crypto_bot | 1m CLOSED ts=2026-08-19T04:43:00+00:00 o=0.01280000 h=0.01282000 l=0.01280000 c=0.01281000 v=51113.10000000
2026-08-19 04:45:03,259 | INFO | crypto_bot | 1m CLOSED ts=2026-08-19T04:43:00+00:00 o=0.01280000 h=0.01282000 l=0.01280000 c=0.01281000 v=51113.10000000
2026-08-19 04:45:03,259 | INFO | crypto_bot | ENTRY signal=HOLD reason=trend_filter_not_passed meta={'regime': 'unknown'}
2026-08-19 04:45:03,259 | INFO | crypto_bot | ENTRY signal=HOLD reason=trend_filter_not_passed meta={'regime': 'unknown'}
2026-08-19 04:45:03,259 | INFO | crypto_bot | 5m CLOSED ts=2026-08-19T04:40:00+00:00 o=0.01277000 h=0.01282000 l=0.01276000 c=0.01281000 v=95843.50000000
2026-08-19 04:45:03,259 | INFO | crypto_bot | 5m CLOSED ts=2026-08-19T04:40:00+00:00 o=0.01277000 h=0.01282000 l=0.01276000 c=0.01281000 v=95843.50000000
2026-08-19 04:45:04,488 | INFO | crypto_bot | TRADE pair=ROBO-USDT time=2026-08-19T04:45:04.435000+00:00 price=0.01279000 size=3844.80000000
2026-08-19 04:45:04,488 | INFO | crypto_bot | TRADE pair=ROBO-USDT time=2026-08-19T04:45:04.435000+00:00 price=0.01279000 size=3844.80000000
2026-08-19 04:45:09,212 | INFO | crypto_bot | TRADE pair=ROBO-USDT time=2026-08-19T04:45:09.159000+00:00 price=0.01277000 size=14627.60000000
2026-08-19 04:45:09,212 | INFO | crypto_bot | TRADE pair=ROBO-USDT time=2026-08-19T04:45:09.159000+00:00 price=0.01277000 size=14627.60000000
2026-08-19 04:45:09,214 | INFO | crypto_bot | TRADE pair=ROBO-USDT time=2026-08-19T04:45:09.161000+00:00 price=0.01277000 size=18067.00000000
2026-08-19 04:45:09,214 | INFO | crypto_bot | TRADE pair=ROBO-USDT time=2026-08-19T04:45:09.161000+00:00 price=0.01277000 size=18067.00000000
2026-08-19 04:45:12,475 | INFO | crypto_bot | TRADE pair=ROBO-USDT time=2026-08-19T04:45:12.422000+00:00 price=0.01277000 size=15809.20000000
2026-08-19 04:45:12,476 | INFO | crypto_bot | TRADE pair=ROBO-USDT time=2026-08-19T04:45:12.422000+00:00 price=0.01277000 size=15809.20000000
2026-08-19 04:46:20,914 | INFO | crypto_bot | TRADE pair=ROBO-USDT time=2026-08-19T04:46:20.861000+00:00 price=0.01277000 size=391.50000000
2026-08-19 04:46:20,914 | INFO | crypto_bot | 1m CLOSED ts=2026-08-19T04:45:00+00:00 o=0.01279000 h=0.01279000 l=0.01277000 c=0.01277000 v=71128.00000000
2026-08-19 04:46:20,915 | INFO | crypto_bot | ENTRY signal=HOLD reason=trend_filter_not_passed meta={'regime': 'unknown'}
2026-08-19 04:46:20,915 | INFO | crypto_bot | TRADE pair=ROBO-USDT time=2026-08-19T04:46:20.861000+00:00 price=0.01277000 size=391.50000000
2026-08-19 04:46:20,915 | INFO | crypto_bot | 1m CLOSED ts=2026-08-19T04:45:00+00:00 o=0.01279000 h=0.01279000 l=0.01277000 c=0.01277000 v=71128.00000000
2026-08-19 04:46:20,916 | INFO | crypto_bot | ENTRY signal=HOLD reason=trend_filter_not_passed meta={'regime': 'unknown'}
2026-08-19 04:46:39,190 | INFO | crypto_bot | TRADE pair=ROBO-USDT time=2026-08-19T04:46:39.137000+00:00 price=0.01277000 size=18779.40000000
2026-08-19 04:46:39,191 | INFO | crypto_bot | TRADE pair=ROBO-USDT time=2026-08-19T04:46:39.137000+00:00 price=0.01277000 size=18779.40000000
2026-08-19 04:48:47,114 | INFO | crypto_bot | TRADE pair=ROBO-USDT time=2026-08-19T04:48:47.061000+00:00 price=0.01274000 size=1282.50000000
2026-08-19 04:48:47,114 | INFO | crypto_bot | 1m CLOSED ts=2026-08-19T04:46:00+00:00 o=0.01277000 h=0.01277000 l=0.01277000 c=0.01277000 v=19170.90000000
2026-08-19 04:48:47,114 | INFO | crypto_bot | TRADE pair=ROBO-USDT time=2026-08-19T04:48:47.061000+00:00 price=0.01274000 size=1282.50000000
2026-08-19 04:48:47,114 | INFO | crypto_bot | ENTRY signal=HOLD reason=trend_filter_not_passed meta={'regime': 'unknown'}
2026-08-19 04:48:47,114 | INFO | crypto_bot | 1m CLOSED ts=2026-08-19T04:46:00+00:00 o=0.01277000 h=0.01277000 l=0.01277000 c=0.01277000 v=19170.90000000
2026-08-19 04:48:47,114 | INFO | crypto_bot | ENTRY signal=HOLD reason=trend_filter_not_passed meta={'regime': 'unknown'}
2026-08-19 04:48:47,115 | INFO | crypto_bot | TRADE pair=ROBO-USDT time=2026-08-19T04:48:47.061000+00:00 price=0.01273000 size=470.50000000
2026-08-19 04:48:47,115 | INFO | crypto_bot | TRADE pair=ROBO-USDT time=2026-08-19T04:48:47.061000+00:00 price=0.01273000 size=470.50000000
2026-08-19 04:48:47,118 | INFO | crypto_bot | TRADE pair=ROBO-USDT time=2026-08-19T04:48:47.066000+00:00 price=0.01273000 size=15798.00000000
2026-08-19 04:48:47,119 | INFO | crypto_bot | TRADE pair=ROBO-USDT time=2026-08-19T04:48:47.066000+00:00 price=0.01273000 size=15798.00000000
2026-08-19 04:48:47,243 | INFO | crypto_bot | TRADE pair=ROBO-USDT time=2026-08-19T04:48:47.190000+00:00 price=0.01275000 size=3844.80000000
2026-08-19 04:48:47,243 | INFO | crypto_bot | TRADE pair=ROBO-USDT time=2026-08-19T04:48:47.190000+00:00 price=0.01275000 size=3844.80000000
2026-08-19 04:48:47,243 | INFO | crypto_bot | TRADE pair=ROBO-USDT time=2026-08-19T04:48:47.190000+00:00 price=0.01276000 size=3844.80000000
2026-08-19 04:48:47,243 | INFO | crypto_bot | TRADE pair=ROBO-USDT time=2026-08-19T04:48:47.190000+00:00 price=0.01276000 size=3844.80000000
2026-08-19 04:48:47,269 | INFO | crypto_bot | TRADE pair=ROBO-USDT time=2026-08-19T04:48:47.216000+00:00 price=0.01275000 size=3844.80000000
2026-08-19 04:48:47,269 | INFO | crypto_bot | TRADE pair=ROBO-USDT time=2026-08-19T04:48:47.216000+00:00 price=0.01275000 size=3844.80000000
2026-08-19 04:52:27,711 | INFO | crypto_bot | TRADE pair=ROBO-USDT time=2026-08-19T04:52:27.657000+00:00 price=0.01273000 size=829.90000000
2026-08-19 04:52:27,711 | INFO | crypto_bot | 1m CLOSED ts=2026-08-19T04:48:00+00:00 o=0.01274000 h=0.01276000 l=0.01273000 c=0.01275000 v=29085.40000000
2026-08-19 04:52:27,711 | INFO | crypto_bot | TRADE pair=ROBO-USDT time=2026-08-19T04:52:27.657000+00:00 price=0.01273000 size=829.90000000
2026-08-19 04:52:27,711 | INFO | crypto_bot | ENTRY signal=HOLD reason=trend_filter_not_passed meta={'regime': 'unknown'}
2026-08-19 04:52:27,711 | INFO | crypto_bot | 1m CLOSED ts=2026-08-19T04:48:00+00:00 o=0.01274000 h=0.01276000 l=0.01273000 c=0.01275000 v=29085.40000000
2026-08-19 04:52:27,711 | INFO | crypto_bot | ENTRY signal=HOLD reason=trend_filter_not_passed meta={'regime': 'unknown'}
2026-08-19 04:52:27,711 | INFO | crypto_bot | 5m CLOSED ts=2026-08-19T04:45:00+00:00 o=0.01279000 h=0.01279000 l=0.01273000 c=0.01275000 v=119384.30000000
2026-08-19 04:52:27,711 | INFO | crypto_bot | 5m CLOSED ts=2026-08-19T04:45:00+00:00 o=0.01279000 h=0.01279000 l=0.01273000 c=0.01275000 v=119384.30000000
2026-08-19 04:52:51,674 | INFO | crypto_bot | TRADE pair=ROBO-USDT time=2026-08-19T04:52:51.621000+00:00 price=0.01272000 size=4716.90000000
2026-08-19 04:52:51,675 | INFO | crypto_bot | TRADE pair=ROBO-USDT time=2026-08-19T04:52:51.621000+00:00 price=0.01272000 size=4716.90000000
2026-08-19 04:53:38,076 | INFO | crypto_bot | TRADE pair=ROBO-USDT time=2026-08-19T04:53:38.023000+00:00 price=0.01274000 size=14139.90000000
2026-08-19 04:53:38,077 | INFO | crypto_bot | 1m CLOSED ts=2026-08-19T04:52:00+00:00 o=0.01273000 h=0.01273000 l=0.01272000 c=0.01272000 v=5546.80000000
2026-08-19 04:53:38,077 | INFO | crypto_bot | ENTRY signal=HOLD reason=trend_filter_not_passed meta={'regime': 'unknown'}
2026-08-19 04:53:38,077 | INFO | crypto_bot | TRADE pair=ROBO-USDT time=2026-08-19T04:53:38.024000+00:00 price=0.01275000 size=14139.90000000
2026-08-19 04:53:38,078 | INFO | crypto_bot | TRADE pair=ROBO-USDT time=2026-08-19T04:53:38.024000+00:00 price=0.01276000 size=38785.10000000
2026-08-19 04:53:38,078 | INFO | crypto_bot | TRADE pair=ROBO-USDT time=2026-08-19T04:53:38.025000+00:00 price=0.01276000 size=507.60000000
2026-08-19 04:53:38,078 | INFO | crypto_bot | TRADE pair=ROBO-USDT time=2026-08-19T04:53:38.023000+00:00 price=0.01274000 size=14139.90000000
2026-08-19 04:53:38,078 | INFO | crypto_bot | 1m CLOSED ts=2026-08-19T04:52:00+00:00 o=0.01273000 h=0.01273000 l=0.01272000 c=0.01272000 v=5546.80000000
2026-08-19 04:53:38,079 | INFO | crypto_bot | ENTRY signal=HOLD reason=trend_filter_not_passed meta={'regime': 'unknown'}
2026-08-19 04:53:38,079 | INFO | crypto_bot | TRADE pair=ROBO-USDT time=2026-08-19T04:53:38.024000+00:00 price=0.01275000 size=14139.90000000
2026-08-19 04:53:38,079 | INFO | crypto_bot | TRADE pair=ROBO-USDT time=2026-08-19T04:53:38.024000+00:00 price=0.01276000 size=38785.10000000
2026-08-19 04:53:38,079 | INFO | crypto_bot | TRADE pair=ROBO-USDT time=2026-08-19T04:53:38.025000+00:00 price=0.01276000 size=507.60000000
2026-08-19 04:53:47,809 | INFO | crypto_bot | TRADE pair=ROBO-USDT time=2026-08-19T04:53:47.755000+00:00 price=0.01281000 size=4717.00000000
2026-08-19 04:53:47,809 | INFO | crypto_bot | TRADE pair=ROBO-USDT time=2026-08-19T04:53:47.755000+00:00 price=0.01281000 size=4717.00000000
2026-08-19 04:53:51,202 | INFO | crypto_bot | TRADE pair=ROBO-USDT time=2026-08-19T04:53:51.149000+00:00 price=0.01281000 size=14139.90000000
2026-08-19 04:53:51,203 | INFO | crypto_bot | TRADE pair=ROBO-USDT time=2026-08-19T04:53:51.149000+00:00 price=0.01280000 size=27180.40000000
2026-08-19 04:53:51,203 | INFO | crypto_bot | TRADE pair=ROBO-USDT time=2026-08-19T04:53:51.149000+00:00 price=0.01281000 size=14139.90000000
2026-08-19 04:53:51,203 | INFO | crypto_bot | TRADE pair=ROBO-USDT time=2026-08-19T04:53:51.149000+00:00 price=0.01280000 size=27180.40000000
2026-08-19 04:53:51,203 | INFO | crypto_bot | TRADE pair=ROBO-USDT time=2026-08-19T04:53:51.150000+00:00 price=0.01279000 size=71613.00000000
2026-08-19 04:53:51,204 | INFO | crypto_bot | TRADE pair=ROBO-USDT time=2026-08-19T04:53:51.151000+00:00 price=0.01278000 size=5015.70000000
2026-08-19 04:53:51,204 | INFO | crypto_bot | TRADE pair=ROBO-USDT time=2026-08-19T04:53:51.150000+00:00 price=0.01279000 size=71613.00000000
2026-08-19 04:53:51,205 | INFO | crypto_bot | TRADE pair=ROBO-USDT time=2026-08-19T04:53:51.151000+00:00 price=0.01278000 size=5015.70000000
2026-08-19 04:54:02,927 | INFO | crypto_bot | TRADE pair=ROBO-USDT time=2026-08-19T04:54:02.873000+00:00 price=0.01277000 size=14139.90000000
2026-08-19 04:54:02,927 | INFO | crypto_bot | 1m CLOSED ts=2026-08-19T04:53:00+00:00 o=0.01274000 h=0.01281000 l=0.01274000 c=0.01278000 v=190238.50000000
2026-08-19 04:54:02,927 | INFO | crypto_bot | ENTRY signal=HOLD reason=trend_filter_not_passed meta={'regime': 'unknown'}
2026-08-19 04:54:02,927 | INFO | crypto_bot | TRADE pair=ROBO-USDT time=2026-08-19T04:54:02.873000+00:00 price=0.01277000 size=14139.90000000
2026-08-19 04:54:02,927 | INFO | crypto_bot | 1m CLOSED ts=2026-08-19T04:53:00+00:00 o=0.01274000 h=0.01281000 l=0.01274000 c=0.01278000 v=190238.50000000
2026-08-19 04:54:02,927 | INFO | crypto_bot | ENTRY signal=HOLD reason=trend_filter_not_passed meta={'regime': 'unknown'}
2026-08-19 04:54:02,928 | INFO | crypto_bot | TRADE pair=ROBO-USDT time=2026-08-19T04:54:02.874000+00:00 price=0.01276000 size=40375.50000000
2026-08-19 04:54:02,928 | INFO | crypto_bot | TRADE pair=ROBO-USDT time=2026-08-19T04:54:02.874000+00:00 price=0.01276000 size=40375.50000000
2026-08-19 04:54:02,933 | INFO | crypto_bot | TRADE pair=ROBO-USDT time=2026-08-19T04:54:02.880000+00:00 price=0.01276000 size=14139.90000000
2026-08-19 04:54:02,933 | INFO | crypto_bot | TRADE pair=ROBO-USDT time=2026-08-19T04:54:02.880000+00:00 price=0.01276000 size=14139.90000000
2026-08-19 04:54:10,900 | INFO | crypto_bot | TRADE pair=ROBO-USDT time=2026-08-19T04:54:10.847000+00:00 price=0.01278000 size=1282.50000000
2026-08-19 04:54:10,900 | INFO | crypto_bot | TRADE pair=ROBO-USDT time=2026-08-19T04:54:10.847000+00:00 price=0.01279000 size=91032.50000000
2026-08-19 04:54:10,900 | INFO | crypto_bot | TRADE pair=ROBO-USDT time=2026-08-19T04:54:10.847000+00:00 price=0.01280000 size=46058.60000000
2026-08-19 04:54:10,901 | INFO | crypto_bot | TRADE pair=ROBO-USDT time=2026-08-19T04:54:10.847000+00:00 price=0.01278000 size=1282.50000000
2026-08-19 04:54:10,901 | INFO | crypto_bot | TRADE pair=ROBO-USDT time=2026-08-19T04:54:10.847000+00:00 price=0.01279000 size=91032.50000000
2026-08-19 04:54:10,901 | INFO | crypto_bot | TRADE pair=ROBO-USDT time=2026-08-19T04:54:10.847000+00:00 price=0.01280000 size=46058.60000000
2026-08-19 04:54:28,802 | INFO | crypto_bot | TRADE pair=ROBO-USDT time=2026-08-19T04:54:28.750000+00:00 price=0.01277000 size=14139.90000000
2026-08-19 04:54:28,803 | INFO | crypto_bot | TRADE pair=ROBO-USDT time=2026-08-19T04:54:28.750000+00:00 price=0.01277000 size=14139.90000000
2026-08-19 04:54:28,915 | INFO | crypto_bot | TRADE pair=ROBO-USDT time=2026-08-19T04:54:28.862000+00:00 price=0.01277000 size=2398.30000000
2026-08-19 04:54:28,916 | INFO | crypto_bot | TRADE pair=ROBO-USDT time=2026-08-19T04:54:28.862000+00:00 price=0.01277000 size=11741.60000000
2026-08-19 04:54:28,918 | INFO | crypto_bot | TRADE pair=ROBO-USDT time=2026-08-19T04:54:28.862000+00:00 price=0.01277000 size=2398.30000000
2026-08-19 04:54:28,918 | INFO | crypto_bot | TRADE pair=ROBO-USDT time=2026-08-19T04:54:28.862000+00:00 price=0.01277000 size=11741.60000000
2026-08-19 04:54:28,918 | INFO | crypto_bot | TRADE pair=ROBO-USDT time=2026-08-19T04:54:28.866000+00:00 price=0.01277000 size=14139.90000000
2026-08-19 04:54:28,919 | INFO | crypto_bot | TRADE pair=ROBO-USDT time=2026-08-19T04:54:28.866000+00:00 price=0.01277000 size=14139.90000000
2026-08-19 04:54:28,920 | INFO | crypto_bot | TRADE pair=ROBO-USDT time=2026-08-19T04:54:28.867000+00:00 price=0.01277000 size=14139.90000000
2026-08-19 04:54:28,922 | INFO | crypto_bot | TRADE pair=ROBO-USDT time=2026-08-19T04:54:28.867000+00:00 price=0.01277000 size=14139.90000000
2026-08-19 04:54:41,849 | INFO | crypto_bot | TRADE pair=ROBO-USDT time=2026-08-19T04:54:41.796000+00:00 price=0.01276000 size=14139.90000000
2026-08-19 04:54:41,850 | INFO | crypto_bot | TRADE pair=ROBO-USDT time=2026-08-19T04:54:41.796000+00:00 price=0.01276000 size=14139.90000000
2026-08-19 04:54:42,527 | INFO | crypto_bot | TRADE pair=ROBO-USDT time=2026-08-19T04:54:42.474000+00:00 price=0.01278000 size=10000.00000000
2026-08-19 04:54:42,528 | INFO | crypto_bot | TRADE pair=ROBO-USDT time=2026-08-19T04:54:42.474000+00:00 price=0.01278000 size=10000.00000000
2026-08-19 04:54:57,893 | INFO | crypto_bot | TRADE pair=ROBO-USDT time=2026-08-19T04:54:57.840000+00:00 price=0.01277000 size=14139.90000000
2026-08-19 04:54:57,893 | INFO | crypto_bot | TRADE pair=ROBO-USDT time=2026-08-19T04:54:57.840000+00:00 price=0.01277000 size=14139.90000000
2026-08-19 04:58:21,659 | INFO | crypto_bot | TRADE pair=ROBO-USDT time=2026-08-19T04:58:21.606000+00:00 price=0.01276000 size=14139.90000000
2026-08-19 04:58:21,660 | INFO | crypto_bot | 1m CLOSED ts=2026-08-19T04:54:00+00:00 o=0.01277000 h=0.01280000 l=0.01276000 c=0.01277000 v=301868.30000000
2026-08-19 04:58:21,660 | INFO | crypto_bot | ENTRY signal=HOLD reason=trend_filter_not_passed meta={'regime': 'unknown'}
2026-08-19 04:58:21,660 | INFO | crypto_bot | 5m CLOSED ts=2026-08-19T04:50:00+00:00 o=0.01273000 h=0.01281000 l=0.01272000 c=0.01277000 v=497653.60000000
2026-08-19 04:58:21,661 | INFO | crypto_bot | TRADE pair=ROBO-USDT time=2026-08-19T04:58:21.606000+00:00 price=0.01276000 size=14139.90000000
2026-08-19 04:58:21,661 | INFO | crypto_bot | 1m CLOSED ts=2026-08-19T04:54:00+00:00 o=0.01277000 h=0.01280000 l=0.01276000 c=0.01277000 v=301868.30000000
2026-08-19 04:58:21,661 | INFO | crypto_bot | ENTRY signal=HOLD reason=trend_filter_not_passed meta={'regime': 'unknown'}
2026-08-19 04:58:21,661 | INFO | crypto_bot | 5m CLOSED ts=2026-08-19T04:50:00+00:00 o=0.01273000 h=0.01281000 l=0.01272000 c=0.01277000 v=497653.60000000
2026-08-19 05:00:02,929 | INFO | crypto_bot | TRADE pair=ROBO-USDT time=2026-08-19T05:00:02.876000+00:00 price=0.01273000 size=3844.80000000
2026-08-19 05:00:02,929 | INFO | crypto_bot | 1m CLOSED ts=2026-08-19T04:58:00+00:00 o=0.01276000 h=0.01276000 l=0.01276000 c=0.01276000 v=14139.90000000
2026-08-19 05:00:02,930 | INFO | crypto_bot | ENTRY signal=HOLD reason=trend_filter_not_passed meta={'regime': 'unknown'}
2026-08-19 05:00:02,931 | INFO | crypto_bot | TRADE pair=ROBO-USDT time=2026-08-19T05:00:02.876000+00:00 price=0.01273000 size=3844.80000000
2026-08-19 05:00:02,932 | INFO | crypto_bot | 1m CLOSED ts=2026-08-19T04:58:00+00:00 o=0.01276000 h=0.01276000 l=0.01276000 c=0.01276000 v=14139.90000000
2026-08-19 05:00:02,932 | INFO | crypto_bot | ENTRY signal=HOLD reason=trend_filter_not_passed meta={'regime': 'unknown'}
2026-08-19 05:00:02,932 | INFO | crypto_bot | 5m CLOSED ts=2026-08-19T04:55:00+00:00 o=0.01276000 h=0.01276000 l=0.01276000 c=0.01276000 v=14139.90000000
2026-08-19 05:00:02,933 | INFO | crypto_bot | 5m CLOSED ts=2026-08-19T04:55:00+00:00 o=0.01276000 h=0.01276000 l=0.01276000 c=0.01276000 v=14139.90000000
2026-08-19 05:00:37,259 | INFO | crypto_bot | TRADE pair=ROBO-USDT time=2026-08-19T05:00:37.206000+00:00 price=0.01275000 size=15422.40000000
2026-08-19 05:00:37,260 | INFO | crypto_bot | TRADE pair=ROBO-USDT time=2026-08-19T05:00:37.206000+00:00 price=0.01276000 size=53417.10000000
2026-08-19 05:00:37,260 | INFO | crypto_bot | TRADE pair=ROBO-USDT time=2026-08-19T05:00:37.206000+00:00 price=0.01277000 size=14139.90000000
2026-08-19 05:00:37,260 | INFO | crypto_bot | TRADE pair=ROBO-USDT time=2026-08-19T05:00:37.207000+00:00 price=0.01278000 size=14139.90000000
2026-08-19 05:00:37,260 | INFO | crypto_bot | TRADE pair=ROBO-USDT time=2026-08-19T05:00:37.207000+00:00 price=0.01279000 size=14139.90000000
2026-08-19 05:00:37,260 | INFO | crypto_bot | TRADE pair=ROBO-USDT time=2026-08-19T05:00:37.207000+00:00 price=0.01280000 size=15702.30000000
2026-08-19 05:00:37,261 | INFO | crypto_bot | TRADE pair=ROBO-USDT time=2026-08-19T05:00:37.206000+00:00 price=0.01275000 size=15422.40000000
2026-08-19 05:00:37,261 | INFO | crypto_bot | TRADE pair=ROBO-USDT time=2026-08-19T05:00:37.206000+00:00 price=0.01276000 size=53417.10000000
2026-08-19 05:00:37,261 | INFO | crypto_bot | TRADE pair=ROBO-USDT time=2026-08-19T05:00:37.206000+00:00 price=0.01277000 size=14139.90000000
2026-08-19 05:00:37,261 | INFO | crypto_bot | TRADE pair=ROBO-USDT time=2026-08-19T05:00:37.207000+00:00 price=0.01278000 size=14139.90000000
2026-08-19 05:00:37,261 | INFO | crypto_bot | TRADE pair=ROBO-USDT time=2026-08-19T05:00:37.207000+00:00 price=0.01279000 size=14139.90000000
2026-08-19 05:00:37,262 | INFO | crypto_bot | TRADE pair=ROBO-USDT time=2026-08-19T05:00:37.207000+00:00 price=0.01280000 size=15702.30000000
2026-08-19 05:00:37,270 | INFO | crypto_bot | TRADE pair=ROBO-USDT time=2026-08-19T05:00:37.211000+00:00 price=0.01280000 size=3844.80000000
2026-08-19 05:00:37,271 | INFO | crypto_bot | TRADE pair=ROBO-USDT time=2026-08-19T05:00:37.211000+00:00 price=0.01279000 size=682.20000000
2026-08-19 05:00:37,271 | INFO | crypto_bot | TRADE pair=ROBO-USDT time=2026-08-19T05:00:37.211000+00:00 price=0.01281000 size=8308.20000000
2026-08-19 05:00:37,271 | INFO | crypto_bot | TRADE pair=ROBO-USDT time=2026-08-19T05:00:37.213000+00:00 price=0.01281000 size=1282.50000000
2026-08-19 05:00:37,271 | INFO | crypto_bot | TRADE pair=ROBO-USDT time=2026-08-19T05:00:37.213000+00:00 price=0.01282000 size=1282.50000000
2026-08-19 05:00:37,271 | INFO | crypto_bot | TRADE pair=ROBO-USDT time=2026-08-19T05:00:37.215000+00:00 price=0.01282000 size=15374.20000000
2026-08-19 05:00:37,272 | INFO | crypto_bot | TRADE pair=ROBO-USDT time=2026-08-19T05:00:37.218000+00:00 price=0.01281000 size=517.50000000
2026-08-19 05:00:37,272 | INFO | crypto_bot | TRADE pair=ROBO-USDT time=2026-08-19T05:00:37.218000+00:00 price=0.01281000 size=5696.80000000
2026-08-19 05:00:37,272 | INFO | crypto_bot | TRADE pair=ROBO-USDT time=2026-08-19T05:00:37.219000+00:00 price=0.01282000 size=1857.90000000
2026-08-19 05:00:37,272 | INFO | crypto_bot | TRADE pair=ROBO-USDT time=2026-08-19T05:00:37.219000+00:00 price=0.01281000 size=6832.10000000
2026-08-19 05:00:37,274 | INFO | crypto_bot | TRADE pair=ROBO-USDT time=2026-08-19T05:00:37.221000+00:00 price=0.01283000 size=6266.30000000
2026-08-19 05:00:37,277 | INFO | crypto_bot | TRADE pair=ROBO-USDT time=2026-08-19T05:00:37.211000+00:00 price=0.01280000 size=3844.80000000
2026-08-19 05:00:37,277 | INFO | crypto_bot | TRADE pair=ROBO-USDT time=2026-08-19T05:00:37.211000+00:00 price=0.01279000 size=682.20000000
2026-08-19 05:00:37,277 | INFO | crypto_bot | TRADE pair=ROBO-USDT time=2026-08-19T05:00:37.211000+00:00 price=0.01281000 size=8308.20000000
2026-08-19 05:00:37,277 | INFO | crypto_bot | TRADE pair=ROBO-USDT time=2026-08-19T05:00:37.213000+00:00 price=0.01281000 size=1282.50000000
2026-08-19 05:00:37,277 | INFO | crypto_bot | TRADE pair=ROBO-USDT time=2026-08-19T05:00:37.213000+00:00 price=0.01282000 size=1282.50000000
2026-08-19 05:00:37,278 | INFO | crypto_bot | TRADE pair=ROBO-USDT time=2026-08-19T05:00:37.215000+00:00 price=0.01282000 size=15374.20000000
2026-08-19 05:00:37,278 | INFO | crypto_bot | TRADE pair=ROBO-USDT time=2026-08-19T05:00:37.218000+00:00 price=0.01281000 size=517.50000000
2026-08-19 05:00:37,278 | INFO | crypto_bot | TRADE pair=ROBO-USDT time=2026-08-19T05:00:37.218000+00:00 price=0.01281000 size=5696.80000000
2026-08-19 05:00:37,278 | INFO | crypto_bot | TRADE pair=ROBO-USDT time=2026-08-19T05:00:37.219000+00:00 price=0.01282000 size=1857.90000000
2026-08-19 05:00:37,278 | INFO | crypto_bot | TRADE pair=ROBO-USDT time=2026-08-19T05:00:37.219000+00:00 price=0.01281000 size=6832.10000000
2026-08-19 05:00:37,278 | INFO | crypto_bot | TRADE pair=ROBO-USDT time=2026-08-19T05:00:37.221000+00:00 price=0.01283000 size=6266.30000000
2026-08-19 05:00:37,281 | INFO | crypto_bot | TRADE pair=ROBO-USDT time=2026-08-19T05:00:37.228000+00:00 price=0.01283000 size=2565.00000000
2026-08-19 05:00:37,282 | INFO | crypto_bot | TRADE pair=ROBO-USDT time=2026-08-19T05:00:37.228000+00:00 price=0.01283000 size=2565.00000000
2026-08-19 05:00:37,283 | INFO | crypto_bot | TRADE pair=ROBO-USDT time=2026-08-19T05:00:37.230000+00:00 price=0.01282000 size=3739.70000000
2026-08-19 05:00:37,283 | INFO | crypto_bot | TRADE pair=ROBO-USDT time=2026-08-19T05:00:37.230000+00:00 price=0.01282000 size=3739.70000000
2026-08-19 05:00:37,283 | INFO | crypto_bot | TRADE pair=ROBO-USDT time=2026-08-19T05:00:37.230000+00:00 price=0.01282000 size=7027.40000000
2026-08-19 05:00:37,283 | INFO | crypto_bot | TRADE pair=ROBO-USDT time=2026-08-19T05:00:37.230000+00:00 price=0.01282000 size=3739.70000000
2026-08-19 05:00:37,284 | INFO | crypto_bot | TRADE pair=ROBO-USDT time=2026-08-19T05:00:37.230000+00:00 price=0.01282000 size=3739.70000000
2026-08-19 05:00:37,284 | INFO | crypto_bot | TRADE pair=ROBO-USDT time=2026-08-19T05:00:37.230000+00:00 price=0.01282000 size=7027.40000000
2026-08-19 05:00:37,284 | INFO | crypto_bot | TRADE pair=ROBO-USDT time=2026-08-19T05:00:37.231000+00:00 price=0.01284000 size=14472.20000000
2026-08-19 05:00:37,285 | INFO | crypto_bot | TRADE pair=ROBO-USDT time=2026-08-19T05:00:37.231000+00:00 price=0.01284000 size=14472.20000000
2026-08-19 05:00:37,422 | INFO | crypto_bot | TRADE pair=ROBO-USDT time=2026-08-19T05:00:37.368000+00:00 price=0.01284000 size=1282.50000000
2026-08-19 05:00:37,422 | INFO | crypto_bot | TRADE pair=ROBO-USDT time=2026-08-19T05:00:37.368000+00:00 price=0.01284000 size=1282.50000000
2026-08-19 05:00:37,422 | INFO | crypto_bot | TRADE pair=ROBO-USDT time=2026-08-19T05:00:37.369000+00:00 price=0.01284000 size=1282.50000000
2026-08-19 05:00:37,422 | INFO | crypto_bot | TRADE pair=ROBO-USDT time=2026-08-19T05:00:37.369000+00:00 price=0.01284000 size=1282.50000000
2026-08-19 05:00:37,422 | INFO | crypto_bot | TRADE pair=ROBO-USDT time=2026-08-19T05:00:37.369000+00:00 price=0.01284000 size=1283.10000000
2026-08-19 05:00:37,422 | INFO | crypto_bot | TRADE pair=ROBO-USDT time=2026-08-19T05:00:37.369000+00:00 price=0.01284000 size=1283.10000000
2026-08-19 05:00:37,422 | INFO | crypto_bot | TRADE pair=ROBO-USDT time=2026-08-19T05:00:37.369000+00:00 price=0.01284000 size=1282.50000000
2026-08-19 05:00:37,423 | INFO | crypto_bot | TRADE pair=ROBO-USDT time=2026-08-19T05:00:37.369000+00:00 price=0.01284000 size=1282.50000000
2026-08-19 05:00:37,423 | INFO | crypto_bot | TRADE pair=ROBO-USDT time=2026-08-19T05:00:37.369000+00:00 price=0.01284000 size=1282.50000000
2026-08-19 05:00:37,423 | INFO | crypto_bot | TRADE pair=ROBO-USDT time=2026-08-19T05:00:37.370000+00:00 price=0.01284000 size=1282.50000000
2026-08-19 05:00:37,423 | INFO | crypto_bot | TRADE pair=ROBO-USDT time=2026-08-19T05:00:37.369000+00:00 price=0.01284000 size=1282.50000000
2026-08-19 05:00:37,423 | INFO | crypto_bot | TRADE pair=ROBO-USDT time=2026-08-19T05:00:37.370000+00:00 price=0.01284000 size=1282.50000000
2026-08-19 05:00:37,423 | INFO | crypto_bot | TRADE pair=ROBO-USDT time=2026-08-19T05:00:37.371000+00:00 price=0.01284000 size=1282.50000000
2026-08-19 05:00:37,424 | INFO | crypto_bot | TRADE pair=ROBO-USDT time=2026-08-19T05:00:37.371000+00:00 price=0.01284000 size=1282.50000000
2026-08-19 05:00:52,212 | INFO | crypto_bot | TRADE pair=ROBO-USDT time=2026-08-19T05:00:52.159000+00:00 price=0.01285000 size=38971.10000000
2026-08-19 05:00:52,213 | INFO | crypto_bot | TRADE pair=ROBO-USDT time=2026-08-19T05:00:52.159000+00:00 price=0.01285000 size=38971.10000000
2026-08-19 05:00:52,270 | INFO | crypto_bot | TRADE pair=ROBO-USDT time=2026-08-19T05:00:52.214000+00:00 price=0.01284000 size=2186.60000000
2026-08-19 05:00:52,271 | INFO | crypto_bot | TRADE pair=ROBO-USDT time=2026-08-19T05:00:52.214000+00:00 price=0.01284000 size=2186.60000000
2026-08-19 05:00:52,276 | INFO | crypto_bot | TRADE pair=ROBO-USDT time=2026-08-19T05:00:52.223000+00:00 price=0.01283000 size=14139.90000000
2026-08-19 05:00:52,277 | INFO | crypto_bot | TRADE pair=ROBO-USDT time=2026-08-19T05:00:52.223000+00:00 price=0.01283000 size=14139.90000000
2026-08-19 05:00:52,278 | INFO | crypto_bot | TRADE pair=ROBO-USDT time=2026-08-19T05:00:52.225000+00:00 price=0.01284000 size=14139.90000000
2026-08-19 05:00:52,279 | INFO | crypto_bot | TRADE pair=ROBO-USDT time=2026-08-19T05:00:52.225000+00:00 price=0.01284000 size=14139.90000000
2026-08-19 05:00:52,887 | INFO | crypto_bot | TRADE pair=ROBO-USDT time=2026-08-19T05:00:52.833000+00:00 price=0.01282000 size=27429.80000000
2026-08-19 05:00:52,887 | INFO | crypto_bot | TRADE pair=ROBO-USDT time=2026-08-19T05:00:52.833000+00:00 price=0.01282000 size=27429.80000000
2026-08-19 05:00:59,669 | INFO | crypto_bot | TRADE pair=ROBO-USDT time=2026-08-19T05:00:59.614000+00:00 price=0.01284000 size=12593.80000000
2026-08-19 05:00:59,670 | INFO | crypto_bot | TRADE pair=ROBO-USDT time=2026-08-19T05:00:59.614000+00:00 price=0.01284000 size=12593.80000000
2026-08-19 05:01:03,206 | INFO | crypto_bot | TRADE pair=ROBO-USDT time=2026-08-19T05:01:03.153000+00:00 price=0.01282000 size=1321.90000000
2026-08-19 05:01:03,206 | INFO | crypto_bot | 1m CLOSED ts=2026-08-19T05:00:00+00:00 o=0.01273000 h=0.01285000 l=0.01273000 c=0.01284000 v=332734.50000000
2026-08-19 05:01:03,206 | INFO | crypto_bot | ENTRY signal=HOLD reason=trend_filter_not_passed meta={'regime': 'unknown'}
2026-08-19 05:01:03,207 | INFO | crypto_bot | TRADE pair=ROBO-USDT time=2026-08-19T05:01:03.153000+00:00 price=0.01282000 size=1321.90000000
2026-08-19 05:01:03,207 | INFO | crypto_bot | 1m CLOSED ts=2026-08-19T05:00:00+00:00 o=0.01273000 h=0.01285000 l=0.01273000 c=0.01284000 v=332734.50000000
2026-08-19 05:01:03,207 | INFO | crypto_bot | ENTRY signal=HOLD reason=trend_filter_not_passed meta={'regime': 'unknown'}
2026-08-19 05:01:18,039 | INFO | crypto_bot | TRADE pair=ROBO-USDT time=2026-08-19T05:01:17.986000+00:00 price=0.01282000 size=54146.90000000
2026-08-19 05:01:18,040 | INFO | crypto_bot | TRADE pair=ROBO-USDT time=2026-08-19T05:01:17.986000+00:00 price=0.01282000 size=11307.30000000
2026-08-19 05:01:18,040 | INFO | crypto_bot | TRADE pair=ROBO-USDT time=2026-08-19T05:01:17.986000+00:00 price=0.01282000 size=54146.90000000
2026-08-19 05:01:18,040 | INFO | crypto_bot | TRADE pair=ROBO-USDT time=2026-08-19T05:01:17.986000+00:00 price=0.01282000 size=11307.30000000
2026-08-19 05:01:18,044 | INFO | crypto_bot | TRADE pair=ROBO-USDT time=2026-08-19T05:01:17.991000+00:00 price=0.01282000 size=3844.80000000
2026-08-19 05:01:18,045 | INFO | crypto_bot | TRADE pair=ROBO-USDT time=2026-08-19T05:01:17.991000+00:00 price=0.01282000 size=3844.80000000
2026-08-19 05:01:45,713 | INFO | crypto_bot | TRADE pair=ROBO-USDT time=2026-08-19T05:01:45.659000+00:00 price=0.01284000 size=3844.80000000
2026-08-19 05:01:45,713 | INFO | crypto_bot | TRADE pair=ROBO-USDT time=2026-08-19T05:01:45.659000+00:00 price=0.01284000 size=3844.80000000
2026-08-19 05:01:59,495 | INFO | crypto_bot | TRADE pair=ROBO-USDT time=2026-08-19T05:01:59.442000+00:00 price=0.01284000 size=3992.90000000
2026-08-19 05:01:59,495 | INFO | crypto_bot | TRADE pair=ROBO-USDT time=2026-08-19T05:01:59.442000+00:00 price=0.01285000 size=8415.60000000
2026-08-19 05:01:59,495 | INFO | crypto_bot | TRADE pair=ROBO-USDT time=2026-08-19T05:01:59.442000+00:00 price=0.01284000 size=3992.90000000
2026-08-19 05:01:59,496 | INFO | crypto_bot | TRADE pair=ROBO-USDT time=2026-08-19T05:01:59.442000+00:00 price=0.01285000 size=8415.60000000
2026-08-19 05:01:59,504 | INFO | crypto_bot | TRADE pair=ROBO-USDT time=2026-08-19T05:01:59.451000+00:00 price=0.01285000 size=3844.80000000
2026-08-19 05:01:59,504 | INFO | crypto_bot | TRADE pair=ROBO-USDT time=2026-08-19T05:01:59.451000+00:00 price=0.01285000 size=3844.80000000
2026-08-19 05:02:00,075 | INFO | crypto_bot | TRADE pair=ROBO-USDT time=2026-08-19T05:02:00.019000+00:00 price=0.01285000 size=3844.80000000
2026-08-19 05:02:00,075 | INFO | crypto_bot | 1m CLOSED ts=2026-08-19T05:01:00+00:00 o=0.01282000 h=0.01285000 l=0.01282000 c=0.01285000 v=90719.00000000
2026-08-19 05:02:00,075 | INFO | crypto_bot | ENTRY signal=HOLD reason=trend_filter_not_passed meta={'regime': 'unknown'}
2026-08-19 05:02:00,081 | INFO | crypto_bot | TRADE pair=ROBO-USDT time=2026-08-19T05:02:00.019000+00:00 price=0.01285000 size=3844.80000000
2026-08-19 05:02:00,081 | INFO | crypto_bot | 1m CLOSED ts=2026-08-19T05:01:00+00:00 o=0.01282000 h=0.01285000 l=0.01282000 c=0.01285000 v=90719.00000000
2026-08-19 05:02:00,081 | INFO | crypto_bot | ENTRY signal=HOLD reason=trend_filter_not_passed meta={'regime': 'unknown'}
2026-08-19 05:02:00,083 | INFO | crypto_bot | TRADE pair=ROBO-USDT time=2026-08-19T05:02:00.030000+00:00 price=0.01285000 size=3844.80000000
2026-08-19 05:02:00,084 | INFO | crypto_bot | TRADE pair=ROBO-USDT time=2026-08-19T05:02:00.030000+00:00 price=0.01285000 size=3844.80000000
2026-08-19 05:02:00,105 | INFO | crypto_bot | TRADE pair=ROBO-USDT time=2026-08-19T05:02:00.052000+00:00 price=0.01285000 size=3844.80000000
2026-08-19 05:02:00,107 | INFO | crypto_bot | TRADE pair=ROBO-USDT time=2026-08-19T05:02:00.052000+00:00 price=0.01285000 size=3844.80000000
2026-08-19 05:02:00,115 | INFO | crypto_bot | TRADE pair=ROBO-USDT time=2026-08-19T05:02:00.062000+00:00 price=0.01286000 size=14139.90000000
2026-08-19 05:02:00,115 | INFO | crypto_bot | TRADE pair=ROBO-USDT time=2026-08-19T05:02:00.062000+00:00 price=0.01286000 size=14139.90000000
2026-08-19 05:02:01,579 | INFO | crypto_bot | TRADE pair=ROBO-USDT time=2026-08-19T05:02:01.525000+00:00 price=0.01285000 size=1455.30000000
2026-08-19 05:02:01,579 | INFO | crypto_bot | TRADE pair=ROBO-USDT time=2026-08-19T05:02:01.525000+00:00 price=0.01285000 size=1455.30000000
2026-08-19 05:02:13,818 | INFO | crypto_bot | TRADE pair=ROBO-USDT time=2026-08-19T05:02:13.765000+00:00 price=0.01285000 size=2449.50000000
2026-08-19 05:02:13,819 | INFO | crypto_bot | TRADE pair=ROBO-USDT time=2026-08-19T05:02:13.765000+00:00 price=0.01285000 size=2449.50000000
2026-08-19 05:02:51,612 | INFO | crypto_bot | TRADE pair=ROBO-USDT time=2026-08-19T05:02:51.557000+00:00 price=0.01285000 size=14139.90000000
2026-08-19 05:02:51,615 | INFO | crypto_bot | TRADE pair=ROBO-USDT time=2026-08-19T05:02:51.557000+00:00 price=0.01285000 size=14139.90000000
2026-08-19 05:03:28,631 | INFO | crypto_bot | TRADE pair=ROBO-USDT time=2026-08-19T05:03:28.577000+00:00 price=0.01285000 size=38850.00000000
2026-08-19 05:03:28,631 | INFO | crypto_bot | 1m CLOSED ts=2026-08-19T05:02:00+00:00 o=0.01285000 h=0.01286000 l=0.01285000 c=0.01285000 v=43719.00000000
2026-08-19 05:03:28,631 | INFO | crypto_bot | ENTRY signal=HOLD reason=trend_filter_not_passed meta={'regime': 'unknown'}
2026-08-19 05:03:28,632 | INFO | crypto_bot | TRADE pair=ROBO-USDT time=2026-08-19T05:03:28.577000+00:00 price=0.01284000 size=5122.20000000
2026-08-19 05:03:28,632 | INFO | crypto_bot | TRADE pair=ROBO-USDT time=2026-08-19T05:03:28.577000+00:00 price=0.01285000 size=38850.00000000
2026-08-19 05:03:28,632 | INFO | crypto_bot | 1m CLOSED ts=2026-08-19T05:02:00+00:00 o=0.01285000 h=0.01286000 l=0.01285000 c=0.01285000 v=43719.00000000
2026-08-19 05:03:28,632 | INFO | crypto_bot | ENTRY signal=HOLD reason=trend_filter_not_passed meta={'regime': 'unknown'}
2026-08-19 05:03:28,633 | INFO | crypto_bot | TRADE pair=ROBO-USDT time=2026-08-19T05:03:28.577000+00:00 price=0.01284000 size=5122.20000000
2026-08-19 05:03:31,595 | INFO | crypto_bot | TRADE pair=ROBO-USDT time=2026-08-19T05:03:31.542000+00:00 price=0.01283000 size=34900.00000000
2026-08-19 05:03:31,595 | INFO | crypto_bot | TRADE pair=ROBO-USDT time=2026-08-19T05:03:31.542000+00:00 price=0.01283000 size=34900.00000000
2026-08-19 05:03:31,695 | INFO | crypto_bot | TRADE pair=ROBO-USDT time=2026-08-19T05:03:31.641000+00:00 price=0.01282000 size=519.20000000
2026-08-19 05:03:31,695 | INFO | crypto_bot | TRADE pair=ROBO-USDT time=2026-08-19T05:03:31.641000+00:00 price=0.01282000 size=519.20000000
2026-08-19 05:03:31,703 | INFO | crypto_bot | TRADE pair=ROBO-USDT time=2026-08-19T05:03:31.650000+00:00 price=0.01283000 size=6234.10000000
2026-08-19 05:03:31,704 | INFO | crypto_bot | TRADE pair=ROBO-USDT time=2026-08-19T05:03:31.650000+00:00 price=0.01283000 size=6234.10000000
2026-08-19 05:03:31,705 | INFO | crypto_bot | TRADE pair=ROBO-USDT time=2026-08-19T05:03:31.652000+00:00 price=0.01283000 size=7905.80000000
2026-08-19 05:03:31,705 | INFO | crypto_bot | TRADE pair=ROBO-USDT time=2026-08-19T05:03:31.652000+00:00 price=0.01283000 size=7905.80000000
2026-08-19 05:03:31,708 | INFO | crypto_bot | TRADE pair=ROBO-USDT time=2026-08-19T05:03:31.655000+00:00 price=0.01283000 size=14139.90000000
2026-08-19 05:03:31,708 | INFO | crypto_bot | TRADE pair=ROBO-USDT time=2026-08-19T05:03:31.655000+00:00 price=0.01283000 size=14139.90000000
2026-08-19 05:04:02,198 | INFO | crypto_bot | TRADE pair=ROBO-USDT time=2026-08-19T05:04:02.144000+00:00 price=0.01279000 size=4613.50000000
2026-08-19 05:04:02,198 | INFO | crypto_bot | 1m CLOSED ts=2026-08-19T05:03:00+00:00 o=0.01285000 h=0.01285000 l=0.01282000 c=0.01283000 v=107671.20000000
2026-08-19 05:04:02,198 | INFO | crypto_bot | TRADE pair=ROBO-USDT time=2026-08-19T05:04:02.144000+00:00 price=0.01279000 size=4613.50000000
2026-08-19 05:04:02,198 | INFO | crypto_bot | ENTRY signal=HOLD reason=trend_filter_not_passed meta={'regime': 'unknown'}
2026-08-19 05:04:02,198 | INFO | crypto_bot | 1m CLOSED ts=2026-08-19T05:03:00+00:00 o=0.01285000 h=0.01285000 l=0.01282000 c=0.01283000 v=107671.20000000
2026-08-19 05:04:02,198 | INFO | crypto_bot | ENTRY signal=HOLD reason=trend_filter_not_passed meta={'regime': 'unknown'}
2026-08-19 05:06:00,435 | INFO | crypto_bot | TRADE pair=ROBO-USDT time=2026-08-19T05:06:00.382000+00:00 price=0.01280000 size=2059.90000000
2026-08-19 05:06:00,435 | INFO | crypto_bot | 1m CLOSED ts=2026-08-19T05:04:00+00:00 o=0.01279000 h=0.01279000 l=0.01279000 c=0.01279000 v=4613.50000000
2026-08-19 05:06:00,435 | INFO | crypto_bot | ENTRY signal=HOLD reason=trend_filter_not_passed meta={'regime': 'unknown'}
2026-08-19 05:06:00,435 | INFO | crypto_bot | 5m CLOSED ts=2026-08-19T05:00:00+00:00 o=0.01273000 h=0.01286000 l=0.01273000 c=0.01279000 v=579457.20000000
2026-08-19 05:06:00,436 | INFO | crypto_bot | TRADE pair=ROBO-USDT time=2026-08-19T05:06:00.382000+00:00 price=0.01280000 size=2059.90000000
2026-08-19 05:06:00,436 | INFO | crypto_bot | 1m CLOSED ts=2026-08-19T05:04:00+00:00 o=0.01279000 h=0.01279000 l=0.01279000 c=0.01279000 v=4613.50000000
2026-08-19 05:06:00,436 | INFO | crypto_bot | ENTRY signal=HOLD reason=trend_filter_not_passed meta={'regime': 'unknown'}
2026-08-19 05:06:00,437 | INFO | crypto_bot | 5m CLOSED ts=2026-08-19T05:00:00+00:00 o=0.01273000 h=0.01286000 l=0.01273000 c=0.01279000 v=579457.20000000
2026-08-19 05:10:17,254 | INFO | crypto_bot | TRADE pair=ROBO-USDT time=2026-08-19T05:10:17.201000+00:00 price=0.01281000 size=1282.50000000
2026-08-19 05:10:17,254 | INFO | crypto_bot | TRADE pair=ROBO-USDT time=2026-08-19T05:10:17.201000+00:00 price=0.01281000 size=1282.50000000
2026-08-19 05:10:17,254 | INFO | crypto_bot | 1m CLOSED ts=2026-08-19T05:06:00+00:00 o=0.01280000 h=0.01280000 l=0.01280000 c=0.01280000 v=2059.90000000
2026-08-19 05:10:17,254 | INFO | crypto_bot | 1m CLOSED ts=2026-08-19T05:06:00+00:00 o=0.01280000 h=0.01280000 l=0.01280000 c=0.01280000 v=2059.90000000
2026-08-19 05:10:17,254 | INFO | crypto_bot | ENTRY signal=HOLD reason=trend_filter_not_passed meta={'regime': 'unknown'}
2026-08-19 05:10:17,254 | INFO | crypto_bot | ENTRY signal=HOLD reason=trend_filter_not_passed meta={'regime': 'unknown'}
2026-08-19 05:10:17,255 | INFO | crypto_bot | 5m CLOSED ts=2026-08-19T05:05:00+00:00 o=0.01280000 h=0.01280000 l=0.01280000 c=0.01280000 v=2059.90000000
2026-08-19 05:10:17,255 | INFO | crypto_bot | 5m CLOSED ts=2026-08-19T05:05:00+00:00 o=0.01280000 h=0.01280000 l=0.01280000 c=0.01280000 v=2059.90000000
2026-08-19 05:10:17,255 | INFO | crypto_bot | TRADE pair=ROBO-USDT time=2026-08-19T05:10:17.201000+00:00 price=0.01281000 size=12857.40000000
2026-08-19 05:10:17,255 | INFO | crypto_bot | TRADE pair=ROBO-USDT time=2026-08-19T05:10:17.201000+00:00 price=0.01281000 size=12857.40000000
2026-08-19 05:10:17,256 | INFO | crypto_bot | TRADE pair=ROBO-USDT time=2026-08-19T05:10:17.203000+00:00 price=0.01280000 size=38971.10000000
2026-08-19 05:10:17,257 | INFO | crypto_bot | TRADE pair=ROBO-USDT time=2026-08-19T05:10:17.203000+00:00 price=0.01280000 size=38971.10000000
2026-08-19 05:10:26,945 | INFO | crypto_bot | TRADE pair=ROBO-USDT time=2026-08-19T05:10:26.892000+00:00 price=0.01278000 size=113.60000000
2026-08-19 05:10:26,946 | INFO | crypto_bot | TRADE pair=ROBO-USDT time=2026-08-19T05:10:26.892000+00:00 price=0.01278000 size=113.60000000
2026-08-19 05:11:31,688 | INFO | crypto_bot | TRADE pair=ROBO-USDT time=2026-08-19T05:11:31.635000+00:00 price=0.01278000 size=14139.90000000
2026-08-19 05:11:31,689 | INFO | crypto_bot | 1m CLOSED ts=2026-08-19T05:10:00+00:00 o=0.01281000 h=0.01281000 l=0.01278000 c=0.01278000 v=53224.60000000
2026-08-19 05:11:31,689 | INFO | crypto_bot | ENTRY signal=HOLD reason=trend_filter_not_passed meta={'regime': 'unknown'}
2026-08-19 05:11:31,690 | INFO | crypto_bot | TRADE pair=ROBO-USDT time=2026-08-19T05:11:31.635000+00:00 price=0.01278000 size=14139.90000000
2026-08-19 05:11:31,690 | INFO | crypto_bot | 1m CLOSED ts=2026-08-19T05:10:00+00:00 o=0.01281000 h=0.01281000 l=0.01278000 c=0.01278000 v=53224.60000000
2026-08-19 05:11:31,690 | INFO | crypto_bot | ENTRY signal=HOLD reason=trend_filter_not_passed meta={'regime': 'unknown'}
2026-08-19 05:14:10,732 | INFO | crypto_bot | TRADE pair=ROBO-USDT time=2026-08-19T05:14:10.679000+00:00 price=0.01281000 size=14139.90000000
2026-08-19 05:14:10,732 | INFO | crypto_bot | 1m CLOSED ts=2026-08-19T05:11:00+00:00 o=0.01278000 h=0.01278000 l=0.01278000 c=0.01278000 v=14139.90000000
2026-08-19 05:14:10,732 | INFO | crypto_bot | ENTRY signal=HOLD reason=trend_filter_not_passed meta={'regime': 'unknown'}
2026-08-19 05:14:10,733 | INFO | crypto_bot | TRADE pair=ROBO-USDT time=2026-08-19T05:14:10.679000+00:00 price=0.01282000 size=7007.00000000
2026-08-19 05:14:10,733 | INFO | crypto_bot | TRADE pair=ROBO-USDT time=2026-08-19T05:14:10.679000+00:00 price=0.01282000 size=12857.40000000
2026-08-19 05:14:10,733 | INFO | crypto_bot | TRADE pair=ROBO-USDT time=2026-08-19T05:14:10.679000+00:00 price=0.01281000 size=14139.90000000
2026-08-19 05:14:10,734 | INFO | crypto_bot | 1m CLOSED ts=2026-08-19T05:11:00+00:00 o=0.01278000 h=0.01278000 l=0.01278000 c=0.01278000 v=14139.90000000
2026-08-19 05:14:10,734 | INFO | crypto_bot | ENTRY signal=HOLD reason=trend_filter_not_passed meta={'regime': 'unknown'}
2026-08-19 05:14:10,734 | INFO | crypto_bot | TRADE pair=ROBO-USDT time=2026-08-19T05:14:10.679000+00:00 price=0.01282000 size=7007.00000000
2026-08-19 05:14:10,735 | INFO | crypto_bot | TRADE pair=ROBO-USDT time=2026-08-19T05:14:10.679000+00:00 price=0.01282000 size=12857.40000000
2026-08-19 05:14:39,351 | INFO | crypto_bot | TRADE pair=ROBO-USDT time=2026-08-19T05:14:39.298000+00:00 price=0.01283000 size=1558.80000000
2026-08-19 05:14:39,352 | INFO | crypto_bot | TRADE pair=ROBO-USDT time=2026-08-19T05:14:39.298000+00:00 price=0.01283000 size=1558.80000000
2026-08-19 05:15:00,939 | INFO | crypto_bot | TRADE pair=ROBO-USDT time=2026-08-19T05:15:00.887000+00:00 price=0.01283000 size=14316.40000000
2026-08-19 05:15:00,940 | INFO | crypto_bot | 1m CLOSED ts=2026-08-19T05:14:00+00:00 o=0.01281000 h=0.01283000 l=0.01281000 c=0.01283000 v=35563.10000000
2026-08-19 05:15:00,940 | INFO | crypto_bot | ENTRY signal=HOLD reason=trend_filter_not_passed meta={'regime': 'unknown'}
2026-08-19 05:15:00,940 | INFO | crypto_bot | 5m CLOSED ts=2026-08-19T05:10:00+00:00 o=0.01281000 h=0.01283000 l=0.01278000 c=0.01283000 v=102927.60000000
2026-08-19 05:15:00,941 | INFO | crypto_bot | TRADE pair=ROBO-USDT time=2026-08-19T05:15:00.887000+00:00 price=0.01283000 size=14316.40000000
2026-08-19 05:15:00,941 | INFO | crypto_bot | 1m CLOSED ts=2026-08-19T05:14:00+00:00 o=0.01281000 h=0.01283000 l=0.01281000 c=0.01283000 v=35563.10000000
2026-08-19 05:15:00,941 | INFO | crypto_bot | ENTRY signal=HOLD reason=trend_filter_not_passed meta={'regime': 'unknown'}
2026-08-19 05:15:00,942 | INFO | crypto_bot | 5m CLOSED ts=2026-08-19T05:10:00+00:00 o=0.01281000 h=0.01283000 l=0.01278000 c=0.01283000 v=102927.60000000
2026-08-19 05:15:22,671 | INFO | crypto_bot | TRADE pair=ROBO-USDT time=2026-08-19T05:15:22.618000+00:00 price=0.01278000 size=13669.70000000
2026-08-19 05:15:22,672 | INFO | crypto_bot | TRADE pair=ROBO-USDT time=2026-08-19T05:15:22.618000+00:00 price=0.01278000 size=13669.70000000
2026-08-19 05:15:22,673 | INFO | crypto_bot | TRADE pair=ROBO-USDT time=2026-08-19T05:15:22.621000+00:00 price=0.01278000 size=10263.90000000
2026-08-19 05:15:22,674 | INFO | crypto_bot | TRADE pair=ROBO-USDT time=2026-08-19T05:15:22.621000+00:00 price=0.01278000 size=10263.90000000
2026-08-19 05:18:08,470 | INFO | crypto_bot | TRADE pair=ROBO-USDT time=2026-08-19T05:18:08.408000+00:00 price=0.01275000 size=1557.20000000
2026-08-19 05:18:08,471 | INFO | crypto_bot | 1m CLOSED ts=2026-08-19T05:15:00+00:00 o=0.01283000 h=0.01283000 l=0.01278000 c=0.01278000 v=38250.00000000
2026-08-19 05:18:08,471 | INFO | crypto_bot | ENTRY signal=HOLD reason=trend_filter_not_passed meta={'regime': 'unknown'}
2026-08-19 05:18:08,472 | INFO | crypto_bot | TRADE pair=ROBO-USDT time=2026-08-19T05:18:08.408000+00:00 price=0.01275000 size=1557.20000000
2026-08-19 05:18:08,472 | INFO | crypto_bot | 1m CLOSED ts=2026-08-19T05:15:00+00:00 o=0.01283000 h=0.01283000 l=0.01278000 c=0.01278000 v=38250.00000000
2026-08-19 05:18:08,473 | INFO | crypto_bot | ENTRY signal=HOLD reason=trend_filter_not_passed meta={'regime': 'unknown'}
2026-08-19 05:20:03,702 | INFO | crypto_bot | TRADE pair=ROBO-USDT time=2026-08-19T05:20:03.649000+00:00 price=0.01275000 size=12493.40000000
2026-08-19 05:20:03,702 | INFO | crypto_bot | 1m CLOSED ts=2026-08-19T05:18:00+00:00 o=0.01275000 h=0.01275000 l=0.01275000 c=0.01275000 v=1557.20000000
2026-08-19 05:20:03,703 | INFO | crypto_bot | ENTRY signal=HOLD reason=trend_filter_not_passed meta={'regime': 'unknown'}
2026-08-19 05:20:03,703 | INFO | crypto_bot | 5m CLOSED ts=2026-08-19T05:15:00+00:00 o=0.01283000 h=0.01283000 l=0.01275000 c=0.01275000 v=39807.20000000
2026-08-19 05:20:03,704 | INFO | crypto_bot | TRADE pair=ROBO-USDT time=2026-08-19T05:20:03.649000+00:00 price=0.01275000 size=12493.40000000
2026-08-19 05:20:03,704 | INFO | crypto_bot | 1m CLOSED ts=2026-08-19T05:18:00+00:00 o=0.01275000 h=0.01275000 l=0.01275000 c=0.01275000 v=1557.20000000
2026-08-19 05:20:03,705 | INFO | crypto_bot | ENTRY signal=HOLD reason=trend_filter_not_passed meta={'regime': 'unknown'}
2026-08-19 05:20:03,705 | INFO | crypto_bot | 5m CLOSED ts=2026-08-19T05:15:00+00:00 o=0.01283000 h=0.01283000 l=0.01275000 c=0.01275000 v=39807.20000000
2026-08-19 05:20:32,240 | INFO | crypto_bot | TRADE pair=ROBO-USDT time=2026-08-19T05:20:32.186000+00:00 price=0.01276000 size=15422.40000000
2026-08-19 05:20:32,240 | INFO | crypto_bot | TRADE pair=ROBO-USDT time=2026-08-19T05:20:32.186000+00:00 price=0.01276000 size=15422.40000000
2026-08-19 05:20:32,240 | INFO | crypto_bot | TRADE pair=ROBO-USDT time=2026-08-19T05:20:32.186000+00:00 price=0.01277000 size=8082.20000000
2026-08-19 05:20:32,240 | INFO | crypto_bot | TRADE pair=ROBO-USDT time=2026-08-19T05:20:32.186000+00:00 price=0.01277000 size=8082.20000000
2026-08-19 05:20:41,151 | INFO | crypto_bot | TRADE pair=ROBO-USDT time=2026-08-19T05:20:41.097000+00:00 price=0.01275000 size=5742.70000000
2026-08-19 05:20:41,151 | INFO | crypto_bot | TRADE pair=ROBO-USDT time=2026-08-19T05:20:41.097000+00:00 price=0.01275000 size=2100.40000000
2026-08-19 05:20:41,151 | INFO | crypto_bot | TRADE pair=ROBO-USDT time=2026-08-19T05:20:41.097000+00:00 price=0.01275000 size=5742.70000000
2026-08-19 05:20:41,151 | INFO | crypto_bot | TRADE pair=ROBO-USDT time=2026-08-19T05:20:41.097000+00:00 price=0.01275000 size=2100.40000000
2026-08-19 05:21:03,571 | INFO | crypto_bot | TRADE pair=ROBO-USDT time=2026-08-19T05:21:03.517000+00:00 price=0.01274000 size=17514.50000000
2026-08-19 05:21:03,571 | INFO | crypto_bot | 1m CLOSED ts=2026-08-19T05:20:00+00:00 o=0.01275000 h=0.01277000 l=0.01275000 c=0.01275000 v=43841.10000000
2026-08-19 05:21:03,571 | INFO | crypto_bot | ENTRY signal=HOLD reason=trend_filter_not_passed meta={'regime': 'unknown'}
2026-08-19 05:21:03,573 | INFO | crypto_bot | TRADE pair=ROBO-USDT time=2026-08-19T05:21:03.517000+00:00 price=0.01274000 size=17514.50000000
2026-08-19 05:21:03,573 | INFO | crypto_bot | 1m CLOSED ts=2026-08-19T05:20:00+00:00 o=0.01275000 h=0.01277000 l=0.01275000 c=0.01275000 v=43841.10000000
2026-08-19 05:21:03,573 | INFO | crypto_bot | ENTRY signal=HOLD reason=trend_filter_not_passed meta={'regime': 'unknown'}
2026-08-19 05:22:38,573 | INFO | crypto_bot | TRADE pair=ROBO-USDT time=2026-08-19T05:22:38.519000+00:00 price=0.01276000 size=27633.00000000
2026-08-19 05:22:38,573 | INFO | crypto_bot | 1m CLOSED ts=2026-08-19T05:21:00+00:00 o=0.01274000 h=0.01274000 l=0.01274000 c=0.01274000 v=17514.50000000
2026-08-19 05:22:38,574 | INFO | crypto_bot | ENTRY signal=HOLD reason=trend_filter_not_passed meta={'regime': 'unknown'}
2026-08-19 05:22:38,574 | INFO | crypto_bot | TRADE pair=ROBO-USDT time=2026-08-19T05:22:38.519000+00:00 price=0.01277000 size=53370.90000000
2026-08-19 05:22:38,574 | INFO | crypto_bot | TRADE pair=ROBO-USDT time=2026-08-19T05:22:38.519000+00:00 price=0.01278000 size=14139.90000000
2026-08-19 05:22:38,575 | INFO | crypto_bot | TRADE pair=ROBO-USDT time=2026-08-19T05:22:38.519000+00:00 price=0.01279000 size=2846.10000000
2026-08-19 05:22:38,575 | INFO | crypto_bot | TRADE pair=ROBO-USDT time=2026-08-19T05:22:38.519000+00:00 price=0.01279000 size=12857.40000000
2026-08-19 05:22:38,575 | INFO | crypto_bot | TRADE pair=ROBO-USDT time=2026-08-19T05:22:38.519000+00:00 price=0.01280000 size=14139.90000000
2026-08-19 05:22:38,575 | INFO | crypto_bot | TRADE pair=ROBO-USDT time=2026-08-19T05:22:38.519000+00:00 price=0.01281000 size=6680.20000000
2026-08-19 05:22:38,575 | INFO | crypto_bot | TRADE pair=ROBO-USDT time=2026-08-19T05:22:38.519000+00:00 price=0.01281000 size=10292.40000000
2026-08-19 05:22:38,575 | INFO | crypto_bot | TRADE pair=ROBO-USDT time=2026-08-19T05:22:38.519000+00:00 price=0.01282000 size=14139.90000000
2026-08-19 05:22:38,576 | INFO | crypto_bot | TRADE pair=ROBO-USDT time=2026-08-19T05:22:38.520000+00:00 price=0.01283000 size=200000.00000000
2026-08-19 05:22:38,576 | INFO | crypto_bot | TRADE pair=ROBO-USDT time=2026-08-19T05:22:38.520000+00:00 price=0.01283000 size=111037.70000000
2026-08-19 05:22:38,576 | INFO | crypto_bot | TRADE pair=ROBO-USDT time=2026-08-19T05:22:38.521000+00:00 price=0.01283000 size=101168.90000000
2026-08-19 05:22:38,576 | INFO | crypto_bot | TRADE pair=ROBO-USDT time=2026-08-19T05:22:38.521000+00:00 price=0.01283000 size=2565.00000000
2026-08-19 05:22:38,577 | INFO | crypto_bot | TRADE pair=ROBO-USDT time=2026-08-19T05:22:38.521000+00:00 price=0.01283000 size=200000.00000000
2026-08-19 05:22:38,577 | INFO | crypto_bot | TRADE pair=ROBO-USDT time=2026-08-19T05:22:38.521000+00:00 price=0.01283000 size=48437.10000000
2026-08-19 05:22:38,577 | INFO | crypto_bot | TRADE pair=ROBO-USDT time=2026-08-19T05:22:38.522000+00:00 price=0.01284000 size=113.50000000
2026-08-19 05:22:38,577 | INFO | crypto_bot | TRADE pair=ROBO-USDT time=2026-08-19T05:22:38.524000+00:00 price=0.01283000 size=1282.50000000
2026-08-19 05:22:38,577 | INFO | crypto_bot | TRADE pair=ROBO-USDT time=2026-08-19T05:22:38.524000+00:00 price=0.01282000 size=3271.40000000
2026-08-19 05:22:38,578 | INFO | crypto_bot | TRADE pair=ROBO-USDT time=2026-08-19T05:22:38.525000+00:00 price=0.01283000 size=3964.10000000
2026-08-19 05:22:38,578 | INFO | crypto_bot | TRADE pair=ROBO-USDT time=2026-08-19T05:22:38.525000+00:00 price=0.01283000 size=3964.10000000
2026-08-19 05:22:38,578 | INFO | crypto_bot | TRADE pair=ROBO-USDT time=2026-08-19T05:22:38.525000+00:00 price=0.01283000 size=5684.40000000
2026-08-19 05:22:38,579 | INFO | crypto_bot | TRADE pair=ROBO-USDT time=2026-08-19T05:22:38.526000+00:00 price=0.01283000 size=5178.10000000
2026-08-19 05:22:38,579 | INFO | crypto_bot | TRADE pair=ROBO-USDT time=2026-08-19T05:22:38.526000+00:00 price=0.01282000 size=1658.60000000
2026-08-19 05:22:38,580 | INFO | crypto_bot | TRADE pair=ROBO-USDT time=2026-08-19T05:22:38.527000+00:00 price=0.01283000 size=13612.60000000
2026-08-19 05:22:38,580 | INFO | crypto_bot | TRADE pair=ROBO-USDT time=2026-08-19T05:22:38.527000+00:00 price=0.01282000 size=3812.30000000
2026-08-19 05:22:38,580 | INFO | crypto_bot | TRADE pair=ROBO-USDT time=2026-08-19T05:22:38.527000+00:00 price=0.01282000 size=7338.10000000
2026-08-19 05:22:38,580 | INFO | crypto_bot | TRADE pair=ROBO-USDT time=2026-08-19T05:22:38.527000+00:00 price=0.01281000 size=10086.80000000
2026-08-19 05:22:38,582 | INFO | crypto_bot | TRADE pair=ROBO-USDT time=2026-08-19T05:22:38.519000+00:00 price=0.01276000 size=27633.00000000
2026-08-19 05:22:38,582 | INFO | crypto_bot | 1m CLOSED ts=2026-08-19T05:21:00+00:00 o=0.01274000 h=0.01274000 l=0.01274000 c=0.01274000 v=17514.50000000
2026-08-19 05:22:38,582 | INFO | crypto_bot | ENTRY signal=HOLD reason=trend_filter_not_passed meta={'regime': 'unknown'}
2026-08-19 05:22:38,583 | INFO | crypto_bot | TRADE pair=ROBO-USDT time=2026-08-19T05:22:38.519000+00:00 price=0.01277000 size=53370.90000000
2026-08-19 05:22:38,583 | INFO | crypto_bot | TRADE pair=ROBO-USDT time=2026-08-19T05:22:38.519000+00:00 price=0.01278000 size=14139.90000000
2026-08-19 05:22:38,583 | INFO | crypto_bot | TRADE pair=ROBO-USDT time=2026-08-19T05:22:38.519000+00:00 price=0.01279000 size=2846.10000000
2026-08-19 05:22:38,583 | INFO | crypto_bot | TRADE pair=ROBO-USDT time=2026-08-19T05:22:38.519000+00:00 price=0.01279000 size=12857.40000000
2026-08-19 05:22:38,584 | INFO | crypto_bot | TRADE pair=ROBO-USDT time=2026-08-19T05:22:38.519000+00:00 price=0.01280000 size=14139.90000000
2026-08-19 05:22:38,584 | INFO | crypto_bot | TRADE pair=ROBO-USDT time=2026-08-19T05:22:38.519000+00:00 price=0.01281000 size=6680.20000000
2026-08-19 05:22:38,584 | INFO | crypto_bot | TRADE pair=ROBO-USDT time=2026-08-19T05:22:38.519000+00:00 price=0.01281000 size=10292.40000000
2026-08-19 05:22:38,584 | INFO | crypto_bot | TRADE pair=ROBO-USDT time=2026-08-19T05:22:38.519000+00:00 price=0.01282000 size=14139.90000000
2026-08-19 05:22:38,584 | INFO | crypto_bot | TRADE pair=ROBO-USDT time=2026-08-19T05:22:38.520000+00:00 price=0.01283000 size=200000.00000000
2026-08-19 05:22:38,584 | INFO | crypto_bot | TRADE pair=ROBO-USDT time=2026-08-19T05:22:38.520000+00:00 price=0.01283000 size=111037.70000000
2026-08-19 05:22:38,584 | INFO | crypto_bot | TRADE pair=ROBO-USDT time=2026-08-19T05:22:38.521000+00:00 price=0.01283000 size=101168.90000000
2026-08-19 05:22:38,584 | INFO | crypto_bot | TRADE pair=ROBO-USDT time=2026-08-19T05:22:38.521000+00:00 price=0.01283000 size=2565.00000000
2026-08-19 05:22:38,585 | INFO | crypto_bot | TRADE pair=ROBO-USDT time=2026-08-19T05:22:38.521000+00:00 price=0.01283000 size=200000.00000000
2026-08-19 05:22:38,585 | INFO | crypto_bot | TRADE pair=ROBO-USDT time=2026-08-19T05:22:38.521000+00:00 price=0.01283000 size=48437.10000000
2026-08-19 05:22:38,585 | INFO | crypto_bot | TRADE pair=ROBO-USDT time=2026-08-19T05:22:38.522000+00:00 price=0.01284000 size=113.50000000
2026-08-19 05:22:38,585 | INFO | crypto_bot | TRADE pair=ROBO-USDT time=2026-08-19T05:22:38.524000+00:00 price=0.01283000 size=1282.50000000
2026-08-19 05:22:38,585 | INFO | crypto_bot | TRADE pair=ROBO-USDT time=2026-08-19T05:22:38.531000+00:00 price=0.01283000 size=3879.20000000
2026-08-19 05:22:38,586 | INFO | crypto_bot | TRADE pair=ROBO-USDT time=2026-08-19T05:22:38.524000+00:00 price=0.01282000 size=3271.40000000
2026-08-19 05:22:38,586 | INFO | crypto_bot | TRADE pair=ROBO-USDT time=2026-08-19T05:22:38.525000+00:00 price=0.01283000 size=3964.10000000
2026-08-19 05:22:38,586 | INFO | crypto_bot | TRADE pair=ROBO-USDT time=2026-08-19T05:22:38.525000+00:00 price=0.01283000 size=3964.10000000
2026-08-19 05:22:38,586 | INFO | crypto_bot | TRADE pair=ROBO-USDT time=2026-08-19T05:22:38.525000+00:00 price=0.01283000 size=5684.40000000
2026-08-19 05:22:38,586 | INFO | crypto_bot | TRADE pair=ROBO-USDT time=2026-08-19T05:22:38.526000+00:00 price=0.01283000 size=5178.10000000
2026-08-19 05:22:38,586 | INFO | crypto_bot | TRADE pair=ROBO-USDT time=2026-08-19T05:22:38.526000+00:00 price=0.01282000 size=1658.60000000
2026-08-19 05:22:38,587 | INFO | crypto_bot | TRADE pair=ROBO-USDT time=2026-08-19T05:22:38.527000+00:00 price=0.01283000 size=13612.60000000
2026-08-19 05:22:38,587 | INFO | crypto_bot | TRADE pair=ROBO-USDT time=2026-08-19T05:22:38.527000+00:00 price=0.01282000 size=3812.30000000
2026-08-19 05:22:38,587 | INFO | crypto_bot | TRADE pair=ROBO-USDT time=2026-08-19T05:22:38.527000+00:00 price=0.01282000 size=7338.10000000
2026-08-19 05:22:38,587 | INFO | crypto_bot | TRADE pair=ROBO-USDT time=2026-08-19T05:22:38.527000+00:00 price=0.01281000 size=10086.80000000
2026-08-19 05:22:38,587 | INFO | crypto_bot | TRADE pair=ROBO-USDT time=2026-08-19T05:22:38.531000+00:00 price=0.01283000 size=3879.20000000
2026-08-19 05:22:38,597 | INFO | crypto_bot | TRADE pair=ROBO-USDT time=2026-08-19T05:22:38.544000+00:00 price=0.01283000 size=1282.50000000
2026-08-19 05:22:38,597 | INFO | crypto_bot | TRADE pair=ROBO-USDT time=2026-08-19T05:22:38.544000+00:00 price=0.01282000 size=902.60000000
2026-08-19 05:22:38,598 | INFO | crypto_bot | TRADE pair=ROBO-USDT time=2026-08-19T05:22:38.544000+00:00 price=0.01283000 size=1282.50000000
2026-08-19 05:22:38,598 | INFO | crypto_bot | TRADE pair=ROBO-USDT time=2026-08-19T05:22:38.544000+00:00 price=0.01282000 size=902.60000000
2026-08-19 05:22:38,791 | INFO | crypto_bot | TRADE pair=ROBO-USDT time=2026-08-19T05:22:38.738000+00:00 price=0.01286000 size=17325.20000000
2026-08-19 05:22:38,792 | INFO | crypto_bot | TRADE pair=ROBO-USDT time=2026-08-19T05:22:38.738000+00:00 price=0.01286000 size=17325.20000000
2026-08-19 05:22:38,799 | INFO | crypto_bot | TRADE pair=ROBO-USDT time=2026-08-19T05:22:38.746000+00:00 price=0.01286000 size=14139.90000000
2026-08-19 05:22:38,799 | INFO | crypto_bot | TRADE pair=ROBO-USDT time=2026-08-19T05:22:38.746000+00:00 price=0.01286000 size=14139.90000000
2026-08-19 05:22:38,801 | INFO | crypto_bot | TRADE pair=ROBO-USDT time=2026-08-19T05:22:38.748000+00:00 price=0.01286000 size=14139.90000000
2026-08-19 05:22:38,802 | INFO | crypto_bot | TRADE pair=ROBO-USDT time=2026-08-19T05:22:38.748000+00:00 price=0.01286000 size=14139.90000000
2026-08-19 05:22:38,903 | INFO | crypto_bot | TRADE pair=ROBO-USDT time=2026-08-19T05:22:38.850000+00:00 price=0.01286000 size=14139.90000000
2026-08-19 05:22:38,903 | INFO | crypto_bot | TRADE pair=ROBO-USDT time=2026-08-19T05:22:38.850000+00:00 price=0.01286000 size=14139.90000000
2026-08-19 05:22:38,904 | INFO | crypto_bot | TRADE pair=ROBO-USDT time=2026-08-19T05:22:38.851000+00:00 price=0.01286000 size=14139.90000000
2026-08-19 05:22:38,905 | INFO | crypto_bot | TRADE pair=ROBO-USDT time=2026-08-19T05:22:38.851000+00:00 price=0.01286000 size=14139.90000000
2026-08-19 05:22:38,986 | INFO | crypto_bot | TRADE pair=ROBO-USDT time=2026-08-19T05:22:38.933000+00:00 price=0.01286000 size=14139.90000000
2026-08-19 05:22:38,987 | INFO | crypto_bot | TRADE pair=ROBO-USDT time=2026-08-19T05:22:38.933000+00:00 price=0.01286000 size=14139.90000000
2026-08-19 05:22:38,987 | INFO | crypto_bot | TRADE pair=ROBO-USDT time=2026-08-19T05:22:38.935000+00:00 price=0.01286000 size=14139.90000000
2026-08-19 05:22:38,988 | INFO | crypto_bot | TRADE pair=ROBO-USDT time=2026-08-19T05:22:38.935000+00:00 price=0.01286000 size=14139.90000000
2026-08-19 05:22:38,989 | INFO | crypto_bot | TRADE pair=ROBO-USDT time=2026-08-19T05:22:38.936000+00:00 price=0.01286000 size=14139.90000000
2026-08-19 05:22:38,990 | INFO | crypto_bot | TRADE pair=ROBO-USDT time=2026-08-19T05:22:38.936000+00:00 price=0.01286000 size=14139.90000000
2026-08-19 05:22:38,991 | INFO | crypto_bot | TRADE pair=ROBO-USDT time=2026-08-19T05:22:38.939000+00:00 price=0.01286000 size=14139.90000000
2026-08-19 05:22:38,992 | INFO | crypto_bot | TRADE pair=ROBO-USDT time=2026-08-19T05:22:38.939000+00:00 price=0.01286000 size=14139.90000000
2026-08-19 05:22:39,283 | INFO | crypto_bot | TRADE pair=ROBO-USDT time=2026-08-19T05:22:39.230000+00:00 price=0.01285000 size=2185.10000000
2026-08-19 05:22:39,283 | INFO | crypto_bot | TRADE pair=ROBO-USDT time=2026-08-19T05:22:39.230000+00:00 price=0.01285000 size=2185.10000000
2026-08-19 05:22:39,580 | INFO | crypto_bot | TRADE pair=ROBO-USDT time=2026-08-19T05:22:39.527000+00:00 price=0.01284000 size=14139.90000000
2026-08-19 05:22:39,581 | INFO | crypto_bot | TRADE pair=ROBO-USDT time=2026-08-19T05:22:39.527000+00:00 price=0.01284000 size=14139.90000000
2026-08-19 05:22:39,583 | INFO | crypto_bot | TRADE pair=ROBO-USDT time=2026-08-19T05:22:39.530000+00:00 price=0.01284000 size=14139.90000000
2026-08-19 05:22:39,584 | INFO | crypto_bot | TRADE pair=ROBO-USDT time=2026-08-19T05:22:39.530000+00:00 price=0.01284000 size=14139.90000000
2026-08-19 05:22:39,585 | INFO | crypto_bot | TRADE pair=ROBO-USDT time=2026-08-19T05:22:39.532000+00:00 price=0.01284000 size=14139.90000000
2026-08-19 05:22:39,586 | INFO | crypto_bot | TRADE pair=ROBO-USDT time=2026-08-19T05:22:39.532000+00:00 price=0.01284000 size=14139.90000000
2026-08-19 05:22:39,588 | INFO | crypto_bot | TRADE pair=ROBO-USDT time=2026-08-19T05:22:39.534000+00:00 price=0.01284000 size=14139.90000000
2026-08-19 05:22:39,589 | INFO | crypto_bot | TRADE pair=ROBO-USDT time=2026-08-19T05:22:39.536000+00:00 price=0.01284000 size=14139.90000000
2026-08-19 05:22:39,600 | INFO | crypto_bot | TRADE pair=ROBO-USDT time=2026-08-19T05:22:39.534000+00:00 price=0.01284000 size=14139.90000000
2026-08-19 05:22:39,600 | INFO | crypto_bot | TRADE pair=ROBO-USDT time=2026-08-19T05:22:39.536000+00:00 price=0.01284000 size=14139.90000000
2026-08-19 05:22:39,692 | INFO | crypto_bot | TRADE pair=ROBO-USDT time=2026-08-19T05:22:39.638000+00:00 price=0.01284000 size=14139.90000000
2026-08-19 05:22:39,692 | INFO | crypto_bot | TRADE pair=ROBO-USDT time=2026-08-19T05:22:39.638000+00:00 price=0.01284000 size=14139.90000000
2026-08-19 05:22:39,693 | INFO | crypto_bot | TRADE pair=ROBO-USDT time=2026-08-19T05:22:39.640000+00:00 price=0.01284000 size=14139.90000000
2026-08-19 05:22:39,693 | INFO | crypto_bot | TRADE pair=ROBO-USDT time=2026-08-19T05:22:39.640000+00:00 price=0.01284000 size=14139.90000000
2026-08-19 05:22:39,694 | INFO | crypto_bot | TRADE pair=ROBO-USDT time=2026-08-19T05:22:39.642000+00:00 price=0.01284000 size=14139.90000000
2026-08-19 05:22:39,695 | INFO | crypto_bot | TRADE pair=ROBO-USDT time=2026-08-19T05:22:39.642000+00:00 price=0.01284000 size=14139.90000000
2026-08-19 05:22:39,697 | INFO | crypto_bot | TRADE pair=ROBO-USDT time=2026-08-19T05:22:39.643000+00:00 price=0.01284000 size=14139.90000000
2026-08-19 05:22:39,697 | INFO | crypto_bot | TRADE pair=ROBO-USDT time=2026-08-19T05:22:39.643000+00:00 price=0.01284000 size=14139.90000000
2026-08-19 05:22:39,697 | INFO | crypto_bot | TRADE pair=ROBO-USDT time=2026-08-19T05:22:39.645000+00:00 price=0.01284000 size=14139.90000000
2026-08-19 05:22:39,698 | INFO | crypto_bot | TRADE pair=ROBO-USDT time=2026-08-19T05:22:39.645000+00:00 price=0.01284000 size=14139.90000000
2026-08-19 05:22:39,802 | INFO | crypto_bot | TRADE pair=ROBO-USDT time=2026-08-19T05:22:39.749000+00:00 price=0.01284000 size=14139.90000000
2026-08-19 05:22:39,802 | INFO | crypto_bot | TRADE pair=ROBO-USDT time=2026-08-19T05:22:39.749000+00:00 price=0.01284000 size=14139.90000000
2026-08-19 05:22:39,803 | INFO | crypto_bot | TRADE pair=ROBO-USDT time=2026-08-19T05:22:39.750000+00:00 price=0.01284000 size=14139.90000000
2026-08-19 05:22:39,803 | INFO | crypto_bot | TRADE pair=ROBO-USDT time=2026-08-19T05:22:39.750000+00:00 price=0.01284000 size=14139.90000000
2026-08-19 05:22:39,805 | INFO | crypto_bot | TRADE pair=ROBO-USDT time=2026-08-19T05:22:39.752000+00:00 price=0.01284000 size=14139.90000000
2026-08-19 05:22:39,805 | INFO | crypto_bot | TRADE pair=ROBO-USDT time=2026-08-19T05:22:39.752000+00:00 price=0.01284000 size=14139.90000000
2026-08-19 05:22:39,806 | INFO | crypto_bot | TRADE pair=ROBO-USDT time=2026-08-19T05:22:39.754000+00:00 price=0.01284000 size=14139.90000000
2026-08-19 05:22:39,807 | INFO | crypto_bot | TRADE pair=ROBO-USDT time=2026-08-19T05:22:39.754000+00:00 price=0.01284000 size=14139.90000000
2026-08-19 05:22:39,808 | INFO | crypto_bot | TRADE pair=ROBO-USDT time=2026-08-19T05:22:39.755000+00:00 price=0.01284000 size=14139.90000000
2026-08-19 05:22:39,809 | INFO | crypto_bot | TRADE pair=ROBO-USDT time=2026-08-19T05:22:39.755000+00:00 price=0.01284000 size=14139.90000000
2026-08-19 05:22:39,810 | INFO | crypto_bot | TRADE pair=ROBO-USDT time=2026-08-19T05:22:39.758000+00:00 price=0.01284000 size=14139.90000000
2026-08-19 05:22:39,811 | INFO | crypto_bot | TRADE pair=ROBO-USDT time=2026-08-19T05:22:39.758000+00:00 price=0.01284000 size=14139.90000000
2026-08-19 05:22:45,089 | INFO | crypto_bot | TRADE pair=ROBO-USDT time=2026-08-19T05:22:45.036000+00:00 price=0.01286000 size=1455.00000000
2026-08-19 05:22:45,090 | INFO | crypto_bot | TRADE pair=ROBO-USDT time=2026-08-19T05:22:45.036000+00:00 price=0.01286000 size=1455.00000000
2026-08-19 05:22:49,153 | INFO | crypto_bot | TRADE pair=ROBO-USDT time=2026-08-19T05:22:49.100000+00:00 price=0.01285000 size=14139.90000000
2026-08-19 05:22:49,154 | INFO | crypto_bot | TRADE pair=ROBO-USDT time=2026-08-19T05:22:49.100000+00:00 price=0.01285000 size=14139.90000000
2026-08-19 05:23:06,123 | INFO | crypto_bot | TRADE pair=ROBO-USDT time=2026-08-19T05:23:06.070000+00:00 price=0.01284000 size=34014.60000000
2026-08-19 05:23:06,123 | INFO | crypto_bot | 1m CLOSED ts=2026-08-19T05:22:00+00:00 o=0.01276000 h=0.01286000 l=0.01276000 c=0.01285000 v=1259802.00000000
2026-08-19 05:23:06,124 | INFO | crypto_bot | ENTRY signal=HOLD reason=trend_filter_not_passed meta={'regime': 'unknown'}
2026-08-19 05:23:06,125 | INFO | crypto_bot | TRADE pair=ROBO-USDT time=2026-08-19T05:23:06.070000+00:00 price=0.01284000 size=34014.60000000
2026-08-19 05:23:06,125 | INFO | crypto_bot | 1m CLOSED ts=2026-08-19T05:22:00+00:00 o=0.01276000 h=0.01286000 l=0.01276000 c=0.01285000 v=1259802.00000000
2026-08-19 05:23:06,125 | INFO | crypto_bot | ENTRY signal=HOLD reason=trend_filter_not_passed meta={'regime': 'unknown'}
2026-08-19 05:24:32,071 | INFO | crypto_bot | TRADE pair=ROBO-USDT time=2026-08-19T05:24:32.018000+00:00 price=0.01286000 size=10223.50000000
2026-08-19 05:24:32,071 | INFO | crypto_bot | 1m CLOSED ts=2026-08-19T05:23:00+00:00 o=0.01284000 h=0.01284000 l=0.01284000 c=0.01284000 v=34014.60000000
2026-08-19 05:24:32,072 | INFO | crypto_bot | ENTRY signal=HOLD reason=trend_filter_not_passed meta={'regime': 'unknown'}
2026-08-19 05:24:32,072 | INFO | crypto_bot | TRADE pair=ROBO-USDT time=2026-08-19T05:24:32.018000+00:00 price=0.01286000 size=10223.50000000
2026-08-19 05:24:32,073 | INFO | crypto_bot | 1m CLOSED ts=2026-08-19T05:23:00+00:00 o=0.01284000 h=0.01284000 l=0.01284000 c=0.01284000 v=34014.60000000
2026-08-19 05:24:32,073 | INFO | crypto_bot | ENTRY signal=HOLD reason=trend_filter_not_passed meta={'regime': 'unknown'}
2026-08-19 05:24:32,807 | INFO | crypto_bot | TRADE pair=ROBO-USDT time=2026-08-19T05:24:32.754000+00:00 price=0.01283000 size=1321.90000000
2026-08-19 05:24:32,807 | INFO | crypto_bot | TRADE pair=ROBO-USDT time=2026-08-19T05:24:32.754000+00:00 price=0.01283000 size=1321.90000000
2026-08-19 05:24:32,809 | INFO | crypto_bot | TRADE pair=ROBO-USDT time=2026-08-19T05:24:32.757000+00:00 price=0.01284000 size=14139.90000000
2026-08-19 05:24:32,810 | INFO | crypto_bot | TRADE pair=ROBO-USDT time=2026-08-19T05:24:32.757000+00:00 price=0.01285000 size=14139.90000000
2026-08-19 05:24:32,810 | INFO | crypto_bot | TRADE pair=ROBO-USDT time=2026-08-19T05:24:32.757000+00:00 price=0.01284000 size=14139.90000000
2026-08-19 05:24:32,810 | INFO | crypto_bot | TRADE pair=ROBO-USDT time=2026-08-19T05:24:32.757000+00:00 price=0.01285000 size=14139.90000000
2026-08-19 05:26:44,075 | INFO | crypto_bot | TRADE pair=ROBO-USDT time=2026-08-19T05:26:44.022000+00:00 price=0.01288000 size=17697.20000000
2026-08-19 05:26:44,075 | INFO | crypto_bot | 1m CLOSED ts=2026-08-19T05:24:00+00:00 o=0.01286000 h=0.01286000 l=0.01283000 c=0.01285000 v=39825.20000000
2026-08-19 05:26:44,075 | INFO | crypto_bot | TRADE pair=ROBO-USDT time=2026-08-19T05:26:44.022000+00:00 price=0.01288000 size=17697.20000000
2026-08-19 05:26:44,075 | INFO | crypto_bot | ENTRY signal=HOLD reason=trend_filter_not_passed meta={'regime': 'unknown'}
2026-08-19 05:26:44,075 | INFO | crypto_bot | 1m CLOSED ts=2026-08-19T05:24:00+00:00 o=0.01286000 h=0.01286000 l=0.01283000 c=0.01285000 v=39825.20000000
2026-08-19 05:26:44,076 | INFO | crypto_bot | ENTRY signal=HOLD reason=trend_filter_not_passed meta={'regime': 'unknown'}
2026-08-19 05:26:44,076 | INFO | crypto_bot | 5m CLOSED ts=2026-08-19T05:20:00+00:00 o=0.01275000 h=0.01286000 l=0.01274000 c=0.01285000 v=1394997.40000000
2026-08-19 05:26:44,076 | INFO | crypto_bot | 5m CLOSED ts=2026-08-19T05:20:00+00:00 o=0.01275000 h=0.01286000 l=0.01274000 c=0.01285000 v=1394997.40000000
2026-08-19 05:27:25,780 | INFO | crypto_bot | TRADE pair=ROBO-USDT time=2026-08-19T05:27:25.726000+00:00 price=0.01288000 size=14139.90000000
2026-08-19 05:27:25,780 | INFO | crypto_bot | TRADE pair=ROBO-USDT time=2026-08-19T05:27:25.726000+00:00 price=0.01288000 size=14139.90000000
2026-08-19 05:27:25,780 | INFO | crypto_bot | 1m CLOSED ts=2026-08-19T05:26:00+00:00 o=0.01288000 h=0.01288000 l=0.01288000 c=0.01288000 v=17697.20000000
2026-08-19 05:27:25,780 | INFO | crypto_bot | 1m CLOSED ts=2026-08-19T05:26:00+00:00 o=0.01288000 h=0.01288000 l=0.01288000 c=0.01288000 v=17697.20000000
2026-08-19 05:27:25,780 | INFO | crypto_bot | ENTRY signal=HOLD reason=trend_filter_not_passed meta={'regime': 'unknown'}
2026-08-19 05:27:25,780 | INFO | crypto_bot | ENTRY signal=HOLD reason=trend_filter_not_passed meta={'regime': 'unknown'}
2026-08-19 05:27:34,096 | INFO | crypto_bot | TRADE pair=ROBO-USDT time=2026-08-19T05:27:34.043000+00:00 price=0.01289000 size=130.60000000
2026-08-19 05:27:34,096 | INFO | crypto_bot | TRADE pair=ROBO-USDT time=2026-08-19T05:27:34.043000+00:00 price=0.01289000 size=130.60000000
2026-08-19 05:27:34,096 | INFO | crypto_bot | TRADE pair=ROBO-USDT time=2026-08-19T05:27:34.044000+00:00 price=0.01290000 size=255.50000000
2026-08-19 05:27:34,097 | INFO | crypto_bot | TRADE pair=ROBO-USDT time=2026-08-19T05:27:34.044000+00:00 price=0.01290000 size=255.50000000
2026-08-19 05:27:35,240 | INFO | crypto_bot | TRADE pair=ROBO-USDT time=2026-08-19T05:27:35.187000+00:00 price=0.01291000 size=879.80000000
2026-08-19 05:27:35,241 | INFO | crypto_bot | TRADE pair=ROBO-USDT time=2026-08-19T05:27:35.187000+00:00 price=0.01291000 size=879.80000000
2026-08-19 05:27:38,642 | INFO | crypto_bot | TRADE pair=ROBO-USDT time=2026-08-19T05:27:38.589000+00:00 price=0.01292000 size=14139.90000000
2026-08-19 05:27:38,642 | INFO | crypto_bot | TRADE pair=ROBO-USDT time=2026-08-19T05:27:38.589000+00:00 price=0.01293000 size=10711.30000000
2026-08-19 05:27:38,643 | INFO | crypto_bot | TRADE pair=ROBO-USDT time=2026-08-19T05:27:38.589000+00:00 price=0.01292000 size=14139.90000000
2026-08-19 05:27:38,643 | INFO | crypto_bot | TRADE pair=ROBO-USDT time=2026-08-19T05:27:38.589000+00:00 price=0.01293000 size=10711.30000000
2026-08-19 05:27:38,650 | INFO | crypto_bot | TRADE pair=ROBO-USDT time=2026-08-19T05:27:38.597000+00:00 price=0.01292000 size=14139.90000000
2026-08-19 05:27:38,650 | INFO | crypto_bot | TRADE pair=ROBO-USDT time=2026-08-19T05:27:38.597000+00:00 price=0.01293000 size=14139.90000000
2026-08-19 05:27:38,650 | INFO | crypto_bot | TRADE pair=ROBO-USDT time=2026-08-19T05:27:38.597000+00:00 price=0.01292000 size=14139.90000000
2026-08-19 05:27:38,650 | INFO | crypto_bot | TRADE pair=ROBO-USDT time=2026-08-19T05:27:38.597000+00:00 price=0.01293000 size=14139.90000000
2026-08-19 05:28:54,439 | INFO | crypto_bot | TRADE pair=ROBO-USDT time=2026-08-19T05:28:54.386000+00:00 price=0.01291000 size=5622.70000000
2026-08-19 05:28:54,439 | INFO | crypto_bot | 1m CLOSED ts=2026-08-19T05:27:00+00:00 o=0.01288000 h=0.01293000 l=0.01288000 c=0.01293000 v=68536.80000000
2026-08-19 05:28:54,439 | INFO | crypto_bot | ENTRY signal=HOLD reason=trend_filter_not_passed meta={'regime': 'unknown'}
2026-08-19 05:28:54,442 | INFO | crypto_bot | TRADE pair=ROBO-USDT time=2026-08-19T05:28:54.386000+00:00 price=0.01291000 size=5622.70000000
2026-08-19 05:28:54,442 | INFO | crypto_bot | 1m CLOSED ts=2026-08-19T05:27:00+00:00 o=0.01288000 h=0.01293000 l=0.01288000 c=0.01293000 v=68536.80000000
2026-08-19 05:28:54,442 | INFO | crypto_bot | ENTRY signal=HOLD reason=trend_filter_not_passed meta={'regime': 'unknown'}
2026-08-19 05:30:42,123 | INFO | crypto_bot | TRADE pair=ROBO-USDT time=2026-08-19T05:30:42.069000+00:00 price=0.01291000 size=774.50000000
2026-08-19 05:30:42,123 | INFO | crypto_bot | 1m CLOSED ts=2026-08-19T05:28:00+00:00 o=0.01291000 h=0.01291000 l=0.01291000 c=0.01291000 v=5622.70000000
2026-08-19 05:30:42,123 | INFO | crypto_bot | ENTRY signal=HOLD reason=trend_filter_not_passed meta={'regime': 'unknown'}
2026-08-19 05:30:42,123 | INFO | crypto_bot | 5m CLOSED ts=2026-08-19T05:25:00+00:00 o=0.01288000 h=0.01293000 l=0.01288000 c=0.01291000 v=91856.70000000
2026-08-19 05:30:42,125 | INFO | crypto_bot | TRADE pair=ROBO-USDT time=2026-08-19T05:30:42.069000+00:00 price=0.01291000 size=774.50000000
2026-08-19 05:30:42,125 | INFO | crypto_bot | 1m CLOSED ts=2026-08-19T05:28:00+00:00 o=0.01291000 h=0.01291000 l=0.01291000 c=0.01291000 v=5622.70000000
2026-08-19 05:30:42,125 | INFO | crypto_bot | ENTRY signal=HOLD reason=trend_filter_not_passed meta={'regime': 'unknown'}
2026-08-19 05:30:42,125 | INFO | crypto_bot | 5m CLOSED ts=2026-08-19T05:25:00+00:00 o=0.01288000 h=0.01293000 l=0.01288000 c=0.01291000 v=91856.70000000
2026-08-19 05:30:42,784 | INFO | crypto_bot | TRADE pair=ROBO-USDT time=2026-08-19T05:30:42.731000+00:00 price=0.01291000 size=1654.50000000
2026-08-19 05:30:42,784 | INFO | crypto_bot | TRADE pair=ROBO-USDT time=2026-08-19T05:30:42.731000+00:00 price=0.01291000 size=1654.50000000
2026-08-19 05:30:49,919 | INFO | crypto_bot | TRADE pair=ROBO-USDT time=2026-08-19T05:30:49.865000+00:00 price=0.01290000 size=6581.70000000
2026-08-19 05:30:49,920 | INFO | crypto_bot | TRADE pair=ROBO-USDT time=2026-08-19T05:30:49.865000+00:00 price=0.01290000 size=6581.70000000
2026-08-19 05:32:23,905 | INFO | crypto_bot | TRADE pair=ROBO-USDT time=2026-08-19T05:32:23.852000+00:00 price=0.01288000 size=18483.80000000
2026-08-19 05:32:23,905 | INFO | crypto_bot | 1m CLOSED ts=2026-08-19T05:30:00+00:00 o=0.01291000 h=0.01291000 l=0.01290000 c=0.01290000 v=9010.70000000
2026-08-19 05:32:23,905 | INFO | crypto_bot | ENTRY signal=HOLD reason=trend_filter_not_passed meta={'regime': 'unknown'}
2026-08-19 05:32:23,906 | INFO | crypto_bot | TRADE pair=ROBO-USDT time=2026-08-19T05:32:23.852000+00:00 price=0.01288000 size=18483.80000000
2026-08-19 05:32:23,906 | INFO | crypto_bot | 1m CLOSED ts=2026-08-19T05:30:00+00:00 o=0.01291000 h=0.01291000 l=0.01290000 c=0.01290000 v=9010.70000000
2026-08-19 05:32:23,906 | INFO | crypto_bot | ENTRY signal=HOLD reason=trend_filter_not_passed meta={'regime': 'unknown'}
2026-08-19 05:32:23,912 | INFO | crypto_bot | TRADE pair=ROBO-USDT time=2026-08-19T05:32:23.859000+00:00 price=0.01288000 size=14139.90000000
2026-08-19 05:32:23,913 | INFO | crypto_bot | TRADE pair=ROBO-USDT time=2026-08-19T05:32:23.859000+00:00 price=0.01288000 size=14139.90000000
2026-08-19 05:32:32,730 | INFO | crypto_bot | TRADE pair=ROBO-USDT time=2026-08-19T05:32:32.676000+00:00 price=0.01289000 size=4355.50000000
2026-08-19 05:32:32,730 | INFO | crypto_bot | TRADE pair=ROBO-USDT time=2026-08-19T05:32:32.676000+00:00 price=0.01289000 size=4355.50000000
2026-08-19 05:37:38,683 | INFO | crypto_bot | TRADE pair=ROBO-USDT time=2026-08-19T05:37:38.630000+00:00 price=0.01287000 size=382.80000000
2026-08-19 05:37:38,683 | INFO | crypto_bot | 1m CLOSED ts=2026-08-19T05:32:00+00:00 o=0.01288000 h=0.01289000 l=0.01288000 c=0.01289000 v=36979.20000000
2026-08-19 05:37:38,683 | INFO | crypto_bot | ENTRY signal=HOLD reason=trend_filter_not_passed meta={'regime': 'unknown'}
2026-08-19 05:37:38,684 | INFO | crypto_bot | 5m CLOSED ts=2026-08-19T05:30:00+00:00 o=0.01291000 h=0.01291000 l=0.01288000 c=0.01289000 v=45989.90000000
2026-08-19 05:37:38,684 | INFO | crypto_bot | TRADE pair=ROBO-USDT time=2026-08-19T05:37:38.630000+00:00 price=0.01287000 size=382.80000000
2026-08-19 05:37:38,684 | INFO | crypto_bot | 1m CLOSED ts=2026-08-19T05:32:00+00:00 o=0.01288000 h=0.01289000 l=0.01288000 c=0.01289000 v=36979.20000000
2026-08-19 05:37:38,684 | INFO | crypto_bot | ENTRY signal=HOLD reason=trend_filter_not_passed meta={'regime': 'unknown'}
2026-08-19 05:37:38,685 | INFO | crypto_bot | 5m CLOSED ts=2026-08-19T05:30:00+00:00 o=0.01291000 h=0.01291000 l=0.01288000 c=0.01289000 v=45989.90000000
2026-08-19 05:38:36,568 | INFO | crypto_bot | TRADE pair=ROBO-USDT time=2026-08-19T05:38:36.515000+00:00 price=0.01287000 size=1795.90000000
2026-08-19 05:38:36,568 | INFO | crypto_bot | 1m CLOSED ts=2026-08-19T05:37:00+00:00 o=0.01287000 h=0.01287000 l=0.01287000 c=0.01287000 v=382.80000000
2026-08-19 05:38:36,568 | INFO | crypto_bot | ENTRY signal=HOLD reason=trend_filter_not_passed meta={'regime': 'unknown'}
2026-08-19 05:38:36,568 | INFO | crypto_bot | TRADE pair=ROBO-USDT time=2026-08-19T05:38:36.515000+00:00 price=0.01287000 size=1795.90000000
2026-08-19 05:38:36,569 | INFO | crypto_bot | 1m CLOSED ts=2026-08-19T05:37:00+00:00 o=0.01287000 h=0.01287000 l=0.01287000 c=0.01287000 v=382.80000000
2026-08-19 05:38:36,569 | INFO | crypto_bot | ENTRY signal=HOLD reason=trend_filter_not_passed meta={'regime': 'unknown'}
2026-08-19 05:41:41,551 | INFO | crypto_bot | TRADE pair=ROBO-USDT time=2026-08-19T05:41:41.498000+00:00 price=0.01287000 size=14139.90000000
2026-08-19 05:41:41,552 | INFO | crypto_bot | 1m CLOSED ts=2026-08-19T05:38:00+00:00 o=0.01287000 h=0.01287000 l=0.01287000 c=0.01287000 v=1795.90000000
2026-08-19 05:41:41,552 | INFO | crypto_bot | ENTRY signal=HOLD reason=trend_filter_not_passed meta={'regime': 'unknown'}
2026-08-19 05:41:41,552 | INFO | crypto_bot | 5m CLOSED ts=2026-08-19T05:35:00+00:00 o=0.01287000 h=0.01287000 l=0.01287000 c=0.01287000 v=2178.70000000
2026-08-19 05:41:41,553 | INFO | crypto_bot | TRADE pair=ROBO-USDT time=2026-08-19T05:41:41.498000+00:00 price=0.01287000 size=14139.90000000
2026-08-19 05:41:41,553 | INFO | crypto_bot | 1m CLOSED ts=2026-08-19T05:38:00+00:00 o=0.01287000 h=0.01287000 l=0.01287000 c=0.01287000 v=1795.90000000
2026-08-19 05:41:41,553 | INFO | crypto_bot | ENTRY signal=HOLD reason=trend_filter_not_passed meta={'regime': 'unknown'}
2026-08-19 05:41:41,553 | INFO | crypto_bot | 5m CLOSED ts=2026-08-19T05:35:00+00:00 o=0.01287000 h=0.01287000 l=0.01287000 c=0.01287000 v=2178.70000000
2026-08-19 05:41:41,554 | INFO | crypto_bot | TRADE pair=ROBO-USDT time=2026-08-19T05:41:41.501000+00:00 price=0.01289000 size=38880.20000000
2026-08-19 05:41:41,562 | INFO | crypto_bot | TRADE pair=ROBO-USDT time=2026-08-19T05:41:41.501000+00:00 price=0.01289000 size=38880.20000000
2026-08-19 05:41:44,823 | INFO | crypto_bot | TRADE pair=ROBO-USDT time=2026-08-19T05:41:44.770000+00:00 price=0.01291000 size=38789.70000000
2026-08-19 05:41:44,824 | INFO | crypto_bot | TRADE pair=ROBO-USDT time=2026-08-19T05:41:44.770000+00:00 price=0.01291000 size=38789.70000000
2026-08-19 05:41:44,828 | INFO | crypto_bot | TRADE pair=ROBO-USDT time=2026-08-19T05:41:44.775000+00:00 price=0.01293000 size=1282.50000000
2026-08-19 05:41:44,828 | INFO | crypto_bot | TRADE pair=ROBO-USDT time=2026-08-19T05:41:44.775000+00:00 price=0.01292000 size=2963.90000000
2026-08-19 05:41:44,828 | INFO | crypto_bot | TRADE pair=ROBO-USDT time=2026-08-19T05:41:44.775000+00:00 price=0.01292000 size=258.00000000
2026-08-19 05:41:44,829 | INFO | crypto_bot | TRADE pair=ROBO-USDT time=2026-08-19T05:41:44.775000+00:00 price=0.01293000 size=1282.50000000
2026-08-19 05:41:44,829 | INFO | crypto_bot | TRADE pair=ROBO-USDT time=2026-08-19T05:41:44.775000+00:00 price=0.01293000 size=6965.70000000
2026-08-19 05:41:44,829 | INFO | crypto_bot | TRADE pair=ROBO-USDT time=2026-08-19T05:41:44.775000+00:00 price=0.01293000 size=1282.50000000
2026-08-19 05:41:44,829 | INFO | crypto_bot | TRADE pair=ROBO-USDT time=2026-08-19T05:41:44.776000+00:00 price=0.01293000 size=9982.70000000
2026-08-19 05:41:44,829 | INFO | crypto_bot | TRADE pair=ROBO-USDT time=2026-08-19T05:41:44.775000+00:00 price=0.01292000 size=2963.90000000
2026-08-19 05:41:44,829 | INFO | crypto_bot | TRADE pair=ROBO-USDT time=2026-08-19T05:41:44.775000+00:00 price=0.01292000 size=258.00000000
2026-08-19 05:41:44,829 | INFO | crypto_bot | TRADE pair=ROBO-USDT time=2026-08-19T05:41:44.775000+00:00 price=0.01293000 size=1282.50000000
2026-08-19 05:41:44,829 | INFO | crypto_bot | TRADE pair=ROBO-USDT time=2026-08-19T05:41:44.775000+00:00 price=0.01293000 size=6965.70000000
2026-08-19 05:41:44,830 | INFO | crypto_bot | TRADE pair=ROBO-USDT time=2026-08-19T05:41:44.776000+00:00 price=0.01293000 size=9982.70000000
2026-08-19 05:41:44,831 | INFO | crypto_bot | TRADE pair=ROBO-USDT time=2026-08-19T05:41:44.778000+00:00 price=0.01294000 size=1282.50000000
2026-08-19 05:41:44,831 | INFO | crypto_bot | TRADE pair=ROBO-USDT time=2026-08-19T05:41:44.778000+00:00 price=0.01294000 size=1282.50000000
2026-08-19 05:41:44,832 | INFO | crypto_bot | TRADE pair=ROBO-USDT time=2026-08-19T05:41:44.778000+00:00 price=0.01295000 size=19629.50000000
2026-08-19 05:41:44,832 | INFO | crypto_bot | TRADE pair=ROBO-USDT time=2026-08-19T05:41:44.778000+00:00 price=0.01295000 size=19629.50000000
2026-08-19 05:41:44,833 | INFO | crypto_bot | TRADE pair=ROBO-USDT time=2026-08-19T05:41:44.781000+00:00 price=0.01293000 size=11317.60000000
2026-08-19 05:41:44,834 | INFO | crypto_bot | TRADE pair=ROBO-USDT time=2026-08-19T05:41:44.781000+00:00 price=0.01293000 size=11317.60000000
2026-08-19 05:41:44,840 | INFO | crypto_bot | TRADE pair=ROBO-USDT time=2026-08-19T05:41:44.787000+00:00 price=0.01294000 size=35198.70000000
2026-08-19 05:41:44,841 | INFO | crypto_bot | TRADE pair=ROBO-USDT time=2026-08-19T05:41:44.787000+00:00 price=0.01294000 size=35198.70000000
2026-08-19 05:41:45,301 | INFO | crypto_bot | TRADE pair=ROBO-USDT time=2026-08-19T05:41:45.247000+00:00 price=0.01292000 size=2182.20000000
2026-08-19 05:41:45,301 | INFO | crypto_bot | TRADE pair=ROBO-USDT time=2026-08-19T05:41:45.247000+00:00 price=0.01292000 size=2182.20000000
2026-08-19 05:51:29,391 | INFO | crypto_bot | TRADE pair=ROBO-USDT time=2026-08-19T05:51:29.338000+00:00 price=0.01289000 size=14139.90000000
2026-08-19 05:51:29,391 | INFO | crypto_bot | TRADE pair=ROBO-USDT time=2026-08-19T05:51:29.338000+00:00 price=0.01289000 size=14139.90000000
2026-08-19 05:51:29,394 | INFO | crypto_bot | 1m CLOSED ts=2026-08-19T05:41:00+00:00 o=0.01287000 h=0.01295000 l=0.01287000 c=0.01292000 v=184155.60000000
2026-08-19 05:51:29,394 | INFO | crypto_bot | ENTRY signal=HOLD reason=trend_filter_not_passed meta={'regime': 'unknown'}
2026-08-19 05:51:29,395 | INFO | crypto_bot | 5m CLOSED ts=2026-08-19T05:40:00+00:00 o=0.01287000 h=0.01295000 l=0.01287000 c=0.01292000 v=184155.60000000
2026-08-19 05:51:29,396 | INFO | crypto_bot | 1m CLOSED ts=2026-08-19T05:41:00+00:00 o=0.01287000 h=0.01295000 l=0.01287000 c=0.01292000 v=184155.60000000
2026-08-19 05:51:29,396 | INFO | crypto_bot | ENTRY signal=HOLD reason=trend_filter_not_passed meta={'regime': 'unknown'}
2026-08-19 05:51:29,400 | INFO | crypto_bot | 5m CLOSED ts=2026-08-19T05:40:00+00:00 o=0.01287000 h=0.01295000 l=0.01287000 c=0.01292000 v=184155.60000000
2026-08-19 05:59:05,585 | INFO | crypto_bot | TRADE pair=ROBO-USDT time=2026-08-19T05:59:05.531000+00:00 price=0.01288000 size=14139.90000000
2026-08-19 05:59:05,585 | INFO | crypto_bot | 1m CLOSED ts=2026-08-19T05:51:00+00:00 o=0.01289000 h=0.01289000 l=0.01289000 c=0.01289000 v=14139.90000000
2026-08-19 05:59:05,585 | INFO | crypto_bot | ENTRY signal=HOLD reason=trend_filter_not_passed meta={'regime': 'unknown'}
2026-08-19 05:59:05,585 | INFO | crypto_bot | TRADE pair=ROBO-USDT time=2026-08-19T05:59:05.531000+00:00 price=0.01288000 size=14139.90000000
2026-08-19 05:59:05,585 | INFO | crypto_bot | 1m CLOSED ts=2026-08-19T05:51:00+00:00 o=0.01289000 h=0.01289000 l=0.01289000 c=0.01289000 v=14139.90000000
2026-08-19 05:59:05,585 | INFO | crypto_bot | ENTRY signal=HOLD reason=trend_filter_not_passed meta={'regime': 'unknown'}
2026-08-19 05:59:05,585 | INFO | crypto_bot | 5m CLOSED ts=2026-08-19T05:50:00+00:00 o=0.01289000 h=0.01289000 l=0.01289000 c=0.01289000 v=14139.90000000
2026-08-19 05:59:05,586 | INFO | crypto_bot | 5m CLOSED ts=2026-08-19T05:50:00+00:00 o=0.01289000 h=0.01289000 l=0.01289000 c=0.01289000 v=14139.90000000
2026-08-19 06:00:00,056 | INFO | crypto_bot | TRADE pair=ROBO-USDT time=2026-08-19T06:00:00.003000+00:00 price=0.01287000 size=15064.00000000
2026-08-19 06:00:00,057 | INFO | crypto_bot | 1m CLOSED ts=2026-08-19T05:59:00+00:00 o=0.01288000 h=0.01288000 l=0.01288000 c=0.01288000 v=14139.90000000
2026-08-19 06:00:00,057 | INFO | crypto_bot | ENTRY signal=HOLD reason=trend_filter_not_passed meta={'regime': 'unknown'}
2026-08-19 06:00:00,057 | INFO | crypto_bot | 5m CLOSED ts=2026-08-19T05:55:00+00:00 o=0.01288000 h=0.01288000 l=0.01288000 c=0.01288000 v=14139.90000000
2026-08-19 06:00:00,057 | INFO | crypto_bot | TRADE pair=ROBO-USDT time=2026-08-19T06:00:00.003000+00:00 price=0.01286000 size=21400.10000000
2026-08-19 06:00:00,059 | INFO | crypto_bot | TRADE pair=ROBO-USDT time=2026-08-19T06:00:00.003000+00:00 price=0.01287000 size=15064.00000000
2026-08-19 06:00:00,059 | INFO | crypto_bot | 1m CLOSED ts=2026-08-19T05:59:00+00:00 o=0.01288000 h=0.01288000 l=0.01288000 c=0.01288000 v=14139.90000000
2026-08-19 06:00:00,060 | INFO | crypto_bot | ENTRY signal=HOLD reason=trend_filter_not_passed meta={'regime': 'unknown'}
2026-08-19 06:00:00,062 | INFO | crypto_bot | 5m CLOSED ts=2026-08-19T05:55:00+00:00 o=0.01288000 h=0.01288000 l=0.01288000 c=0.01288000 v=14139.90000000
2026-08-19 06:00:00,062 | INFO | crypto_bot | TRADE pair=ROBO-USDT time=2026-08-19T06:00:00.003000+00:00 price=0.01286000 size=21400.10000000
2026-08-19 06:00:20,321 | INFO | crypto_bot | TRADE pair=ROBO-USDT time=2026-08-19T06:00:20.268000+00:00 price=0.01288000 size=1282.50000000
2026-08-19 06:00:20,322 | INFO | crypto_bot | TRADE pair=ROBO-USDT time=2026-08-19T06:00:20.268000+00:00 price=0.01287000 size=3190.50000000
2026-08-19 06:00:20,322 | INFO | crypto_bot | TRADE pair=ROBO-USDT time=2026-08-19T06:00:20.268000+00:00 price=0.01288000 size=1282.50000000
2026-08-19 06:00:20,322 | INFO | crypto_bot | TRADE pair=ROBO-USDT time=2026-08-19T06:00:20.268000+00:00 price=0.01287000 size=3190.50000000
2026-08-19 06:01:01,834 | INFO | crypto_bot | TRADE pair=ROBO-USDT time=2026-08-19T06:01:01.781000+00:00 price=0.01289000 size=19069.70000000
2026-08-19 06:01:01,834 | INFO | crypto_bot | 1m CLOSED ts=2026-08-19T06:00:00+00:00 o=0.01287000 h=0.01288000 l=0.01286000 c=0.01287000 v=40937.10000000
2026-08-19 06:01:01,834 | INFO | crypto_bot | ENTRY signal=HOLD reason=trend_filter_not_passed meta={'regime': 'unknown'}
2026-08-19 06:01:01,835 | INFO | crypto_bot | TRADE pair=ROBO-USDT time=2026-08-19T06:01:01.781000+00:00 price=0.01290000 size=38819.80000000
2026-08-19 06:01:01,835 | INFO | crypto_bot | TRADE pair=ROBO-USDT time=2026-08-19T06:01:01.781000+00:00 price=0.01289000 size=19069.70000000
2026-08-19 06:01:01,836 | INFO | crypto_bot | 1m CLOSED ts=2026-08-19T06:00:00+00:00 o=0.01287000 h=0.01288000 l=0.01286000 c=0.01287000 v=40937.10000000
2026-08-19 06:01:01,836 | INFO | crypto_bot | ENTRY signal=HOLD reason=trend_filter_not_passed meta={'regime': 'unknown'}
2026-08-19 06:01:01,836 | INFO | crypto_bot | TRADE pair=ROBO-USDT time=2026-08-19T06:01:01.781000+00:00 price=0.01290000 size=38819.80000000
2026-08-19 06:04:01,327 | INFO | crypto_bot | TRADE pair=ROBO-USDT time=2026-08-19T06:04:01.274000+00:00 price=0.01288000 size=1282.50000000
2026-08-19 06:04:01,328 | INFO | crypto_bot | 1m CLOSED ts=2026-08-19T06:01:00+00:00 o=0.01289000 h=0.01290000 l=0.01289000 c=0.01290000 v=57889.50000000
2026-08-19 06:04:01,328 | INFO | crypto_bot | ENTRY signal=HOLD reason=trend_filter_not_passed meta={'regime': 'unknown'}
2026-08-19 06:04:01,328 | INFO | crypto_bot | TRADE pair=ROBO-USDT time=2026-08-19T06:04:01.274000+00:00 price=0.01287000 size=5537.30000000
2026-08-19 06:04:01,329 | INFO | crypto_bot | TRADE pair=ROBO-USDT time=2026-08-19T06:04:01.274000+00:00 price=0.01288000 size=1282.50000000
2026-08-19 06:04:01,329 | INFO | crypto_bot | 1m CLOSED ts=2026-08-19T06:01:00+00:00 o=0.01289000 h=0.01290000 l=0.01289000 c=0.01290000 v=57889.50000000
2026-08-19 06:04:01,329 | INFO | crypto_bot | ENTRY signal=HOLD reason=trend_filter_not_passed meta={'regime': 'unknown'}
2026-08-19 06:04:01,330 | INFO | crypto_bot | TRADE pair=ROBO-USDT time=2026-08-19T06:04:01.274000+00:00 price=0.01287000 size=5537.30000000
2026-08-19 06:08:16,972 | INFO | crypto_bot | TRADE pair=ROBO-USDT time=2026-08-19T06:08:16.919000+00:00 price=0.01290000 size=20232.80000000
2026-08-19 06:08:16,972 | INFO | crypto_bot | 1m CLOSED ts=2026-08-19T06:04:00+00:00 o=0.01288000 h=0.01288000 l=0.01287000 c=0.01287000 v=6819.80000000
2026-08-19 06:08:16,972 | INFO | crypto_bot | ENTRY signal=HOLD reason=trend_filter_not_passed meta={'regime': 'unknown'}
2026-08-19 06:08:16,973 | INFO | crypto_bot | 5m CLOSED ts=2026-08-19T06:00:00+00:00 o=0.01287000 h=0.01290000 l=0.01286000 c=0.01287000 v=105646.40000000
2026-08-19 06:08:16,973 | INFO | crypto_bot | TRADE pair=ROBO-USDT time=2026-08-19T06:08:16.919000+00:00 price=0.01290000 size=20232.80000000
2026-08-19 06:08:16,973 | INFO | crypto_bot | 1m CLOSED ts=2026-08-19T06:04:00+00:00 o=0.01288000 h=0.01288000 l=0.01287000 c=0.01287000 v=6819.80000000
2026-08-19 06:08:16,973 | INFO | crypto_bot | ENTRY signal=HOLD reason=trend_filter_not_passed meta={'regime': 'unknown'}
2026-08-19 06:08:16,973 | INFO | crypto_bot | 5m CLOSED ts=2026-08-19T06:00:00+00:00 o=0.01287000 h=0.01290000 l=0.01286000 c=0.01287000 v=105646.40000000
2026-08-19 06:08:33,583 | INFO | crypto_bot | TRADE pair=ROBO-USDT time=2026-08-19T06:08:33.530000+00:00 price=0.01289000 size=14139.90000000
2026-08-19 06:08:33,583 | INFO | crypto_bot | TRADE pair=ROBO-USDT time=2026-08-19T06:08:33.530000+00:00 price=0.01289000 size=14139.90000000
2026-08-19 06:11:10,570 | INFO | crypto_bot | TRADE pair=ROBO-USDT time=2026-08-19T06:11:10.517000+00:00 price=0.01289000 size=6825.80000000
2026-08-19 06:11:10,570 | INFO | crypto_bot | 1m CLOSED ts=2026-08-19T06:08:00+00:00 o=0.01290000 h=0.01290000 l=0.01289000 c=0.01289000 v=34372.70000000
2026-08-19 06:11:10,570 | INFO | crypto_bot | ENTRY signal=HOLD reason=trend_filter_not_passed meta={'regime': 'unknown'}
2026-08-19 06:11:10,571 | INFO | crypto_bot | 5m CLOSED ts=2026-08-19T06:05:00+00:00 o=0.01290000 h=0.01290000 l=0.01289000 c=0.01289000 v=34372.70000000
2026-08-19 06:11:10,571 | INFO | crypto_bot | TRADE pair=ROBO-USDT time=2026-08-19T06:11:10.517000+00:00 price=0.01289000 size=6825.80000000
2026-08-19 06:11:10,572 | INFO | crypto_bot | 1m CLOSED ts=2026-08-19T06:08:00+00:00 o=0.01290000 h=0.01290000 l=0.01289000 c=0.01289000 v=34372.70000000
2026-08-19 06:11:10,572 | INFO | crypto_bot | ENTRY signal=HOLD reason=trend_filter_not_passed meta={'regime': 'unknown'}
2026-08-19 06:11:10,572 | INFO | crypto_bot | 5m CLOSED ts=2026-08-19T06:05:00+00:00 o=0.01290000 h=0.01290000 l=0.01289000 c=0.01289000 v=34372.70000000
2026-08-19 06:13:00,563 | INFO | crypto_bot | TRADE pair=ROBO-USDT time=2026-08-19T06:13:00.508000+00:00 price=0.01289000 size=7695.00000000
2026-08-19 06:13:00,564 | INFO | crypto_bot | 1m CLOSED ts=2026-08-19T06:11:00+00:00 o=0.01289000 h=0.01289000 l=0.01289000 c=0.01289000 v=6825.80000000
2026-08-19 06:13:00,564 | INFO | crypto_bot | ENTRY signal=HOLD reason=trend_filter_not_passed meta={'regime': 'unknown'}
2026-08-19 06:13:00,564 | INFO | crypto_bot | TRADE pair=ROBO-USDT time=2026-08-19T06:13:00.508000+00:00 price=0.01289000 size=7695.00000000
2026-08-19 06:13:00,564 | INFO | crypto_bot | 1m CLOSED ts=2026-08-19T06:11:00+00:00 o=0.01289000 h=0.01289000 l=0.01289000 c=0.01289000 v=6825.80000000
2026-08-19 06:13:00,564 | INFO | crypto_bot | ENTRY signal=HOLD reason=trend_filter_not_passed meta={'regime': 'unknown'}
2026-08-19 06:15:19,336 | INFO | crypto_bot | TRADE pair=ROBO-USDT time=2026-08-19T06:15:19.283000+00:00 price=0.01289000 size=12835.70000000
2026-08-19 06:15:19,336 | INFO | crypto_bot | 1m CLOSED ts=2026-08-19T06:13:00+00:00 o=0.01289000 h=0.01289000 l=0.01289000 c=0.01289000 v=7695.00000000
2026-08-19 06:15:19,336 | INFO | crypto_bot | TRADE pair=ROBO-USDT time=2026-08-19T06:15:19.283000+00:00 price=0.01289000 size=12835.70000000
2026-08-19 06:15:19,336 | INFO | crypto_bot | ENTRY signal=HOLD reason=trend_filter_not_passed meta={'regime': 'unknown'}
2026-08-19 06:15:19,336 | INFO | crypto_bot | 1m CLOSED ts=2026-08-19T06:13:00+00:00 o=0.01289000 h=0.01289000 l=0.01289000 c=0.01289000 v=7695.00000000
2026-08-19 06:15:19,336 | INFO | crypto_bot | ENTRY signal=HOLD reason=trend_filter_not_passed meta={'regime': 'unknown'}
2026-08-19 06:15:19,336 | INFO | crypto_bot | 5m CLOSED ts=2026-08-19T06:10:00+00:00 o=0.01289000 h=0.01289000 l=0.01289000 c=0.01289000 v=14520.80000000
2026-08-19 06:15:19,337 | INFO | crypto_bot | 5m CLOSED ts=2026-08-19T06:10:00+00:00 o=0.01289000 h=0.01289000 l=0.01289000 c=0.01289000 v=14520.80000000
2026-08-19 06:15:19,519 | INFO | crypto_bot | TRADE pair=ROBO-USDT time=2026-08-19T06:15:19.466000+00:00 price=0.01287000 size=14139.90000000
2026-08-19 06:15:19,519 | INFO | crypto_bot | TRADE pair=ROBO-USDT time=2026-08-19T06:15:19.466000+00:00 price=0.01287000 size=14139.90000000
2026-08-19 06:20:24,700 | INFO | crypto_bot | TRADE pair=ROBO-USDT time=2026-08-19T06:20:24.647000+00:00 price=0.01285000 size=7000.00000000
2026-08-19 06:20:24,700 | INFO | crypto_bot | 1m CLOSED ts=2026-08-19T06:15:00+00:00 o=0.01289000 h=0.01289000 l=0.01287000 c=0.01287000 v=26975.60000000
2026-08-19 06:20:24,700 | INFO | crypto_bot | ENTRY signal=HOLD reason=trend_filter_not_passed meta={'regime': 'unknown'}
2026-08-19 06:20:24,701 | INFO | crypto_bot | 5m CLOSED ts=2026-08-19T06:15:00+00:00 o=0.01289000 h=0.01289000 l=0.01287000 c=0.01287000 v=26975.60000000
2026-08-19 06:20:24,702 | INFO | crypto_bot | TRADE pair=ROBO-USDT time=2026-08-19T06:20:24.647000+00:00 price=0.01285000 size=7000.00000000
2026-08-19 06:20:24,703 | INFO | crypto_bot | 1m CLOSED ts=2026-08-19T06:15:00+00:00 o=0.01289000 h=0.01289000 l=0.01287000 c=0.01287000 v=26975.60000000
2026-08-19 06:20:24,703 | INFO | crypto_bot | ENTRY signal=HOLD reason=trend_filter_not_passed meta={'regime': 'unknown'}
2026-08-19 06:20:24,703 | INFO | crypto_bot | 5m CLOSED ts=2026-08-19T06:15:00+00:00 o=0.01289000 h=0.01289000 l=0.01287000 c=0.01287000 v=26975.60000000
2026-08-19 06:23:08,213 | INFO | crypto_bot | TRADE pair=ROBO-USDT time=2026-08-19T06:23:08.161000+00:00 price=0.01287000 size=14139.90000000
2026-08-19 06:23:08,214 | INFO | crypto_bot | 1m CLOSED ts=2026-08-19T06:20:00+00:00 o=0.01285000 h=0.01285000 l=0.01285000 c=0.01285000 v=7000.00000000
2026-08-19 06:23:08,214 | INFO | crypto_bot | ENTRY signal=HOLD reason=trend_filter_not_passed meta={'regime': 'unknown'}
2026-08-19 06:23:08,214 | INFO | crypto_bot | TRADE pair=ROBO-USDT time=2026-08-19T06:23:08.161000+00:00 price=0.01287000 size=14139.90000000
2026-08-19 06:23:08,214 | INFO | crypto_bot | 1m CLOSED ts=2026-08-19T06:20:00+00:00 o=0.01285000 h=0.01285000 l=0.01285000 c=0.01285000 v=7000.00000000
2026-08-19 06:23:08,214 | INFO | crypto_bot | ENTRY signal=HOLD reason=trend_filter_not_passed meta={'regime': 'unknown'}
2026-08-19 06:26:12,290 | INFO | crypto_bot | TRADE pair=ROBO-USDT time=2026-08-19T06:26:12.237000+00:00 price=0.01290000 size=43926.80000000
2026-08-19 06:26:12,291 | INFO | crypto_bot | 1m CLOSED ts=2026-08-19T06:23:00+00:00 o=0.01287000 h=0.01287000 l=0.01287000 c=0.01287000 v=14139.90000000
2026-08-19 06:26:12,291 | INFO | crypto_bot | ENTRY signal=HOLD reason=trend_filter_not_passed meta={'regime': 'unknown'}
2026-08-19 06:26:12,291 | INFO | crypto_bot | 5m CLOSED ts=2026-08-19T06:20:00+00:00 o=0.01285000 h=0.01287000 l=0.01285000 c=0.01287000 v=21139.90000000
2026-08-19 06:26:12,291 | INFO | crypto_bot | TRADE pair=ROBO-USDT time=2026-08-19T06:26:12.237000+00:00 price=0.01290000 size=43926.80000000
2026-08-19 06:26:12,292 | INFO | crypto_bot | 1m CLOSED ts=2026-08-19T06:23:00+00:00 o=0.01287000 h=0.01287000 l=0.01287000 c=0.01287000 v=14139.90000000
2026-08-19 06:26:12,292 | INFO | crypto_bot | ENTRY signal=HOLD reason=trend_filter_not_passed meta={'regime': 'unknown'}
2026-08-19 06:26:12,292 | INFO | crypto_bot | 5m CLOSED ts=2026-08-19T06:20:00+00:00 o=0.01285000 h=0.01287000 l=0.01285000 c=0.01287000 v=21139.90000000
2026-08-19 06:26:20,861 | INFO | crypto_bot | TRADE pair=ROBO-USDT time=2026-08-19T06:26:20.802000+00:00 price=0.01291000 size=14139.90000000
2026-08-19 06:26:20,862 | INFO | crypto_bot | TRADE pair=ROBO-USDT time=2026-08-19T06:26:20.802000+00:00 price=0.01291000 size=14139.90000000
2026-08-19 06:26:20,862 | INFO | crypto_bot | TRADE pair=ROBO-USDT time=2026-08-19T06:26:20.803000+00:00 price=0.01292000 size=38759.60000000
2026-08-19 06:26:20,862 | INFO | crypto_bot | TRADE pair=ROBO-USDT time=2026-08-19T06:26:20.803000+00:00 price=0.01292000 size=38759.60000000
2026-08-19 06:26:20,862 | INFO | crypto_bot | TRADE pair=ROBO-USDT time=2026-08-19T06:26:20.806000+00:00 price=0.01291000 size=14139.90000000
2026-08-19 06:26:20,862 | INFO | crypto_bot | TRADE pair=ROBO-USDT time=2026-08-19T06:26:20.806000+00:00 price=0.01291000 size=14139.90000000
2026-08-19 06:26:20,862 | INFO | crypto_bot | TRADE pair=ROBO-USDT time=2026-08-19T06:26:20.807000+00:00 price=0.01291000 size=14139.90000000
2026-08-19 06:26:20,862 | INFO | crypto_bot | TRADE pair=ROBO-USDT time=2026-08-19T06:26:20.807000+00:00 price=0.01290000 size=1282.50000000
2026-08-19 06:26:20,862 | INFO | crypto_bot | TRADE pair=ROBO-USDT time=2026-08-19T06:26:20.807000+00:00 price=0.01291000 size=14139.90000000
2026-08-19 06:26:20,862 | INFO | crypto_bot | TRADE pair=ROBO-USDT time=2026-08-19T06:26:20.807000+00:00 price=0.01290000 size=1282.50000000
2026-08-19 06:26:20,862 | INFO | crypto_bot | TRADE pair=ROBO-USDT time=2026-08-19T06:26:20.808000+00:00 price=0.01290000 size=7435.00000000
2026-08-19 06:26:20,863 | INFO | crypto_bot | TRADE pair=ROBO-USDT time=2026-08-19T06:26:20.808000+00:00 price=0.01290000 size=7435.00000000
2026-08-19 06:26:20,864 | INFO | crypto_bot | TRADE pair=ROBO-USDT time=2026-08-19T06:26:20.811000+00:00 price=0.01289000 size=1282.50000000
2026-08-19 06:26:20,864 | INFO | crypto_bot | TRADE pair=ROBO-USDT time=2026-08-19T06:26:20.811000+00:00 price=0.01289000 size=1282.50000000
2026-08-19 06:26:20,875 | INFO | crypto_bot | TRADE pair=ROBO-USDT time=2026-08-19T06:26:20.823000+00:00 price=0.01289000 size=14139.90000000
2026-08-19 06:26:20,877 | INFO | crypto_bot | TRADE pair=ROBO-USDT time=2026-08-19T06:26:20.823000+00:00 price=0.01289000 size=14139.90000000
2026-08-19 06:26:20,895 | INFO | crypto_bot | TRADE pair=ROBO-USDT time=2026-08-19T06:26:20.841000+00:00 price=0.01288000 size=14139.90000000
2026-08-19 06:26:20,906 | INFO | crypto_bot | TRADE pair=ROBO-USDT time=2026-08-19T06:26:20.841000+00:00 price=0.01288000 size=14139.90000000
2026-08-19 06:30:18,615 | INFO | crypto_bot | TRADE pair=ROBO-USDT time=2026-08-19T06:30:18.562000+00:00 price=0.01287000 size=1282.50000000
2026-08-19 06:30:18,616 | INFO | crypto_bot | 1m CLOSED ts=2026-08-19T06:26:00+00:00 o=0.01290000 h=0.01292000 l=0.01288000 c=0.01288000 v=163385.90000000
2026-08-19 06:30:18,616 | INFO | crypto_bot | ENTRY signal=HOLD reason=trend_filter_not_passed meta={'regime': 'unknown'}
2026-08-19 06:30:18,616 | INFO | crypto_bot | TRADE pair=ROBO-USDT time=2026-08-19T06:30:18.562000+00:00 price=0.01287000 size=1282.50000000
2026-08-19 06:30:18,616 | INFO | crypto_bot | 1m CLOSED ts=2026-08-19T06:26:00+00:00 o=0.01290000 h=0.01292000 l=0.01288000 c=0.01288000 v=163385.90000000
2026-08-19 06:30:18,616 | INFO | crypto_bot | ENTRY signal=HOLD reason=trend_filter_not_passed meta={'regime': 'unknown'}
2026-08-19 06:30:18,616 | INFO | crypto_bot | 5m CLOSED ts=2026-08-19T06:25:00+00:00 o=0.01290000 h=0.01292000 l=0.01288000 c=0.01288000 v=163385.90000000
2026-08-19 06:30:18,617 | INFO | crypto_bot | 5m CLOSED ts=2026-08-19T06:25:00+00:00 o=0.01290000 h=0.01292000 l=0.01288000 c=0.01288000 v=163385.90000000
2026-08-19 06:35:35,752 | INFO | crypto_bot | TRADE pair=ROBO-USDT time=2026-08-19T06:35:35.698000+00:00 price=0.01284000 size=113.60000000
2026-08-19 06:35:35,752 | INFO | crypto_bot | 1m CLOSED ts=2026-08-19T06:30:00+00:00 o=0.01287000 h=0.01287000 l=0.01287000 c=0.01287000 v=1282.50000000
2026-08-19 06:35:35,753 | INFO | crypto_bot | ENTRY signal=HOLD reason=trend_filter_not_passed meta={'regime': 'unknown'}
2026-08-19 06:35:35,753 | INFO | crypto_bot | 5m CLOSED ts=2026-08-19T06:30:00+00:00 o=0.01287000 h=0.01287000 l=0.01287000 c=0.01287000 v=1282.50000000
2026-08-19 06:35:35,759 | INFO | crypto_bot | TRADE pair=ROBO-USDT time=2026-08-19T06:35:35.698000+00:00 price=0.01284000 size=113.60000000
2026-08-19 06:35:35,759 | INFO | crypto_bot | 1m CLOSED ts=2026-08-19T06:30:00+00:00 o=0.01287000 h=0.01287000 l=0.01287000 c=0.01287000 v=1282.50000000
2026-08-19 06:35:35,760 | INFO | crypto_bot | ENTRY signal=HOLD reason=trend_filter_not_passed meta={'regime': 'unknown'}
2026-08-19 06:35:35,760 | INFO | crypto_bot | 5m CLOSED ts=2026-08-19T06:30:00+00:00 o=0.01287000 h=0.01287000 l=0.01287000 c=0.01287000 v=1282.50000000
2026-08-19 06:35:35,765 | INFO | crypto_bot | TRADE pair=ROBO-USDT time=2026-08-19T06:35:35.712000+00:00 price=0.01283000 size=125.60000000
2026-08-19 06:35:35,766 | INFO | crypto_bot | TRADE pair=ROBO-USDT time=2026-08-19T06:35:35.712000+00:00 price=0.01283000 size=125.60000000
2026-08-19 06:36:23,732 | INFO | crypto_bot | TRADE pair=ROBO-USDT time=2026-08-19T06:36:23.678000+00:00 price=0.01284000 size=15422.40000000
2026-08-19 06:36:23,732 | INFO | crypto_bot | 1m CLOSED ts=2026-08-19T06:35:00+00:00 o=0.01284000 h=0.01284000 l=0.01283000 c=0.01283000 v=239.20000000
2026-08-19 06:36:23,732 | INFO | crypto_bot | ENTRY signal=HOLD reason=trend_filter_not_passed meta={'regime': 'unknown'}
2026-08-19 06:36:23,733 | INFO | crypto_bot | TRADE pair=ROBO-USDT time=2026-08-19T06:36:23.678000+00:00 price=0.01283000 size=349.50000000
2026-08-19 06:36:23,733 | INFO | crypto_bot | TRADE pair=ROBO-USDT time=2026-08-19T06:36:23.678000+00:00 price=0.01284000 size=15422.40000000
2026-08-19 06:36:23,733 | INFO | crypto_bot | 1m CLOSED ts=2026-08-19T06:35:00+00:00 o=0.01284000 h=0.01284000 l=0.01283000 c=0.01283000 v=239.20000000
2026-08-19 06:36:23,733 | INFO | crypto_bot | ENTRY signal=HOLD reason=trend_filter_not_passed meta={'regime': 'unknown'}
2026-08-19 06:36:23,734 | INFO | crypto_bot | TRADE pair=ROBO-USDT time=2026-08-19T06:36:23.678000+00:00 price=0.01283000 size=349.50000000
2026-08-19 06:37:41,028 | INFO | crypto_bot | TRADE pair=ROBO-USDT time=2026-08-19T06:37:40.974000+00:00 price=0.01286000 size=21568.80000000
2026-08-19 06:37:41,028 | INFO | crypto_bot | 1m CLOSED ts=2026-08-19T06:36:00+00:00 o=0.01284000 h=0.01284000 l=0.01283000 c=0.01283000 v=15771.90000000
2026-08-19 06:37:41,028 | INFO | crypto_bot | ENTRY signal=HOLD reason=trend_filter_not_passed meta={'regime': 'unknown'}
2026-08-19 06:37:41,028 | INFO | crypto_bot | TRADE pair=ROBO-USDT time=2026-08-19T06:37:40.974000+00:00 price=0.01286000 size=21568.80000000
2026-08-19 06:37:41,028 | INFO | crypto_bot | 1m CLOSED ts=2026-08-19T06:36:00+00:00 o=0.01284000 h=0.01284000 l=0.01283000 c=0.01283000 v=15771.90000000
2026-08-19 06:37:41,028 | INFO | crypto_bot | ENTRY signal=HOLD reason=trend_filter_not_passed meta={'regime': 'unknown'}
2026-08-19 06:41:22,224 | INFO | crypto_bot | TRADE pair=ROBO-USDT time=2026-08-19T06:41:22.171000+00:00 price=0.01285000 size=40253.60000000
2026-08-19 06:41:22,224 | INFO | crypto_bot | 1m CLOSED ts=2026-08-19T06:37:00+00:00 o=0.01286000 h=0.01286000 l=0.01286000 c=0.01286000 v=21568.80000000
2026-08-19 06:41:22,224 | INFO | crypto_bot | ENTRY signal=HOLD reason=trend_filter_not_passed meta={'regime': 'unknown'}
2026-08-19 06:41:22,226 | INFO | crypto_bot | 5m CLOSED ts=2026-08-19T06:35:00+00:00 o=0.01284000 h=0.01286000 l=0.01283000 c=0.01286000 v=37579.90000000
2026-08-19 06:41:22,226 | INFO | crypto_bot | TRADE pair=ROBO-USDT time=2026-08-19T06:41:22.171000+00:00 price=0.01285000 size=40253.60000000
2026-08-19 06:41:22,226 | INFO | crypto_bot | 1m CLOSED ts=2026-08-19T06:37:00+00:00 o=0.01286000 h=0.01286000 l=0.01286000 c=0.01286000 v=21568.80000000
2026-08-19 06:41:22,227 | INFO | crypto_bot | ENTRY signal=HOLD reason=breakout_not_passed meta={'ok': False, 'breakout_level': 0.01295, 'current_price': 0.01286, 'current_volume': 21568.8, 'avg_volume': 32196.944999999996, 'extension_pct': -0.006949806949806935, 'is_breakout': False, 'volume_ok': False, 'not_overextended': True}
2026-08-19 06:41:22,229 | INFO | crypto_bot | 5m CLOSED ts=2026-08-19T06:35:00+00:00 o=0.01284000 h=0.01286000 l=0.01283000 c=0.01286000 v=37579.90000000
2026-08-19 06:42:14,927 | INFO | crypto_bot | Bot started | pair=ROBO-USDT | mode=monitor | equity=1000.00
2026-08-19 06:42:15,973 | INFO | crypto_bot.exchange_api | startup_self_check passed: {'time_drift': 'time_ok (drift=0.056s)', 'instrument_tradable': 'instrument_ok (inst_id=ROBO-USDT, state=live)', 'instrument_whitelist': 'whitelist_ok (inst_id=ROBO-USDT)', 'api_credentials': 'credentials_ok (account balance fetched, code=0)'}
2026-08-19 06:42:15,973 | INFO | crypto_bot | OKX startup self-check passed: {'time_drift': 'time_ok (drift=0.056s)', 'instrument_tradable': 'instrument_ok (inst_id=ROBO-USDT, state=live)', 'instrument_whitelist': 'whitelist_ok (inst_id=ROBO-USDT)', 'api_credentials': 'credentials_ok (account balance fetched, code=0)'}
2026-08-19 06:42:16,498 | INFO | crypto_bot | 连接 OKX Public WS: wss://ws.okx.com:8443/ws/v5/public
2026-08-19 06:42:17,562 | INFO | crypto_bot | 已订阅 ROBO-USDT trades
2026-08-19 06:42:18,076 | INFO | crypto_bot | WS event: {'event': 'subscribe', 'arg': {'channel': 'trades', 'instId': 'ROBO-USDT'}, 'connId': '9da425fa'}
2026-08-19 06:45:56,281 | INFO | crypto_bot | Bot stopped by user
2026-08-19 06:45:59,636 | INFO | crypto_bot | Bot started | pair=ROBO-USDT | mode=monitor | equity=1000.00
2026-08-19 06:46:00,674 | INFO | crypto_bot.exchange_api | startup_self_check passed: {'time_drift': 'time_ok (drift=0.055s)', 'instrument_tradable': 'instrument_ok (inst_id=ROBO-USDT, state=live)', 'instrument_whitelist': 'whitelist_ok (inst_id=ROBO-USDT)', 'api_credentials': 'credentials_ok (account balance fetched, code=0)'}
2026-08-19 06:46:00,674 | INFO | crypto_bot | OKX startup self-check passed: {'time_drift': 'time_ok (drift=0.055s)', 'instrument_tradable': 'instrument_ok (inst_id=ROBO-USDT, state=live)', 'instrument_whitelist': 'whitelist_ok (inst_id=ROBO-USDT)', 'api_credentials': 'credentials_ok (account balance fetched, code=0)'}
2026-08-19 06:46:01,324 | INFO | crypto_bot | 连接 OKX Public WS: wss://ws.okx.com:8443/ws/v5/public
2026-08-19 06:46:02,301 | INFO | crypto_bot | 已订阅 ROBO-USDT trades
2026-08-19 06:46:02,826 | INFO | crypto_bot | WS event: {'event': 'subscribe', 'arg': {'channel': 'trades', 'instId': 'ROBO-USDT'}, 'connId': '7bf4b434'}
2026-08-19 06:47:09,904 | INFO | crypto_bot | TRADE pair=ROBO-USDT time=2026-08-19T06:47:09.850000+00:00 price=0.01286000 size=2215.50000000
2026-08-19 06:47:09,904 | INFO | crypto_bot | TRADE pair=ROBO-USDT time=2026-08-19T06:47:09.850000+00:00 price=0.01286000 size=2215.50000000
2026-08-19 06:47:09,904 | INFO | crypto_bot | 1m CLOSED ts=2026-08-19T06:41:00+00:00 o=0.01285000 h=0.01285000 l=0.01285000 c=0.01285000 v=40253.60000000
2026-08-19 06:47:09,904 | INFO | crypto_bot | ENTRY signal=HOLD reason=breakout_not_passed meta={'ok': False, 'breakout_level': 0.01295, 'current_price': 0.01285, 'current_volume': 40253.6, 'avg_volume': 32824.84999999999, 'extension_pct': -0.007722007722007675, 'is_breakout': False, 'volume_ok': False, 'not_overextended': True}
2026-08-19 06:47:09,904 | INFO | crypto_bot | 5m CLOSED ts=2026-08-19T06:40:00+00:00 o=0.01285000 h=0.01285000 l=0.01285000 c=0.01285000 v=40253.60000000
2026-08-19 06:47:16,403 | INFO | crypto_bot | TRADE pair=ROBO-USDT time=2026-08-19T06:47:16.349000+00:00 price=0.01287000 size=14139.90000000
2026-08-19 06:47:16,403 | INFO | crypto_bot | TRADE pair=ROBO-USDT time=2026-08-19T06:47:16.349000+00:00 price=0.01287000 size=14139.90000000
2026-08-19 06:47:16,405 | INFO | crypto_bot | TRADE pair=ROBO-USDT time=2026-08-19T06:47:16.351000+00:00 price=0.01288000 size=38895.30000000
2026-08-19 06:47:16,405 | INFO | crypto_bot | TRADE pair=ROBO-USDT time=2026-08-19T06:47:16.351000+00:00 price=0.01288000 size=38895.30000000
2026-08-19 06:47:16,586 | INFO | crypto_bot | TRADE pair=ROBO-USDT time=2026-08-19T06:47:16.532000+00:00 price=0.01289000 size=3844.80000000
2026-08-19 06:47:16,586 | INFO | crypto_bot | TRADE pair=ROBO-USDT time=2026-08-19T06:47:16.532000+00:00 price=0.01289000 size=3844.80000000
2026-08-19 06:47:16,586 | INFO | crypto_bot | TRADE pair=ROBO-USDT time=2026-08-19T06:47:16.532000+00:00 price=0.01290000 size=24595.80000000
2026-08-19 06:47:16,586 | INFO | crypto_bot | TRADE pair=ROBO-USDT time=2026-08-19T06:47:16.532000+00:00 price=0.01290000 size=24595.80000000
2026-08-19 06:48:02,427 | INFO | crypto_bot | TRADE pair=ROBO-USDT time=2026-08-19T06:48:02.373000+00:00 price=0.01287000 size=3108.00000000
2026-08-19 06:48:02,427 | INFO | crypto_bot | TRADE pair=ROBO-USDT time=2026-08-19T06:48:02.373000+00:00 price=0.01287000 size=3108.00000000
2026-08-19 06:48:02,427 | INFO | crypto_bot | 1m CLOSED ts=2026-08-19T06:47:00+00:00 o=0.01286000 h=0.01290000 l=0.01286000 c=0.01290000 v=83691.30000000
2026-08-19 06:48:02,427 | INFO | crypto_bot | ENTRY signal=HOLD reason=breakout_not_passed meta={'ok': False, 'breakout_level': 0.01295, 'current_price': 0.0129, 'current_volume': 83691.3, 'avg_volume': 32988.56999999999, 'extension_pct': -0.0038610038610038377, 'is_breakout': False, 'volume_ok': True, 'not_overextended': True}
2026-08-19 06:48:02,428 | INFO | crypto_bot | 1m CLOSED ts=2026-08-19T06:47:00+00:00 o=0.01286000 h=0.01290000 l=0.01286000 c=0.01290000 v=83691.30000000
2026-08-19 06:48:02,428 | INFO | crypto_bot | ENTRY signal=HOLD reason=trend_filter_not_passed meta={'regime': 'unknown'}
2026-08-19 06:48:04,252 | INFO | crypto_bot | TRADE pair=ROBO-USDT time=2026-08-19T06:48:04.198000+00:00 price=0.01286000 size=753.20000000
2026-08-19 06:48:04,252 | INFO | crypto_bot | TRADE pair=ROBO-USDT time=2026-08-19T06:48:04.198000+00:00 price=0.01286000 size=529.30000000
2026-08-19 06:48:04,252 | INFO | crypto_bot | TRADE pair=ROBO-USDT time=2026-08-19T06:48:04.198000+00:00 price=0.01286000 size=753.20000000
2026-08-19 06:48:04,253 | INFO | crypto_bot | TRADE pair=ROBO-USDT time=2026-08-19T06:48:04.198000+00:00 price=0.01286000 size=529.30000000
2026-08-19 06:48:07,581 | INFO | crypto_bot | TRADE pair=ROBO-USDT time=2026-08-19T06:48:07.527000+00:00 price=0.01286000 size=977.10000000
2026-08-19 06:48:07,581 | INFO | crypto_bot | TRADE pair=ROBO-USDT time=2026-08-19T06:48:07.527000+00:00 price=0.01286000 size=977.10000000
2026-08-19 06:48:07,581 | INFO | crypto_bot | TRADE pair=ROBO-USDT time=2026-08-19T06:48:07.527000+00:00 price=0.01287000 size=8652.30000000
2026-08-19 06:48:07,581 | INFO | crypto_bot | TRADE pair=ROBO-USDT time=2026-08-19T06:48:07.527000+00:00 price=0.01287000 size=8652.30000000
2026-08-19 06:48:37,492 | INFO | crypto_bot | TRADE pair=ROBO-USDT time=2026-08-19T06:48:37.438000+00:00 price=0.01286000 size=305.40000000
2026-08-19 06:48:37,496 | INFO | crypto_bot | TRADE pair=ROBO-USDT time=2026-08-19T06:48:37.438000+00:00 price=0.01286000 size=305.40000000
2026-08-19 06:49:05,039 | INFO | crypto_bot | Bot started | pair=ROBO-USDT | mode=monitor | equity=1000.00
2026-08-19 06:49:06,099 | INFO | crypto_bot.exchange_api | startup_self_check passed: {'time_drift': 'time_ok (drift=0.057s)', 'instrument_tradable': 'instrument_ok (inst_id=ROBO-USDT, state=live)', 'instrument_whitelist': 'whitelist_ok (inst_id=ROBO-USDT)', 'api_credentials': 'credentials_ok (account balance fetched, code=0)'}
2026-08-19 06:49:06,099 | INFO | crypto_bot | OKX startup self-check passed: {'time_drift': 'time_ok (drift=0.057s)', 'instrument_tradable': 'instrument_ok (inst_id=ROBO-USDT, state=live)', 'instrument_whitelist': 'whitelist_ok (inst_id=ROBO-USDT)', 'api_credentials': 'credentials_ok (account balance fetched, code=0)'}
2026-08-19 06:49:06,099 | INFO | crypto_bot.telegram | Telegram rate-limited
2026-08-19 06:49:06,099 | INFO | crypto_bot | 连接 OKX Public WS: wss://ws.okx.com:8443/ws/v5/public
2026-08-19 06:49:06,099 | INFO | crypto_bot.telegram | Telegram rate-limited
2026-08-19 06:49:06,503 | INFO | crypto_bot | 已订阅 ROBO-USDT trades
2026-08-19 06:49:06,503 | INFO | crypto_bot.telegram | Telegram rate-limited
2026-08-19 06:49:06,605 | INFO | crypto_bot | WS event: {'event': 'subscribe', 'arg': {'channel': 'trades', 'instId': 'ROBO-USDT'}, 'connId': '41b7e348'}
2026-08-19 06:49:57,363 | INFO | crypto_bot | TRADE pair=ROBO-USDT time=2026-08-19T06:49:57.304000+00:00 price=0.01286000 size=14139.90000000
2026-08-19 06:49:57,366 | INFO | crypto_bot | TRADE pair=ROBO-USDT time=2026-08-19T06:49:57.304000+00:00 price=0.01286000 size=14139.90000000
2026-08-19 06:49:57,366 | INFO | crypto_bot | 1m CLOSED ts=2026-08-19T06:48:00+00:00 o=0.01287000 h=0.01287000 l=0.01286000 c=0.01286000 v=14325.30000000
2026-08-19 06:49:57,366 | INFO | crypto_bot | ENTRY signal=HOLD reason=breakout_not_passed meta={'ok': False, 'breakout_level': 0.01295, 'current_price': 0.01286, 'current_volume': 14325.3, 'avg_volume': 37153.994999999995, 'extension_pct': -0.006949806949806935, 'is_breakout': False, 'volume_ok': False, 'not_overextended': True}
2026-08-19 06:50:11,387 | INFO | crypto_bot | TRADE pair=ROBO-USDT time=2026-08-19T06:50:11.335000+00:00 price=0.01285000 size=6778.80000000
2026-08-19 06:50:11,387 | INFO | crypto_bot | 1m CLOSED ts=2026-08-19T06:49:00+00:00 o=0.01286000 h=0.01286000 l=0.01286000 c=0.01286000 v=14139.90000000
2026-08-19 06:50:11,387 | INFO | crypto_bot | ENTRY signal=HOLD reason=trend_filter_not_passed meta={'regime': 'unknown'}
2026-08-19 06:50:11,389 | INFO | crypto_bot | TRADE pair=ROBO-USDT time=2026-08-19T06:50:11.335000+00:00 price=0.01285000 size=6778.80000000
2026-08-19 06:50:11,389 | INFO | crypto_bot | 1m CLOSED ts=2026-08-19T06:49:00+00:00 o=0.01286000 h=0.01286000 l=0.01286000 c=0.01286000 v=14139.90000000
2026-08-19 06:50:11,389 | INFO | crypto_bot | ENTRY signal=HOLD reason=breakout_not_passed meta={'ok': False, 'breakout_level': 0.01295, 'current_price': 0.01286, 'current_volume': 14139.9, 'avg_volume': 37780.465, 'extension_pct': -0.006949806949806935, 'is_breakout': False, 'volume_ok': False, 'not_overextended': True}
2026-08-19 06:50:11,389 | INFO | crypto_bot | 5m CLOSED ts=2026-08-19T06:45:00+00:00 o=0.01286000 h=0.01290000 l=0.01286000 c=0.01286000 v=112156.50000000
2026-08-19 06:50:11,979 | INFO | crypto_bot | 5m CLOSED ts=2026-08-19T06:45:00+00:00 o=0.01286000 h=0.01286000 l=0.01286000 c=0.01286000 v=14139.90000000
2026-08-19 06:51:57,981 | INFO | crypto_bot | TRADE pair=ROBO-USDT time=2026-08-19T06:51:57.929000+00:00 price=0.01284000 size=3115.30000000
2026-08-19 06:51:57,981 | INFO | crypto_bot | 1m CLOSED ts=2026-08-19T06:50:00+00:00 o=0.01285000 h=0.01285000 l=0.01285000 c=0.01285000 v=6778.80000000
2026-08-19 06:51:57,981 | INFO | crypto_bot | ENTRY signal=HOLD reason=trend_filter_not_passed meta={'regime': 'unknown'}
2026-08-19 06:51:57,981 | INFO | crypto_bot.telegram | Telegram duplicate suppressed
2026-08-19 06:51:57,982 | INFO | crypto_bot | TRADE pair=ROBO-USDT time=2026-08-19T06:51:57.929000+00:00 price=0.01284000 size=3115.30000000
2026-08-19 06:51:57,982 | INFO | crypto_bot | 1m CLOSED ts=2026-08-19T06:50:00+00:00 o=0.01285000 h=0.01285000 l=0.01285000 c=0.01285000 v=6778.80000000
2026-08-19 06:51:57,982 | INFO | crypto_bot | ENTRY signal=HOLD reason=breakout_not_passed meta={'ok': False, 'breakout_level': 0.01292, 'current_price': 0.01285, 'current_volume': 6778.8, 'avg_volume': 29279.68, 'extension_pct': -0.0054179566563466635, 'is_breakout': False, 'volume_ok': False, 'not_overextended': True}
2026-08-19 06:52:52,566 | INFO | crypto_bot | TRADE pair=ROBO-USDT time=2026-08-19T06:52:52.508000+00:00 price=0.01283000 size=15422.40000000
2026-08-19 06:52:52,566 | INFO | crypto_bot | 1m CLOSED ts=2026-08-19T06:51:00+00:00 o=0.01284000 h=0.01284000 l=0.01284000 c=0.01284000 v=3115.30000000
2026-08-19 06:52:52,566 | INFO | crypto_bot | ENTRY signal=HOLD reason=breakout_not_passed meta={'ok': False, 'breakout_level': 0.01292, 'current_price': 0.01284, 'current_volume': 3115.3, 'avg_volume': 28911.625, 'extension_pct': -0.006191950464396167, 'is_breakout': False, 'volume_ok': False, 'not_overextended': True}
2026-08-19 06:52:52,567 | INFO | crypto_bot | TRADE pair=ROBO-USDT time=2026-08-19T06:52:52.508000+00:00 price=0.01282000 size=9544.80000000
2026-08-19 06:52:52,569 | INFO | crypto_bot | TRADE pair=ROBO-USDT time=2026-08-19T06:52:52.508000+00:00 price=0.01283000 size=15422.40000000
2026-08-19 06:52:52,569 | INFO | crypto_bot | 1m CLOSED ts=2026-08-19T06:51:00+00:00 o=0.01284000 h=0.01284000 l=0.01284000 c=0.01284000 v=3115.30000000
2026-08-19 06:52:52,569 | INFO | crypto_bot | ENTRY signal=HOLD reason=trend_filter_not_passed meta={'regime': 'unknown'}
2026-08-19 06:52:52,569 | INFO | crypto_bot.telegram | Telegram duplicate suppressed
2026-08-19 06:52:52,570 | INFO | crypto_bot | TRADE pair=ROBO-USDT time=2026-08-19T06:52:52.508000+00:00 price=0.01282000 size=9544.80000000
2026-08-19 06:57:34,964 | INFO | crypto_bot | TRADE pair=ROBO-USDT time=2026-08-19T06:57:34.903000+00:00 price=0.01283000 size=27774.60000000
2026-08-19 06:57:34,965 | INFO | crypto_bot | 1m CLOSED ts=2026-08-19T06:52:00+00:00 o=0.01283000 h=0.01283000 l=0.01282000 c=0.01282000 v=24967.20000000
2026-08-19 06:57:34,965 | INFO | crypto_bot | ENTRY signal=HOLD reason=trend_filter_not_passed meta={'regime': 'unknown'}
2026-08-19 06:57:34,971 | INFO | crypto_bot | TRADE pair=ROBO-USDT time=2026-08-19T06:57:34.903000+00:00 price=0.01283000 size=27774.60000000
2026-08-19 06:57:34,971 | INFO | crypto_bot | 1m CLOSED ts=2026-08-19T06:52:00+00:00 o=0.01283000 h=0.01283000 l=0.01282000 c=0.01282000 v=24967.20000000
2026-08-19 06:57:34,972 | INFO | crypto_bot | ENTRY signal=HOLD reason=breakout_not_passed meta={'ok': False, 'breakout_level': 0.01292, 'current_price': 0.01282, 'current_volume': 24967.199999999997, 'avg_volume': 28360.394999999997, 'extension_pct': -0.00773993808049531, 'is_breakout': False, 'volume_ok': False, 'not_overextended': True}
2026-08-19 06:57:34,972 | INFO | crypto_bot | 5m CLOSED ts=2026-08-19T06:50:00+00:00 o=0.01285000 h=0.01285000 l=0.01282000 c=0.01282000 v=34861.30000000
2026-08-19 06:57:34,972 | INFO | crypto_bot | TRADE pair=ROBO-USDT time=2026-08-19T06:57:34.903000+00:00 price=0.01282000 size=18255.10000000
2026-08-19 06:57:34,972 | INFO | crypto_bot | TRADE pair=ROBO-USDT time=2026-08-19T06:57:34.904000+00:00 price=0.01282000 size=415.70000000
2026-08-19 06:57:35,503 | INFO | crypto_bot | 5m CLOSED ts=2026-08-19T06:50:00+00:00 o=0.01285000 h=0.01285000 l=0.01282000 c=0.01282000 v=34861.30000000
2026-08-19 06:57:35,503 | INFO | crypto_bot | TRADE pair=ROBO-USDT time=2026-08-19T06:57:34.903000+00:00 price=0.01282000 size=18255.10000000
2026-08-19 06:57:35,503 | INFO | crypto_bot | TRADE pair=ROBO-USDT time=2026-08-19T06:57:34.904000+00:00 price=0.01282000 size=415.70000000
2026-08-19 06:59:52,770 | INFO | crypto_bot | TRADE pair=ROBO-USDT time=2026-08-19T06:59:52.717000+00:00 price=0.01282000 size=21160.50000000
2026-08-19 06:59:52,770 | INFO | crypto_bot | 1m CLOSED ts=2026-08-19T06:57:00+00:00 o=0.01283000 h=0.01283000 l=0.01282000 c=0.01282000 v=46445.40000000
2026-08-19 06:59:52,771 | INFO | crypto_bot | ENTRY signal=HOLD reason=trend_filter_not_passed meta={'regime': 'unknown'}
2026-08-19 06:59:52,771 | INFO | crypto_bot.telegram | Telegram duplicate suppressed
2026-08-19 06:59:52,771 | INFO | crypto_bot | TRADE pair=ROBO-USDT time=2026-08-19T06:59:52.718000+00:00 price=0.01281000 size=9852.10000000
2026-08-19 06:59:52,771 | INFO | crypto_bot | TRADE pair=ROBO-USDT time=2026-08-19T06:59:52.717000+00:00 price=0.01282000 size=21160.50000000
2026-08-19 06:59:52,771 | INFO | crypto_bot | 1m CLOSED ts=2026-08-19T06:57:00+00:00 o=0.01283000 h=0.01283000 l=0.01282000 c=0.01282000 v=46445.40000000
2026-08-19 06:59:52,771 | INFO | crypto_bot | TRADE pair=ROBO-USDT time=2026-08-19T06:59:52.718000+00:00 price=0.01280000 size=1708.10000000
2026-08-19 06:59:52,771 | INFO | crypto_bot | ENTRY signal=HOLD reason=breakout_not_passed meta={'ok': False, 'breakout_level': 0.01292, 'current_price': 0.01282, 'current_volume': 46445.399999999994, 'avg_volume': 27561.9, 'extension_pct': -0.00773993808049531, 'is_breakout': False, 'volume_ok': True, 'not_overextended': True}
2026-08-19 06:59:52,772 | INFO | crypto_bot | TRADE pair=ROBO-USDT time=2026-08-19T06:59:52.718000+00:00 price=0.01281000 size=9852.10000000
2026-08-19 06:59:52,772 | INFO | crypto_bot | TRADE pair=ROBO-USDT time=2026-08-19T06:59:52.718000+00:00 price=0.01280000 size=1708.10000000
2026-08-19 06:59:52,774 | INFO | crypto_bot | TRADE pair=ROBO-USDT time=2026-08-19T06:59:52.722000+00:00 price=0.01282000 size=14139.90000000
2026-08-19 06:59:52,775 | INFO | crypto_bot | TRADE pair=ROBO-USDT time=2026-08-19T06:59:52.722000+00:00 price=0.01283000 size=14139.90000000
2026-08-19 06:59:52,775 | INFO | crypto_bot | TRADE pair=ROBO-USDT time=2026-08-19T06:59:52.722000+00:00 price=0.01284000 size=987.40000000
2026-08-19 06:59:52,775 | INFO | crypto_bot | TRADE pair=ROBO-USDT time=2026-08-19T06:59:52.723000+00:00 price=0.01284000 size=11384.50000000
2026-08-19 06:59:52,776 | INFO | crypto_bot | TRADE pair=ROBO-USDT time=2026-08-19T06:59:52.722000+00:00 price=0.01282000 size=14139.90000000
2026-08-19 06:59:52,776 | INFO | crypto_bot | TRADE pair=ROBO-USDT time=2026-08-19T06:59:52.722000+00:00 price=0.01283000 size=14139.90000000
2026-08-19 06:59:52,776 | INFO | crypto_bot | TRADE pair=ROBO-USDT time=2026-08-19T06:59:52.722000+00:00 price=0.01284000 size=987.40000000
2026-08-19 06:59:52,776 | INFO | crypto_bot | TRADE pair=ROBO-USDT time=2026-08-19T06:59:52.723000+00:00 price=0.01284000 size=11384.50000000
2026-08-19 06:59:52,839 | INFO | crypto_bot | TRADE pair=ROBO-USDT time=2026-08-19T06:59:52.785000+00:00 price=0.01287000 size=3844.80000000
2026-08-19 06:59:52,844 | INFO | crypto_bot | TRADE pair=ROBO-USDT time=2026-08-19T06:59:52.785000+00:00 price=0.01287000 size=3844.80000000
2026-08-19 06:59:53,071 | INFO | crypto_bot | TRADE pair=ROBO-USDT time=2026-08-19T06:59:53.019000+00:00 price=0.01288000 size=7668.00000000
2026-08-19 06:59:53,072 | INFO | crypto_bot | TRADE pair=ROBO-USDT time=2026-08-19T06:59:53.019000+00:00 price=0.01288000 size=7668.00000000
2026-08-19 06:59:53,077 | INFO | crypto_bot | TRADE pair=ROBO-USDT time=2026-08-19T06:59:53.025000+00:00 price=0.01288000 size=1917.00000000
2026-08-19 06:59:53,077 | INFO | crypto_bot | TRADE pair=ROBO-USDT time=2026-08-19T06:59:53.026000+00:00 price=0.01288000 size=3551.00000000
2026-08-19 06:59:53,079 | INFO | crypto_bot | TRADE pair=ROBO-USDT time=2026-08-19T06:59:53.025000+00:00 price=0.01288000 size=1917.00000000
2026-08-19 06:59:53,079 | INFO | crypto_bot | TRADE pair=ROBO-USDT time=2026-08-19T06:59:53.026000+00:00 price=0.01288000 size=3551.00000000
2026-08-19 07:00:05,054 | INFO | crypto_bot | TRADE pair=ROBO-USDT time=2026-08-19T07:00:05+00:00 price=0.01286000 size=12364.50000000
2026-08-19 07:00:05,054 | INFO | crypto_bot | 1m CLOSED ts=2026-08-19T06:59:00+00:00 o=0.01282000 h=0.01288000 l=0.01280000 c=0.01288000 v=90353.20000000
2026-08-19 07:00:05,054 | INFO | crypto_bot | ENTRY signal=HOLD reason=breakout_not_passed meta={'ok': False, 'breakout_level': 0.01292, 'current_price': 0.01288, 'current_volume': 90353.2, 'avg_volume': 26989.694999999996, 'extension_pct': -0.0030959752321980164, 'is_breakout': False, 'volume_ok': True, 'not_overextended': True}
2026-08-19 07:00:05,054 | INFO | crypto_bot | TRADE pair=ROBO-USDT time=2026-08-19T07:00:05+00:00 price=0.01286000 size=12364.50000000
2026-08-19 07:00:05,054 | INFO | crypto_bot | 1m CLOSED ts=2026-08-19T06:59:00+00:00 o=0.01282000 h=0.01288000 l=0.01280000 c=0.01288000 v=90353.20000000
2026-08-19 07:00:05,055 | INFO | crypto_bot | ENTRY signal=HOLD reason=trend_filter_not_passed meta={'regime': 'unknown'}
2026-08-19 07:00:05,055 | INFO | crypto_bot | 5m CLOSED ts=2026-08-19T06:55:00+00:00 o=0.01283000 h=0.01288000 l=0.01280000 c=0.01288000 v=136798.60000000
2026-08-19 07:00:05,055 | INFO | crypto_bot.telegram | Telegram duplicate suppressed
2026-08-19 07:00:05,055 | INFO | crypto_bot | 5m CLOSED ts=2026-08-19T06:55:00+00:00 o=0.01283000 h=0.01288000 l=0.01280000 c=0.01288000 v=136798.60000000
2026-08-19 07:00:42,344 | INFO | crypto_bot | TRADE pair=ROBO-USDT time=2026-08-19T07:00:42.291000+00:00 price=0.01287000 size=3844.80000000
2026-08-19 07:00:42,345 | INFO | crypto_bot | TRADE pair=ROBO-USDT time=2026-08-19T07:00:42.291000+00:00 price=0.01287000 size=3844.80000000
2026-08-19 07:01:07,951 | INFO | crypto_bot | TRADE pair=ROBO-USDT time=2026-08-19T07:01:07.898000+00:00 price=0.01286000 size=3148.10000000
2026-08-19 07:01:07,951 | INFO | crypto_bot | 1m CLOSED ts=2026-08-19T07:00:00+00:00 o=0.01286000 h=0.01287000 l=0.01286000 c=0.01287000 v=16209.30000000
2026-08-19 07:01:07,951 | INFO | crypto_bot | ENTRY signal=HOLD reason=trend_filter_not_passed meta={'regime': 'unknown'}
2026-08-19 07:01:07,951 | INFO | crypto_bot.telegram | Telegram duplicate suppressed
2026-08-19 07:01:07,952 | INFO | crypto_bot | TRADE pair=ROBO-USDT time=2026-08-19T07:01:07.898000+00:00 price=0.01286000 size=3148.10000000
2026-08-19 07:01:07,952 | INFO | crypto_bot | 1m CLOSED ts=2026-08-19T07:00:00+00:00 o=0.01286000 h=0.01287000 l=0.01286000 c=0.01287000 v=16209.30000000
2026-08-19 07:01:07,952 | INFO | crypto_bot | ENTRY signal=HOLD reason=breakout_not_passed meta={'ok': False, 'breakout_level': 0.01292, 'current_price': 0.01287, 'current_volume': 16209.3, 'avg_volume': 31166.364999999998, 'extension_pct': -0.003869969040247655, 'is_breakout': False, 'volume_ok': False, 'not_overextended': True}
2026-08-19 07:02:16,763 | INFO | crypto_bot | TRADE pair=ROBO-USDT time=2026-08-19T07:02:16.710000+00:00 price=0.01287000 size=13104.10000000
2026-08-19 07:02:16,763 | INFO | crypto_bot | 1m CLOSED ts=2026-08-19T07:01:00+00:00 o=0.01286000 h=0.01286000 l=0.01286000 c=0.01286000 v=3148.10000000
2026-08-19 07:02:16,763 | INFO | crypto_bot | ENTRY signal=HOLD reason=trend_filter_not_passed meta={'regime': 'unknown'}
2026-08-19 07:02:16,763 | INFO | crypto_bot.telegram | Telegram duplicate suppressed
2026-08-19 07:02:16,764 | INFO | crypto_bot | TRADE pair=ROBO-USDT time=2026-08-19T07:02:16.710000+00:00 price=0.01287000 size=13104.10000000
2026-08-19 07:02:16,764 | INFO | crypto_bot | 1m CLOSED ts=2026-08-19T07:01:00+00:00 o=0.01286000 h=0.01286000 l=0.01286000 c=0.01286000 v=3148.10000000
2026-08-19 07:02:16,765 | INFO | crypto_bot | ENTRY signal=HOLD reason=breakout_not_passed meta={'ok': False, 'breakout_level': 0.01292, 'current_price': 0.01286, 'current_volume': 3148.1, 'avg_volume': 30258.194999999996, 'extension_pct': -0.004643962848297159, 'is_breakout': False, 'volume_ok': False, 'not_overextended': True}
2026-08-19 07:03:06,005 | INFO | crypto_bot | TRADE pair=ROBO-USDT time=2026-08-19T07:03:05.953000+00:00 price=0.01291000 size=113.50000000
2026-08-19 07:03:06,005 | INFO | crypto_bot | 1m CLOSED ts=2026-08-19T07:02:00+00:00 o=0.01287000 h=0.01287000 l=0.01287000 c=0.01287000 v=13104.10000000
2026-08-19 07:03:06,005 | INFO | crypto_bot | ENTRY signal=HOLD reason=trend_filter_not_passed meta={'regime': 'unknown'}
2026-08-19 07:03:06,006 | INFO | crypto_bot | TRADE pair=ROBO-USDT time=2026-08-19T07:03:05.953000+00:00 price=0.01291000 size=113.50000000
2026-08-19 07:03:06,006 | INFO | crypto_bot | 1m CLOSED ts=2026-08-19T07:02:00+00:00 o=0.01287000 h=0.01287000 l=0.01287000 c=0.01287000 v=13104.10000000
2026-08-19 07:03:06,007 | INFO | crypto_bot | ENTRY signal=HOLD reason=breakout_not_passed meta={'ok': False, 'breakout_level': 0.01292, 'current_price': 0.01287, 'current_volume': 13104.1, 'avg_volume': 30074.309999999998, 'extension_pct': -0.003869969040247655, 'is_breakout': False, 'volume_ok': False, 'not_overextended': True}
2026-08-19 07:03:09,375 | INFO | crypto_bot | TRADE pair=ROBO-USDT time=2026-08-19T07:03:09.323000+00:00 price=0.01293000 size=125.40000000
2026-08-19 07:03:09,376 | INFO | crypto_bot | TRADE pair=ROBO-USDT time=2026-08-19T07:03:09.323000+00:00 price=0.01293000 size=125.40000000
2026-08-19 07:03:09,381 | INFO | crypto_bot | TRADE pair=ROBO-USDT time=2026-08-19T07:03:09.329000+00:00 price=0.01295000 size=116.10000000
2026-08-19 07:03:09,382 | INFO | crypto_bot | TRADE pair=ROBO-USDT time=2026-08-19T07:03:09.329000+00:00 price=0.01295000 size=116.10000000
2026-08-19 07:03:15,385 | INFO | crypto_bot | TRADE pair=ROBO-USDT time=2026-08-19T07:03:15.333000+00:00 price=0.01296000 size=3099.00000000
2026-08-19 07:03:15,386 | INFO | crypto_bot | TRADE pair=ROBO-USDT time=2026-08-19T07:03:15.333000+00:00 price=0.01296000 size=3099.00000000
2026-08-19 07:04:51,643 | INFO | crypto_bot | TRADE pair=ROBO-USDT time=2026-08-19T07:04:51.590000+00:00 price=0.01296000 size=2580.00000000
2026-08-19 07:04:51,643 | INFO | crypto_bot | 1m CLOSED ts=2026-08-19T07:03:00+00:00 o=0.01291000 h=0.01296000 l=0.01291000 c=0.01296000 v=3454.00000000
2026-08-19 07:04:51,643 | INFO | crypto_bot | ENTRY signal=HOLD reason=trend_filter_not_passed meta={'regime': 'unknown'}
2026-08-19 07:04:51,643 | INFO | crypto_bot.telegram | Telegram duplicate suppressed
2026-08-19 07:04:51,644 | INFO | crypto_bot | TRADE pair=ROBO-USDT time=2026-08-19T07:04:51.590000+00:00 price=0.01296000 size=2580.00000000
2026-08-19 07:04:51,644 | INFO | crypto_bot | 1m CLOSED ts=2026-08-19T07:03:00+00:00 o=0.01291000 h=0.01296000 l=0.01291000 c=0.01296000 v=3454.00000000
2026-08-19 07:04:51,644 | INFO | crypto_bot | ENTRY signal=HOLD reason=breakout_not_passed meta={'ok': False, 'breakout_level': 0.01292, 'current_price': 0.01296, 'current_volume': 3454.0, 'avg_volume': 30344.764999999996, 'extension_pct': 0.003095975232198151, 'is_breakout': True, 'volume_ok': False, 'not_overextended': True}
2026-08-19 07:06:22,449 | INFO | crypto_bot | TRADE pair=ROBO-USDT time=2026-08-19T07:06:22.395000+00:00 price=0.01297000 size=113.50000000
2026-08-19 07:06:22,449 | INFO | crypto_bot | 1m CLOSED ts=2026-08-19T07:04:00+00:00 o=0.01296000 h=0.01296000 l=0.01296000 c=0.01296000 v=2580.00000000
2026-08-19 07:06:22,449 | INFO | crypto_bot | ENTRY signal=HOLD reason=breakout_not_passed meta={'ok': False, 'breakout_level': 0.01296, 'current_price': 0.01296, 'current_volume': 2580.0, 'avg_volume': 29168.684999999998, 'extension_pct': 0.0, 'is_breakout': False, 'volume_ok': False, 'not_overextended': True}
2026-08-19 07:06:22,449 | INFO | crypto_bot | TRADE pair=ROBO-USDT time=2026-08-19T07:06:22.395000+00:00 price=0.01297000 size=113.50000000
2026-08-19 07:06:22,449 | INFO | crypto_bot | 1m CLOSED ts=2026-08-19T07:04:00+00:00 o=0.01296000 h=0.01296000 l=0.01296000 c=0.01296000 v=2580.00000000
2026-08-19 07:06:22,449 | INFO | crypto_bot | 5m CLOSED ts=2026-08-19T07:00:00+00:00 o=0.01286000 h=0.01296000 l=0.01286000 c=0.01296000 v=38495.50000000
2026-08-19 07:06:22,450 | INFO | crypto_bot | ENTRY signal=HOLD reason=trend_filter_not_passed meta={'regime': 'unknown'}
2026-08-19 07:06:22,450 | INFO | crypto_bot | TRADE pair=ROBO-USDT time=2026-08-19T07:06:22.395000+00:00 price=0.01298000 size=1327.70000000
2026-08-19 07:06:22,450 | INFO | crypto_bot.telegram | Telegram duplicate suppressed
2026-08-19 07:06:22,450 | INFO | crypto_bot | TRADE pair=ROBO-USDT time=2026-08-19T07:06:22.395000+00:00 price=0.01298000 size=4285.60000000
2026-08-19 07:06:22,450 | INFO | crypto_bot | 5m CLOSED ts=2026-08-19T07:00:00+00:00 o=0.01286000 h=0.01296000 l=0.01286000 c=0.01296000 v=38495.50000000
2026-08-19 07:06:22,450 | INFO | crypto_bot | TRADE pair=ROBO-USDT time=2026-08-19T07:06:22.395000+00:00 price=0.01298000 size=1327.70000000
2026-08-19 07:06:22,451 | INFO | crypto_bot | TRADE pair=ROBO-USDT time=2026-08-19T07:06:22.395000+00:00 price=0.01298000 size=4285.60000000
2026-08-19 07:07:40,299 | INFO | crypto_bot | TRADE pair=ROBO-USDT time=2026-08-19T07:07:40.247000+00:00 price=0.01299000 size=581.70000000
2026-08-19 07:07:40,299 | INFO | crypto_bot | 1m CLOSED ts=2026-08-19T07:06:00+00:00 o=0.01297000 h=0.01298000 l=0.01297000 c=0.01298000 v=5726.80000000
2026-08-19 07:07:40,299 | INFO | crypto_bot | ENTRY signal=HOLD reason=trend_filter_not_passed meta={'regime': 'unknown'}
2026-08-19 07:07:40,299 | INFO | crypto_bot.telegram | Telegram duplicate suppressed
2026-08-19 07:07:40,300 | INFO | crypto_bot | TRADE pair=ROBO-USDT time=2026-08-19T07:07:40.247000+00:00 price=0.01299000 size=581.70000000
2026-08-19 07:07:40,301 | INFO | crypto_bot | 1m CLOSED ts=2026-08-19T07:06:00+00:00 o=0.01297000 h=0.01298000 l=0.01297000 c=0.01298000 v=5726.80000000
2026-08-19 07:07:40,301 | INFO | crypto_bot | ENTRY signal=HOLD reason=breakout_not_passed meta={'ok': False, 'breakout_level': 0.01296, 'current_price': 0.01298, 'current_volume': 5726.8, 'avg_volume': 28947.684999999998, 'extension_pct': 0.001543209876543281, 'is_breakout': True, 'volume_ok': False, 'not_overextended': True}
2026-08-19 07:07:48,036 | INFO | crypto_bot | TRADE pair=ROBO-USDT time=2026-08-19T07:07:47.984000+00:00 price=0.01298000 size=14139.90000000
2026-08-19 07:07:48,038 | INFO | crypto_bot | TRADE pair=ROBO-USDT time=2026-08-19T07:07:47.984000+00:00 price=0.01298000 size=14139.90000000
2026-08-19 07:07:54,554 | INFO | crypto_bot | TRADE pair=ROBO-USDT time=2026-08-19T07:07:54.502000+00:00 price=0.01299000 size=2323.20000000
2026-08-19 07:07:54,555 | INFO | crypto_bot | TRADE pair=ROBO-USDT time=2026-08-19T07:07:54.502000+00:00 price=0.01299000 size=2323.20000000
2026-08-19 07:08:10,156 | INFO | crypto_bot | TRADE pair=ROBO-USDT time=2026-08-19T07:08:10.104000+00:00 price=0.01298000 size=460.20000000
2026-08-19 07:08:10,156 | INFO | crypto_bot | 1m CLOSED ts=2026-08-19T07:07:00+00:00 o=0.01299000 h=0.01299000 l=0.01298000 c=0.01299000 v=17044.80000000
2026-08-19 07:08:10,157 | INFO | crypto_bot | ENTRY signal=HOLD reason=trend_filter_not_passed meta={'regime': 'unknown'}
2026-08-19 07:08:10,157 | INFO | crypto_bot | TRADE pair=ROBO-USDT time=2026-08-19T07:08:10.104000+00:00 price=0.01298000 size=460.20000000
2026-08-19 07:08:10,158 | INFO | crypto_bot | 1m CLOSED ts=2026-08-19T07:07:00+00:00 o=0.01299000 h=0.01299000 l=0.01298000 c=0.01299000 v=17044.80000000
2026-08-19 07:08:10,158 | INFO | crypto_bot | ENTRY signal=HOLD reason=breakout_not_passed meta={'ok': False, 'breakout_level': 0.01298, 'current_price': 0.01299, 'current_volume': 17044.8, 'avg_volume': 28527.03, 'extension_pct': 0.0007704160246532814, 'is_breakout': True, 'volume_ok': False, 'not_overextended': True}
2026-08-19 07:08:48,756 | INFO | crypto_bot | TRADE pair=ROBO-USDT time=2026-08-19T07:08:48.702000+00:00 price=0.01297000 size=389.60000000
2026-08-19 07:08:48,756 | INFO | crypto_bot | TRADE pair=ROBO-USDT time=2026-08-19T07:08:48.703000+00:00 price=0.01297000 size=13750.30000000
2026-08-19 07:08:48,764 | INFO | crypto_bot | TRADE pair=ROBO-USDT time=2026-08-19T07:08:48.702000+00:00 price=0.01297000 size=389.60000000
2026-08-19 07:08:48,764 | INFO | crypto_bot | TRADE pair=ROBO-USDT time=2026-08-19T07:08:48.703000+00:00 price=0.01297000 size=13750.30000000
2026-08-19 07:08:51,934 | INFO | crypto_bot | TRADE pair=ROBO-USDT time=2026-08-19T07:08:51.881000+00:00 price=0.01298000 size=13856.00000000
2026-08-19 07:08:51,935 | INFO | crypto_bot | TRADE pair=ROBO-USDT time=2026-08-19T07:08:51.881000+00:00 price=0.01298000 size=13856.00000000
2026-08-19 07:08:53,441 | INFO | crypto_bot | TRADE pair=ROBO-USDT time=2026-08-19T07:08:53.389000+00:00 price=0.01298000 size=4309.00000000
2026-08-19 07:08:53,442 | INFO | crypto_bot | TRADE pair=ROBO-USDT time=2026-08-19T07:08:53.389000+00:00 price=0.01298000 size=4309.00000000
2026-08-19 07:10:19,515 | INFO | crypto_bot | TRADE pair=ROBO-USDT time=2026-08-19T07:10:19.463000+00:00 price=0.01299000 size=14745.70000000
2026-08-19 07:10:19,515 | INFO | crypto_bot | 1m CLOSED ts=2026-08-19T07:08:00+00:00 o=0.01298000 h=0.01298000 l=0.01297000 c=0.01298000 v=32765.10000000
2026-08-19 07:10:19,515 | INFO | crypto_bot | ENTRY signal=HOLD reason=trend_filter_not_passed meta={'regime': 'unknown'}
2026-08-19 07:10:19,515 | INFO | crypto_bot.telegram | Telegram duplicate suppressed
2026-08-19 07:10:19,515 | INFO | crypto_bot | 5m CLOSED ts=2026-08-19T07:05:00+00:00 o=0.01297000 h=0.01299000 l=0.01297000 c=0.01298000 v=55536.70000000
2026-08-19 07:10:19,516 | INFO | crypto_bot | TRADE pair=ROBO-USDT time=2026-08-19T07:10:19.463000+00:00 price=0.01299000 size=14745.70000000
2026-08-19 07:10:19,516 | INFO | crypto_bot | 1m CLOSED ts=2026-08-19T07:08:00+00:00 o=0.01298000 h=0.01298000 l=0.01297000 c=0.01298000 v=32765.10000000
2026-08-19 07:10:19,516 | INFO | crypto_bot | ENTRY signal=HOLD reason=breakout_not_passed meta={'ok': False, 'breakout_level': 0.01299, 'current_price': 0.01298, 'current_volume': 32765.1, 'avg_volume': 21209.975, 'extension_pct': -0.0007698229407236022, 'is_breakout': False, 'volume_ok': True, 'not_overextended': True}
2026-08-19 07:10:19,517 | INFO | crypto_bot | 5m CLOSED ts=2026-08-19T07:05:00+00:00 o=0.01297000 h=0.01299000 l=0.01297000 c=0.01298000 v=55536.70000000
2026-08-19 07:10:44,495 | INFO | crypto_bot | TRADE pair=ROBO-USDT time=2026-08-19T07:10:44.443000+00:00 price=0.01298000 size=17130.50000000
2026-08-19 07:10:44,496 | INFO | crypto_bot | TRADE pair=ROBO-USDT time=2026-08-19T07:10:44.443000+00:00 price=0.01298000 size=17130.50000000
2026-08-19 07:11:18,045 | INFO | crypto_bot | TRADE pair=ROBO-USDT time=2026-08-19T07:11:17.992000+00:00 price=0.01300000 size=38431.90000000
2026-08-19 07:11:18,046 | INFO | crypto_bot | TRADE pair=ROBO-USDT time=2026-08-19T07:11:17.992000+00:00 price=0.01300000 size=38431.90000000
2026-08-19 07:11:18,046 | INFO | crypto_bot | 1m CLOSED ts=2026-08-19T07:10:00+00:00 o=0.01299000 h=0.01299000 l=0.01298000 c=0.01298000 v=31876.20000000
2026-08-19 07:11:18,046 | INFO | crypto_bot | 1m CLOSED ts=2026-08-19T07:10:00+00:00 o=0.01299000 h=0.01299000 l=0.01298000 c=0.01298000 v=31876.20000000
2026-08-19 07:11:18,046 | INFO | crypto_bot | ENTRY signal=HOLD reason=trend_filter_not_passed meta={'regime': 'unknown'}
2026-08-19 07:11:18,046 | INFO | crypto_bot.telegram | Telegram duplicate suppressed
2026-08-19 07:11:18,046 | INFO | crypto_bot | ENTRY signal=HOLD reason=breakout_not_passed meta={'ok': False, 'breakout_level': 0.01299, 'current_price': 0.01298, 'current_volume': 31876.2, 'avg_volume': 22784.105, 'extension_pct': -0.0007698229407236022, 'is_breakout': False, 'volume_ok': False, 'not_overextended': True}
2026-08-19 07:14:58,474 | INFO | crypto_bot | TRADE pair=ROBO-USDT time=2026-08-19T07:14:58.422000+00:00 price=0.01300000 size=13865.70000000
2026-08-19 07:14:58,474 | INFO | crypto_bot | 1m CLOSED ts=2026-08-19T07:11:00+00:00 o=0.01300000 h=0.01300000 l=0.01300000 c=0.01300000 v=38431.90000000
2026-08-19 07:14:58,475 | INFO | crypto_bot | ENTRY signal=HOLD reason=trend_filter_not_passed meta={'regime': 'unknown'}
2026-08-19 07:14:58,476 | INFO | crypto_bot | TRADE pair=ROBO-USDT time=2026-08-19T07:14:58.422000+00:00 price=0.01300000 size=13865.70000000
2026-08-19 07:14:58,476 | INFO | crypto_bot | 1m CLOSED ts=2026-08-19T07:11:00+00:00 o=0.01300000 h=0.01300000 l=0.01300000 c=0.01300000 v=38431.90000000
2026-08-19 07:14:58,476 | INFO | crypto_bot | ENTRY signal=BUY reason=trend_breakout_confirmed meta={'regime': 'trend_up', 'breakout_level': 0.01299, 'extension_pct': 0.0007698229407236022, 'current_volume': 38431.9, 'avg_volume': 24365.954999999998}
2026-08-19 07:14:58,476 | WARNING | crypto_bot | [MONITOR] BUY ROBO-USDT qty=2307.69230769 price=0.01300000 stop=0.01284400 tp1=0.01326000 tp2=0.01352000
2026-08-19 07:19:01,030 | INFO | crypto_bot | TRADE pair=ROBO-USDT time=2026-08-19T07:19:00.978000+00:00 price=0.01302000 size=15718.80000000
2026-08-19 07:19:01,030 | INFO | crypto_bot | 1m CLOSED ts=2026-08-19T07:14:00+00:00 o=0.01300000 h=0.01300000 l=0.01300000 c=0.01300000 v=13865.70000000
2026-08-19 07:19:01,030 | INFO | crypto_bot | ENTRY signal=HOLD reason=trend_filter_not_passed meta={'regime': 'unknown'}
2026-08-19 07:19:01,031 | INFO | crypto_bot.telegram | Telegram duplicate suppressed
2026-08-19 07:19:01,031 | INFO | crypto_bot | 5m CLOSED ts=2026-08-19T07:10:00+00:00 o=0.01299000 h=0.01300000 l=0.01298000 c=0.01300000 v=84173.80000000
2026-08-19 07:19:01,031 | INFO | crypto_bot | TRADE pair=ROBO-USDT time=2026-08-19T07:19:00.979000+00:00 price=0.01302000 size=84281.20000000
2026-08-19 07:19:01,032 | INFO | crypto_bot | TRADE pair=ROBO-USDT time=2026-08-19T07:19:00.978000+00:00 price=0.01302000 size=15718.80000000
2026-08-19 07:19:01,032 | INFO | crypto_bot | 1m CLOSED ts=2026-08-19T07:14:00+00:00 o=0.01300000 h=0.01300000 l=0.01300000 c=0.01300000 v=13865.70000000
2026-08-19 07:19:01,032 | INFO | crypto_bot | EXIT signal=HOLD reason=hold_position meta={'pnl_pct': 0.0}
2026-08-19 07:19:01,032 | INFO | crypto_bot | 5m CLOSED ts=2026-08-19T07:10:00+00:00 o=0.01299000 h=0.01300000 l=0.01298000 c=0.01300000 v=84173.80000000
2026-08-19 07:19:01,033 | INFO | crypto_bot | TRADE pair=ROBO-USDT time=2026-08-19T07:19:00.979000+00:00 price=0.01302000 size=84281.20000000
2026-08-19 07:19:09,965 | INFO | crypto_bot | TRADE pair=ROBO-USDT time=2026-08-19T07:19:09.908000+00:00 price=0.01302000 size=15422.40000000
2026-08-19 07:19:09,966 | INFO | crypto_bot | TRADE pair=ROBO-USDT time=2026-08-19T07:19:09.909000+00:00 price=0.01302000 size=84577.60000000
2026-08-19 07:19:09,966 | INFO | crypto_bot | TRADE pair=ROBO-USDT time=2026-08-19T07:19:09.908000+00:00 price=0.01302000 size=15422.40000000
2026-08-19 07:19:09,966 | INFO | crypto_bot | TRADE pair=ROBO-USDT time=2026-08-19T07:19:09.909000+00:00 price=0.01302000 size=84577.60000000
2026-08-19 07:19:46,420 | INFO | crypto_bot | TRADE pair=ROBO-USDT time=2026-08-19T07:19:46.368000+00:00 price=0.01303000 size=2030.70000000
2026-08-19 07:19:46,420 | INFO | crypto_bot | TRADE pair=ROBO-USDT time=2026-08-19T07:19:46.368000+00:00 price=0.01303000 size=12365.20000000
2026-08-19 07:19:46,422 | INFO | crypto_bot | TRADE pair=ROBO-USDT time=2026-08-19T07:19:46.368000+00:00 price=0.01303000 size=2030.70000000
2026-08-19 07:19:46,422 | INFO | crypto_bot | TRADE pair=ROBO-USDT time=2026-08-19T07:19:46.368000+00:00 price=0.01303000 size=12365.20000000
2026-08-19 07:19:46,424 | INFO | crypto_bot | TRADE pair=ROBO-USDT time=2026-08-19T07:19:46.372000+00:00 price=0.01303000 size=531.10000000
2026-08-19 07:19:46,425 | INFO | crypto_bot | TRADE pair=ROBO-USDT time=2026-08-19T07:19:46.372000+00:00 price=0.01303000 size=531.10000000
2026-08-19 07:19:47,491 | INFO | crypto_bot | TRADE pair=ROBO-USDT time=2026-08-19T07:19:47.439000+00:00 price=0.01302000 size=20905.20000000
2026-08-19 07:19:47,492 | INFO | crypto_bot | TRADE pair=ROBO-USDT time=2026-08-19T07:19:47.439000+00:00 price=0.01302000 size=20905.20000000
2026-08-19 07:20:01,826 | INFO | crypto_bot | TRADE pair=ROBO-USDT time=2026-08-19T07:20:01.773000+00:00 price=0.01300000 size=14139.90000000
2026-08-19 07:20:01,826 | INFO | crypto_bot | 1m CLOSED ts=2026-08-19T07:19:00+00:00 o=0.01302000 h=0.01303000 l=0.01302000 c=0.01302000 v=235832.20000000
2026-08-19 07:20:01,826 | INFO | crypto_bot | ENTRY signal=HOLD reason=trend_filter_not_passed meta={'regime': 'unknown'}
2026-08-19 07:20:01,827 | INFO | crypto_bot | TRADE pair=ROBO-USDT time=2026-08-19T07:20:01.773000+00:00 price=0.01300000 size=14139.90000000
2026-08-19 07:20:01,827 | INFO | crypto_bot | 1m CLOSED ts=2026-08-19T07:19:00+00:00 o=0.01302000 h=0.01303000 l=0.01302000 c=0.01302000 v=235832.20000000
2026-08-19 07:20:01,828 | INFO | crypto_bot | EXIT signal=HOLD reason=hold_position meta={'pnl_pct': 0.0015384615384616094}
2026-08-19 07:20:01,828 | INFO | crypto_bot | 5m CLOSED ts=2026-08-19T07:15:00+00:00 o=0.01302000 h=0.01303000 l=0.01302000 c=0.01302000 v=235832.20000000
2026-08-19 07:20:02,370 | INFO | crypto_bot | 5m CLOSED ts=2026-08-19T07:15:00+00:00 o=0.01302000 h=0.01303000 l=0.01302000 c=0.01302000 v=235832.20000000
2026-08-19 07:20:12,634 | INFO | crypto_bot | TRADE pair=ROBO-USDT time=2026-08-19T07:20:12.582000+00:00 price=0.01300000 size=1000.00000000
2026-08-19 07:20:12,635 | INFO | crypto_bot | TRADE pair=ROBO-USDT time=2026-08-19T07:20:12.582000+00:00 price=0.01300000 size=1000.00000000
2026-08-19 07:20:23,991 | INFO | crypto_bot | TRADE pair=ROBO-USDT time=2026-08-19T07:20:23.939000+00:00 price=0.01299000 size=3000.00000000
2026-08-19 07:20:23,993 | INFO | crypto_bot | TRADE pair=ROBO-USDT time=2026-08-19T07:20:23.939000+00:00 price=0.01299000 size=3000.00000000
2026-08-19 07:22:08,312 | INFO | crypto_bot | TRADE pair=ROBO-USDT time=2026-08-19T07:22:08.247000+00:00 price=0.01299000 size=13423.00000000
2026-08-19 07:22:08,312 | INFO | crypto_bot | TRADE pair=ROBO-USDT time=2026-08-19T07:22:08.247000+00:00 price=0.01299000 size=13423.00000000
2026-08-19 07:22:08,312 | INFO | crypto_bot | 1m CLOSED ts=2026-08-19T07:20:00+00:00 o=0.01300000 h=0.01300000 l=0.01299000 c=0.01299000 v=18139.90000000
2026-08-19 07:22:08,312 | INFO | crypto_bot | 1m CLOSED ts=2026-08-19T07:20:00+00:00 o=0.01300000 h=0.01300000 l=0.01299000 c=0.01299000 v=18139.90000000
2026-08-19 07:22:08,312 | INFO | crypto_bot | ENTRY signal=HOLD reason=trend_filter_not_passed meta={'regime': 'unknown'}
2026-08-19 07:22:08,312 | INFO | crypto_bot | EXIT signal=HOLD reason=hold_position meta={'pnl_pct': -0.0007692307692307379}
2026-08-19 07:22:08,312 | INFO | crypto_bot.telegram | Telegram duplicate suppressed
2026-08-19 07:22:13,834 | INFO | crypto_bot | TRADE pair=ROBO-USDT time=2026-08-19T07:22:13.782000+00:00 price=0.01297000 size=38491.10000000
2026-08-19 07:22:13,835 | INFO | crypto_bot | TRADE pair=ROBO-USDT time=2026-08-19T07:22:13.782000+00:00 price=0.01297000 size=38491.10000000
2026-08-19 07:22:55,570 | INFO | crypto_bot | TRADE pair=ROBO-USDT time=2026-08-19T07:22:55.512000+00:00 price=0.01297000 size=468.90000000
2026-08-19 07:22:55,570 | INFO | crypto_bot | TRADE pair=ROBO-USDT time=2026-08-19T07:22:55.512000+00:00 price=0.01297000 size=468.90000000
2026-08-19 07:22:57,639 | INFO | crypto_bot | TRADE pair=ROBO-USDT time=2026-08-19T07:22:57.587000+00:00 price=0.01297000 size=11570.40000000
2026-08-19 07:22:57,640 | INFO | crypto_bot | TRADE pair=ROBO-USDT time=2026-08-19T07:22:57.587000+00:00 price=0.01297000 size=11570.40000000
2026-08-19 07:25:06,766 | INFO | crypto_bot | TRADE pair=ROBO-USDT time=2026-08-19T07:25:06.713000+00:00 price=0.01296000 size=9948.40000000
2026-08-19 07:25:06,766 | INFO | crypto_bot | 1m CLOSED ts=2026-08-19T07:22:00+00:00 o=0.01299000 h=0.01299000 l=0.01297000 c=0.01297000 v=63953.40000000
2026-08-19 07:25:06,766 | INFO | crypto_bot | ENTRY signal=HOLD reason=trend_filter_not_passed meta={'regime': 'unknown'}
2026-08-19 07:25:06,766 | INFO | crypto_bot | TRADE pair=ROBO-USDT time=2026-08-19T07:25:06.713000+00:00 price=0.01296000 size=9948.40000000
2026-08-19 07:25:06,767 | INFO | crypto_bot | 1m CLOSED ts=2026-08-19T07:22:00+00:00 o=0.01299000 h=0.01299000 l=0.01297000 c=0.01297000 v=63953.40000000
2026-08-19 07:25:06,767 | INFO | crypto_bot | EXIT signal=HOLD reason=hold_position meta={'pnl_pct': -0.002307692307692214}
2026-08-19 07:25:06,767 | INFO | crypto_bot | 5m CLOSED ts=2026-08-19T07:20:00+00:00 o=0.01300000 h=0.01300000 l=0.01297000 c=0.01297000 v=82093.30000000
2026-08-19 07:25:07,351 | INFO | crypto_bot | 5m CLOSED ts=2026-08-19T07:20:00+00:00 o=0.01300000 h=0.01300000 l=0.01297000 c=0.01297000 v=82093.30000000
2026-08-19 07:25:14,469 | INFO | crypto_bot | TRADE pair=ROBO-USDT time=2026-08-19T07:25:14.416000+00:00 price=0.01296000 size=9641.20000000
2026-08-19 07:25:14,469 | INFO | crypto_bot | TRADE pair=ROBO-USDT time=2026-08-19T07:25:14.416000+00:00 price=0.01297000 size=15422.40000000
2026-08-19 07:25:14,469 | INFO | crypto_bot | TRADE pair=ROBO-USDT time=2026-08-19T07:25:14.416000+00:00 price=0.01298000 size=14224.40000000
2026-08-19 07:25:14,470 | INFO | crypto_bot | TRADE pair=ROBO-USDT time=2026-08-19T07:25:14.416000+00:00 price=0.01296000 size=9641.20000000
2026-08-19 07:25:14,470 | INFO | crypto_bot | TRADE pair=ROBO-USDT time=2026-08-19T07:25:14.416000+00:00 price=0.01297000 size=15422.40000000
2026-08-19 07:25:14,470 | INFO | crypto_bot | TRADE pair=ROBO-USDT time=2026-08-19T07:25:14.416000+00:00 price=0.01298000 size=14224.40000000
2026-08-19 07:27:28,568 | INFO | crypto_bot | TRADE pair=ROBO-USDT time=2026-08-19T07:27:28.516000+00:00 price=0.01297000 size=13193.50000000
2026-08-19 07:27:28,569 | INFO | crypto_bot | 1m CLOSED ts=2026-08-19T07:25:00+00:00 o=0.01296000 h=0.01298000 l=0.01296000 c=0.01298000 v=49236.40000000
2026-08-19 07:27:28,569 | INFO | crypto_bot | ENTRY signal=HOLD reason=trend_filter_not_passed meta={'regime': 'unknown'}
2026-08-19 07:27:28,569 | INFO | crypto_bot.telegram | Telegram duplicate suppressed
2026-08-19 07:27:28,570 | INFO | crypto_bot | TRADE pair=ROBO-USDT time=2026-08-19T07:27:28.516000+00:00 price=0.01297000 size=13193.50000000
2026-08-19 07:27:28,570 | INFO | crypto_bot | 1m CLOSED ts=2026-08-19T07:25:00+00:00 o=0.01296000 h=0.01298000 l=0.01296000 c=0.01298000 v=49236.40000000
2026-08-19 07:27:28,570 | INFO | crypto_bot | EXIT signal=HOLD reason=hold_position meta={'pnl_pct': -0.0015384615384614758}
2026-08-19 07:27:42,302 | INFO | crypto_bot | TRADE pair=ROBO-USDT time=2026-08-19T07:27:42.251000+00:00 price=0.01298000 size=356.70000000
2026-08-19 07:27:42,304 | INFO | crypto_bot | TRADE pair=ROBO-USDT time=2026-08-19T07:27:42.251000+00:00 price=0.01298000 size=356.70000000
2026-08-19 07:28:25,367 | INFO | crypto_bot | TRADE pair=ROBO-USDT time=2026-08-19T07:28:25.315000+00:00 price=0.01303000 size=20509.60000000
2026-08-19 07:28:25,367 | INFO | crypto_bot | 1m CLOSED ts=2026-08-19T07:27:00+00:00 o=0.01297000 h=0.01298000 l=0.01297000 c=0.01298000 v=13550.20000000
2026-08-19 07:28:25,367 | INFO | crypto_bot | ENTRY signal=HOLD reason=trend_filter_not_passed meta={'regime': 'unknown'}
2026-08-19 07:28:25,367 | INFO | crypto_bot.telegram | Telegram duplicate suppressed
2026-08-19 07:28:25,368 | INFO | crypto_bot | TRADE pair=ROBO-USDT time=2026-08-19T07:28:25.315000+00:00 price=0.01303000 size=20509.60000000
2026-08-19 07:28:25,368 | INFO | crypto_bot | 1m CLOSED ts=2026-08-19T07:27:00+00:00 o=0.01297000 h=0.01298000 l=0.01297000 c=0.01298000 v=13550.20000000
2026-08-19 07:28:25,369 | INFO | crypto_bot | EXIT signal=HOLD reason=hold_position meta={'pnl_pct': -0.0015384615384614758}
2026-08-19 07:28:29,292 | INFO | crypto_bot | TRADE pair=ROBO-USDT time=2026-08-19T07:28:29.239000+00:00 price=0.01304000 size=113.50000000
2026-08-19 07:28:29,293 | INFO | crypto_bot | TRADE pair=ROBO-USDT time=2026-08-19T07:28:29.239000+00:00 price=0.01304000 size=113.50000000
2026-08-19 07:29:18,811 | INFO | crypto_bot | TRADE pair=ROBO-USDT time=2026-08-19T07:29:18.759000+00:00 price=0.01301000 size=1282.50000000
2026-08-19 07:29:18,811 | INFO | crypto_bot | 1m CLOSED ts=2026-08-19T07:28:00+00:00 o=0.01303000 h=0.01304000 l=0.01303000 c=0.01304000 v=20623.10000000
2026-08-19 07:29:18,811 | INFO | crypto_bot | ENTRY signal=HOLD reason=trend_filter_not_passed meta={'regime': 'unknown'}
2026-08-19 07:29:18,811 | INFO | crypto_bot.telegram | Telegram duplicate suppressed
2026-08-19 07:29:18,812 | INFO | crypto_bot | TRADE pair=ROBO-USDT time=2026-08-19T07:29:18.759000+00:00 price=0.01301000 size=1282.50000000
2026-08-19 07:29:18,812 | INFO | crypto_bot | 1m CLOSED ts=2026-08-19T07:28:00+00:00 o=0.01303000 h=0.01304000 l=0.01303000 c=0.01304000 v=20623.10000000
2026-08-19 07:29:18,812 | INFO | crypto_bot | EXIT signal=HOLD reason=hold_position meta={'pnl_pct': 0.003076923076923085}
2026-08-19 07:30:12,129 | INFO | crypto_bot | TRADE pair=ROBO-USDT time=2026-08-19T07:30:12.077000+00:00 price=0.01300000 size=12269.40000000
2026-08-19 07:30:12,129 | INFO | crypto_bot | 1m CLOSED ts=2026-08-19T07:29:00+00:00 o=0.01301000 h=0.01301000 l=0.01301000 c=0.01301000 v=1282.50000000
2026-08-19 07:30:12,129 | INFO | crypto_bot | ENTRY signal=HOLD reason=trend_filter_not_passed meta={'regime': 'unknown'}
2026-08-19 07:30:12,130 | INFO | crypto_bot | TRADE pair=ROBO-USDT time=2026-08-19T07:30:12.077000+00:00 price=0.01300000 size=12269.40000000
2026-08-19 07:30:12,130 | INFO | crypto_bot | 1m CLOSED ts=2026-08-19T07:29:00+00:00 o=0.01301000 h=0.01301000 l=0.01301000 c=0.01301000 v=1282.50000000
2026-08-19 07:30:12,130 | INFO | crypto_bot | EXIT signal=HOLD reason=hold_position meta={'pnl_pct': 0.0007692307692308714}
2026-08-19 07:30:12,131 | INFO | crypto_bot | 5m CLOSED ts=2026-08-19T07:25:00+00:00 o=0.01296000 h=0.01304000 l=0.01296000 c=0.01301000 v=84692.20000000
2026-08-19 07:30:12,133 | INFO | crypto_bot | TRADE pair=ROBO-USDT time=2026-08-19T07:30:12.080000+00:00 price=0.01298000 size=38431.90000000
2026-08-19 07:30:12,701 | INFO | crypto_bot | 5m CLOSED ts=2026-08-19T07:25:00+00:00 o=0.01296000 h=0.01304000 l=0.01296000 c=0.01301000 v=84692.20000000
2026-08-19 07:30:12,701 | INFO | crypto_bot | TRADE pair=ROBO-USDT time=2026-08-19T07:30:12.080000+00:00 price=0.01298000 size=38431.90000000
2026-08-19 07:30:54,618 | INFO | crypto_bot | TRADE pair=ROBO-USDT time=2026-08-19T07:30:54.566000+00:00 price=0.01297000 size=113.60000000
2026-08-19 07:30:54,619 | INFO | crypto_bot | TRADE pair=ROBO-USDT time=2026-08-19T07:30:54.566000+00:00 price=0.01297000 size=113.60000000
2026-08-19 07:30:58,610 | INFO | crypto_bot | TRADE pair=ROBO-USDT time=2026-08-19T07:30:58.558000+00:00 price=0.01296000 size=2260.20000000
2026-08-19 07:30:58,611 | INFO | crypto_bot | TRADE pair=ROBO-USDT time=2026-08-19T07:30:58.559000+00:00 price=0.01296000 size=11879.70000000
2026-08-19 07:30:58,611 | INFO | crypto_bot | TRADE pair=ROBO-USDT time=2026-08-19T07:30:58.558000+00:00 price=0.01296000 size=2260.20000000
2026-08-19 07:30:58,612 | INFO | crypto_bot | TRADE pair=ROBO-USDT time=2026-08-19T07:30:58.559000+00:00 price=0.01296000 size=11879.70000000
